  0
SECTION
  2
HEADER
  9
$ACADVER
  1
AC1021
  9
$ACADMAINTVER
 70
    25
  9
$DWGCODEPAGE
  3
ANSI_1252
  9
$LASTSAVEDBY
  1
HP-Laptop-2026
  9
$INSBASE
 10
0.0
 20
0.0
 30
0.0
  9
$EXTMIN
 10
0.0
 20
0.0
 30
0.0
  9
$EXTMAX
 10
594.0
 20
420.0
 30
0.0
  9
$LIMMIN
 10
0.0
 20
0.0
  9
$LIMMAX
 10
594.0
 20
420.0
  9
$ORTHOMODE
 70
     0
  9
$REGENMODE
 70
     1
  9
$FILLMODE
 70
     1
  9
$QTEXTMODE
 70
     0
  9
$MIRRTEXT
 70
     1
  9
$LTSCALE
 40
1.0
  9
$ATTMODE
 70
     1
  9
$TEXTSIZE
 40
3.6576
  9
$TRACEWID
 40
1.0
  9
$TEXTSTYLE
  7
Standard
  9
$CLAYER
  8
0
  9
$CELTYPE
  6
ByLayer
  9
$CECOLOR
 62
   256
  9
$CELTSCALE
 40
1.0
  9
$DISPSILH
 70
     0
  9
$DIMSCALE
 40
1.0
  9
$DIMASZ
 40
2.5
  9
$DIMEXO
 40
0.625
  9
$DIMDLI
 40
3.75
  9
$DIMRND
 40
0.0
  9
$DIMDLE
 40
0.0
  9
$DIMEXE
 40
1.25
  9
$DIMTP
 40
0.0
  9
$DIMTM
 40
0.0
  9
$DIMTXT
 40
2.5
  9
$DIMCEN
 40
2.5
  9
$DIMTSZ
 40
0.0
  9
$DIMTOL
 70
     0
  9
$DIMLIM
 70
     0
  9
$DIMTIH
 70
     0
  9
$DIMTOH
 70
     0
  9
$DIMSE1
 70
     0
  9
$DIMSE2
 70
     0
  9
$DIMTAD
 70
     1
  9
$DIMZIN
 70
     8
  9
$DIMBLK
  1

  9
$DIMASO
 70
     1
  9
$DIMSHO
 70
     1
  9
$DIMPOST
  1

  9
$DIMAPOST
  1

  9
$DIMALT
 70
     0
  9
$DIMALTD
 70
     3
  9
$DIMALTF
 40
0.0393700787
  9
$DIMLFAC
 40
1.0
  9
$DIMTOFL
 70
     1
  9
$DIMTVP
 40
0.0
  9
$DIMTIX
 70
     0
  9
$DIMSOXD
 70
     0
  9
$DIMSAH
 70
     0
  9
$DIMBLK1
  1

  9
$DIMBLK2
  1

  9
$DIMSTYLE
  2
ISO-25
  9
$DIMCLRD
 70
     0
  9
$DIMCLRE
 70
     0
  9
$DIMCLRT
 70
     0
  9
$DIMTFAC
 40
1.0
  9
$DIMGAP
 40
0.625
  9
$DIMJUST
 70
     0
  9
$DIMSD1
 70
     0
  9
$DIMSD2
 70
     0
  9
$DIMTOLJ
 70
     0
  9
$DIMTZIN
 70
     8
  9
$DIMALTZ
 70
     0
  9
$DIMALTTZ
 70
     0
  9
$DIMUPT
 70
     0
  9
$DIMDEC
 70
     2
  9
$DIMTDEC
 70
     2
  9
$DIMALTU
 70
     2
  9
$DIMALTTD
 70
     3
  9
$DIMTXSTY
  7
Standard
  9
$DIMAUNIT
 70
     0
  9
$DIMADEC
 70
     0
  9
$DIMALTRND
 40
0.0
  9
$DIMAZIN
 70
     0
  9
$DIMDSEP
 70
    44
  9
$DIMATFIT
 70
     3
  9
$DIMFRAC
 70
     0
  9
$DIMLDRBLK
  1

  9
$DIMLUNIT
 70
     2
  9
$DIMLWD
 70
    -2
  9
$DIMLWE
 70
    -2
  9
$DIMTMOVE
 70
     0
  9
$DIMFXL
 40
1.0
  9
$DIMFXLON
 70
     0
  9
$DIMJOGANG
 40
0.7853981634
  9
$DIMTFILL
 70
     0
  9
$DIMTFILLCLR
 70
     0
  9
$DIMARCSYM
 70
     0
  9
$DIMLTYPE
  6

  9
$DIMLTEX1
  6

  9
$DIMLTEX2
  6

  9
$LUNITS
 70
     2
  9
$LUPREC
 70
     4
  9
$SKETCHINC
 40
1.0
  9
$FILLETRAD
 40
0.0
  9
$AUNITS
 70
     0
  9
$AUPREC
 70
     0
  9
$MENU
  1
.
  9
$ELEVATION
 40
0.0
  9
$PELEVATION
 40
0.0
  9
$THICKNESS
 40
0.0
  9
$LIMCHECK
 70
     0
  9
$CHAMFERA
 40
0.0
  9
$CHAMFERB
 40
0.0
  9
$CHAMFERC
 40
0.0
  9
$CHAMFERD
 40
0.0
  9
$SKPOLY
 70
     0
  9
$TDCREATE
 40
2461097.516404954
  9
$TDUCREATE
 40
2461097.808071621
  9
$TDUPDATE
 40
2461097.516406192
  9
$TDUUPDATE
 40
2461097.808072859
  9
$TDINDWG
 40
0.0000000116
  9
$TDUSRTIMER
 40
0.0000000116
  9
$USRTIMER
 70
     1
  9
$ANGBASE
 50
0.0
  9
$ANGDIR
 70
     0
  9
$PDMODE
 70
     0
  9
$PDSIZE
 40
0.0
  9
$PLINEWID
 40
0.0
  9
$SPLFRAME
 70
     0
  9
$SPLINETYPE
 70
     6
  9
$SPLINESEGS
 70
     8
  9
$HANDSEED
  5
44C
  9
$SURFTAB1
 70
     6
  9
$SURFTAB2
 70
     6
  9
$SURFTYPE
 70
     6
  9
$SURFU
 70
     6
  9
$SURFV
 70
     6
  9
$UCSBASE
  2

  9
$UCSNAME
  2

  9
$UCSORG
 10
0.0
 20
0.0
 30
0.0
  9
$UCSXDIR
 10
1.0
 20
0.0
 30
0.0
  9
$UCSYDIR
 10
0.0
 20
1.0
 30
0.0
  9
$UCSORTHOREF
  2

  9
$UCSORTHOVIEW
 70
     0
  9
$UCSORGTOP
 10
0.0
 20
0.0
 30
0.0
  9
$UCSORGBOTTOM
 10
0.0
 20
0.0
 30
0.0
  9
$UCSORGLEFT
 10
0.0
 20
0.0
 30
0.0
  9
$UCSORGRIGHT
 10
0.0
 20
0.0
 30
0.0
  9
$UCSORGFRONT
 10
0.0
 20
0.0
 30
0.0
  9
$UCSORGBACK
 10
0.0
 20
0.0
 30
0.0
  9
$PUCSBASE
  2

  9
$PUCSNAME
  2

  9
$PUCSORG
 10
0.0
 20
0.0
 30
0.0
  9
$PUCSXDIR
 10
1.0
 20
0.0
 30
0.0
  9
$PUCSYDIR
 10
0.0
 20
1.0
 30
0.0
  9
$PUCSORTHOREF
  2

  9
$PUCSORTHOVIEW
 70
     0
  9
$PUCSORGTOP
 10
0.0
 20
0.0
 30
0.0
  9
$PUCSORGBOTTOM
 10
0.0
 20
0.0
 30
0.0
  9
$PUCSORGLEFT
 10
0.0
 20
0.0
 30
0.0
  9
$PUCSORGRIGHT
 10
0.0
 20
0.0
 30
0.0
  9
$PUCSORGFRONT
 10
0.0
 20
0.0
 30
0.0
  9
$PUCSORGBACK
 10
0.0
 20
0.0
 30
0.0
  9
$USERI1
 70
     0
  9
$USERI2
 70
     0
  9
$USERI3
 70
     0
  9
$USERI4
 70
     0
  9
$USERI5
 70
     0
  9
$USERR1
 40
0.0
  9
$USERR2
 40
0.0
  9
$USERR3
 40
0.0
  9
$USERR4
 40
0.0
  9
$USERR5
 40
0.0
  9
$WORLDVIEW
 70
     1
  9
$SHADEDGE
 70
     3
  9
$SHADEDIF
 70
    70
  9
$TILEMODE
 70
     1
  9
$MAXACTVP
 70
    64
  9
$PINSBASE
 10
0.0
 20
0.0
 30
0.0
  9
$PLIMCHECK
 70
     0
  9
$PEXTMIN
 10
0.0
 20
0.0
 30
0.0
  9
$PEXTMAX
 10
594.0
 20
420.0
 30
0.0
  9
$PLIMMIN
 10
0.0
 20
0.0
  9
$PLIMMAX
 10
594.0
 20
420.0
  9
$UNITMODE
 70
     0
  9
$VISRETAIN
 70
     1
  9
$PLINEGEN
 70
     0
  9
$PSLTSCALE
 70
     1
  9
$TREEDEPTH
 70
  3020
  9
$CMLSTYLE
  2
Standard
  9
$CMLJUST
 70
     0
  9
$CMLSCALE
 40
20.0
  9
$PROXYGRAPHICS
 70
     1
  9
$MEASUREMENT
 70
     1
  9
$CELWEIGHT
370
    -1
  9
$ENDCAPS
280
     0
  9
$JOINSTYLE
280
     0
  9
$LWDISPLAY
290
     0
  9
$INSUNITS
 70
     4
  9
$HYPERLINKBASE
  1

  9
$STYLESHEET
  1

  9
$XEDIT
290
     1
  9
$CEPSNTYPE
380
     0
  9
$PSTYLEMODE
290
     1
  9
$FINGERPRINTGUID
  2
{c63c97c7-debf-47c0-b248-39233fce8821}
  9
$VERSIONGUID
  2
{FAEB1C32-E019-11D5-929B-00C0DF256EC4}
  9
$EXTNAMES
290
     1
  9
$PSVPSCALE
 40
0.0
  9
$OLESTARTUP
290
     0
  9
$SORTENTS
280
   127
  9
$INDEXCTL
280
     0
  9
$HIDETEXT
280
     1
  9
$XCLIPFRAME
290
     0
  9
$HALOGAP
280
     0
  9
$OBSCOLOR
 70
   257
  9
$OBSLTYPE
280
     0
  9
$INTERSECTIONDISPLAY
280
     0
  9
$INTERSECTIONCOLOR
 70
   257
  9
$DIMASSOC
280
     2
  9
$PROJECTNAME
  1

  9
$CAMERADISPLAY
290
     0
  9
$LENSLENGTH
 40
50.0
  9
$CAMERAHEIGHT
 40
0.0
  9
$STEPSPERSEC
 40
2.0
  9
$STEPSIZE
 40
6.0
  9
$3DDWFPREC
 40
2.0
  9
$PSOLWIDTH
 40
5.0
  9
$PSOLHEIGHT
 40
80.0
  9
$LOFTANG1
 40
1.5707963268
  9
$LOFTANG2
 40
1.5707963268
  9
$LOFTMAG1
 40
0.0
  9
$LOFTMAG2
 40
0.0
  9
$LOFTPARAM
 70
     7
  9
$LOFTNORMALS
280
     1
  9
$LATITUDE
 40
37.795
  9
$LONGITUDE
 40
-122.394
  9
$NORTHDIRECTION
 40
0.0
  9
$TIMEZONE
 70
 -8000
  9
$LIGHTGLYPHDISPLAY
280
     1
  9
$TILEMODELIGHTSYNCH
280
     1
  9
$CMATERIAL
347
44
  9
$SOLIDHIST
280
     0
  9
$SHOWHIST
280
     1
  9
$DWFFRAME
280
     2
  9
$DGNFRAME
280
     2
  9
$REALWORLDSCALE
290
     1
  9
$INTERFERECOLOR
 62
   256
  9
$CSHADOW
280
     0
  9
$SHADOWPLANELOCATION
 40
0.0
  0
ENDSEC
  0
SECTION
  2
CLASSES
  0
CLASS
  1
ACDBDICTIONARYWDFLT
  2
AcDbDictionaryWithDefault
  3
ObjectDBX Classes
 90
        0
 91
        3
280
     0
281
     0
  0
CLASS
  1
VISUALSTYLE
  2
AcDbVisualStyle
  3
ObjectDBX Classes
 90
     4095
 91
        3
280
     0
281
     0
  0
CLASS
  1
MATERIAL
  2
AcDbMaterial
  3
ObjectDBX Classes
 90
     1153
 91
        3
280
     0
281
     0
  0
CLASS
  1
SCALE
  2
AcDbScale
  3
ObjectDBX Classes
 90
     1153
 91
        3
280
     0
281
     0
  0
CLASS
  1
TABLESTYLE
  2
AcDbTableStyle
  3
ObjectDBX Classes
 90
     4095
 91
        3
280
     0
281
     0
  0
CLASS
  1
MLEADERSTYLE
  2
AcDbMLeaderStyle
  3
ACDB_MLEADERSTYLE_CLASS
 90
     4095
 91
        3
280
     0
281
     0
  0
CLASS
  1
SUN
  2
AcDbSun
  3
SCENEOE
 90
     1153
 91
        3
280
     0
281
     0
  0
CLASS
  1
DICTIONARYVAR
  2
AcDbDictionaryVar
  3
ObjectDBX Classes
 90
        0
 91
        3
280
     0
281
     0
  0
CLASS
  1
CELLSTYLEMAP
  2
AcDbCellStyleMap
  3
ObjectDBX Classes
 90
     1152
 91
        3
280
     0
281
     0
  0
ENDSEC
  0
SECTION
  2
TABLES
  0
TABLE
  2
VPORT
  5
8
330
0
100
AcDbSymbolTable
 70
     1
  0
VPORT
  5
29
330
8
100
AcDbSymbolTableRecord
100
AcDbViewportTableRecord
  2
*Active
 70
     0
 10
0.0
 20
0.0
 11
1.0
 21
1.0
 12
344.1869158879
 22
148.5
 13
0.0
 23
0.0
 14
10.0
 24
10.0
 15
10.0
 25
10.0
 16
0.0
 26
0.0
 36
1.0
 17
0.0
 27
0.0
 37
0.0
 40
297.0
 41
1.9729729729
 42
50.0
 43
0.0
 44
0.0
 50
0.0
 51
0.0
 71
     0
 72
   100
 73
     1
 74
     3
 75
     0
 76
     0
 77
     0
 78
     0
281
     0
 65
     1
110
0.0
120
0.0
130
0.0
111
1.0
121
0.0
131
0.0
112
0.0
122
1.0
132
0.0
 79
     0
146
0.0
348
2F
 60
     3
 61
     5
292
     1
282
     1
141
0.0
142
0.0
 63
   250
361
5D
  0
ENDTAB
  0
TABLE
  2
LTYPE
  5
5
330
0
100
AcDbSymbolTable
 70
     1
  0
LTYPE
  5
14
330
5
100
AcDbSymbolTableRecord
100
AcDbLinetypeTableRecord
  2
ByBlock
 70
     0
  3

 72
    65
 73
     0
 40
0.0
  0
LTYPE
  5
15
330
5
100
AcDbSymbolTableRecord
100
AcDbLinetypeTableRecord
  2
ByLayer
 70
     0
  3

 72
    65
 73
     0
 40
0.0
  0
LTYPE
  5
16
330
5
100
AcDbSymbolTableRecord
100
AcDbLinetypeTableRecord
  2
Continuous
 70
     0
  3
Solid line
 72
    65
 73
     0
 40
0.0
  0
ENDTAB
  0
TABLE
  2
LAYER
  5
2
330
0
100
AcDbSymbolTable
 70
     7
  0
LAYER
  5
10
330
2
100
AcDbSymbolTableRecord
100
AcDbLayerTableRecord
  2
0
 70
     0
 62
     7
  6
Continuous
370
    -3
390
F
347
46
  0
LAYER
  5
5E
330
2
100
AcDbSymbolTableRecord
100
AcDbLayerTableRecord
  2
VISIBLE
 70
     0
 62
     7
  6
Continuous
370
    -3
390
F
347
46
  0
LAYER
  5
F5
330
2
100
AcDbSymbolTableRecord
100
AcDbLayerTableRecord
  2
MODELSKETCH_VISIBLE
 70
     0
 62
     7
  6
Continuous
370
    -3
390
F
347
46
  0
LAYER
  5
349
330
2
100
AcDbSymbolTableRecord
100
AcDbLayerTableRecord
  2
BORDER_FRAME
 70
     0
 62
     7
  6
Continuous
370
    -3
390
F
347
46
  0
LAYER
  5
34E
330
2
100
AcDbSymbolTableRecord
100
AcDbLayerTableRecord
  2
BORDER_ZONES
 70
     0
 62
     7
  6
Continuous
370
    -3
390
F
347
46
  0
LAYER
  5
3BB
330
2
100
AcDbSymbolTableRecord
100
AcDbLayerTableRecord
  2
TITLE_BLOCK
 70
     0
 62
     7
  6
Continuous
370
    -3
390
F
347
46
  0
LAYER
  5
40B
330
2
100
AcDbSymbolTableRecord
100
AcDbLayerTableRecord
  2
Default
 70
     0
 62
     7
  6
Continuous
370
    -3
390
F
347
46
  0
ENDTAB
  0
TABLE
  2
STYLE
  5
3
330
0
100
AcDbSymbolTable
 70
     1
  0
STYLE
  5
11
330
3
100
AcDbSymbolTableRecord
100
AcDbTextStyleTableRecord
  2
Standard
 70
     0
 40
0.0
 41
1.0
 50
0.0
 71
     0
 42
3.6576
  3
txt
  4

  0
ENDTAB
  0
TABLE
  2
VIEW
  5
6
330
0
100
AcDbSymbolTable
 70
     0
  0
ENDTAB
  0
TABLE
  2
UCS
  5
7
330
0
100
AcDbSymbolTable
 70
     0
  0
ENDTAB
  0
TABLE
  2
APPID
  5
9
330
0
100
AcDbSymbolTable
 70
     2
  0
APPID
  5
12
330
9
100
AcDbSymbolTableRecord
100
AcDbRegAppTableRecord
  2
ACAD
 70
     0
  0
APPID
  5
442
330
9
100
AcDbSymbolTableRecord
100
AcDbRegAppTableRecord
  2
ACAD_MLEADERVER
 70
     0
  0
ENDTAB
  0
TABLE
  2
DIMSTYLE
  5
A
330
0
100
AcDbSymbolTable
 70
     1
100
AcDbDimStyleTable
  0
DIMSTYLE
105
27
330
A
100
AcDbSymbolTableRecord
100
AcDbDimStyleTableRecord
  2
ISO-25
 70
     0
 41
2.5
 42
0.625
 43
3.75
 44
1.25
 73
     0
 74
     0
 77
     1
 78
     8
140
2.5
141
2.5
143
0.0393700787
147
0.625
171
     3
172
     1
178
     0
271
     2
272
     2
274
     3
278
    44
283
     0
284
     8
340
11
  0
ENDTAB
  0
TABLE
  2
BLOCK_RECORD
  5
1
330
0
100
AcDbSymbolTable
 70
     0
  0
BLOCK_RECORD
  5
1F
330
1
100
AcDbSymbolTableRecord
100
AcDbBlockTableRecord
  2
*Model_Space
340
22
 70
     0
280
     1
281
     0
  0
BLOCK_RECORD
  5
1B
330
1
100
AcDbSymbolTableRecord
100
AcDbBlockTableRecord
  2
*Paper_Space
340
1E
 70
     0
280
     1
281
     0
  0
ENDTAB
  0
ENDSEC
  0
SECTION
  2
BLOCKS
  0
BLOCK
  5
20
330
1F
100
AcDbEntity
  8
0
100
AcDbBlockBegin
  2
*Model_Space
 70
     0
 10
0.0
 20
0.0
 30
0.0
  3
*Model_Space
  1

  0
ENDBLK
  5
21
330
1F
100
AcDbEntity
  8
0
100
AcDbBlockEnd
  0
BLOCK
  5
1C
330
1B
100
AcDbEntity
 67
     1
  8
0
100
AcDbBlockBegin
  2
*Paper_Space
 70
     0
 10
0.0
 20
0.0
 30
0.0
  3
*Paper_Space
  1

  0
ENDBLK
  5
1D
330
1B
100
AcDbEntity
 67
     1
  8
0
100
AcDbBlockEnd
  0
ENDSEC
  0
SECTION
  2
ENTITIES
  0
ARC
  5
5F
330
1F
100
AcDbEntity
  8
VISIBLE
  6
Continuous
 62
     7
100
AcDbCircle
 10
710.6973117415
 20
642.4214921009
 30
0.0
 40
0.4999999999999761
100
AcDbArc
 50
180.0
 51
270.0
  0
LINE
  5
60
330
1F
100
AcDbEntity
  8
VISIBLE
  6
Continuous
 62
     7
100
AcDbLine
 10
710.1973117415
 20
644.7214921009
 30
0.0
 11
710.1973117415
 21
642.4214921009
 31
0.0
  0
ARC
  5
61
330
1F
100
AcDbEntity
  8
VISIBLE
  6
Continuous
 62
     7
100
AcDbCircle
 10
709.6973117415
 20
644.7214921009
 30
0.0
 40
0.5
100
AcDbArc
 50
0.0
 51
90.0
  0
LINE
  5
62
330
1F
100
AcDbEntity
  8
VISIBLE
  6
Continuous
 62
     7
100
AcDbLine
 10
703.6973117415
 20
645.2214921009
 30
0.0
 11
709.6973117415
 21
645.2214921009
 31
0.0
  0
ARC
  5
63
330
1F
100
AcDbEntity
  8
VISIBLE
  6
Continuous
 62
     7
100
AcDbCircle
 10
703.6973117415
 20
644.7214921009
 30
0.0
 40
0.5
100
AcDbArc
 50
90.0
 51
270.0
  0
LINE
  5
64
330
1F
100
AcDbEntity
  8
VISIBLE
  6
Continuous
 62
     7
100
AcDbLine
 10
706.4973117415
 20
644.2214921009
 30
0.0
 11
703.6973117415
 21
644.2214921009
 31
0.0
  0
ARC
  5
65
330
1F
100
AcDbEntity
  8
VISIBLE
  6
Continuous
 62
     7
100
AcDbCircle
 10
706.4973117415
 20
643.7214921009
 30
0.0
 40
0.5
100
AcDbArc
 50
0.0
 51
90.0
  0
LINE
  5
66
330
1F
100
AcDbEntity
  8
VISIBLE
  6
Continuous
 62
     7
100
AcDbLine
 10
706.9973117415
 20
637.4214921009
 30
0.0
 11
706.9973117415
 21
643.7214921009
 31
0.0
  0
ARC
  5
67
330
1F
100
AcDbEntity
  8
VISIBLE
  6
Continuous
 62
     7
100
AcDbCircle
 10
707.4973117415
 20
637.4214921009
 30
0.0
 40
0.5
100
AcDbArc
 50
180.0
 51
270.0
  0
LINE
  5
68
330
1F
100
AcDbEntity
  8
VISIBLE
  6
Continuous
 62
     7
100
AcDbLine
 10
718.8973117415
 20
636.9214921009
 30
0.0
 11
707.4973117415
 21
636.9214921009
 31
0.0
  0
ARC
  5
69
330
1F
100
AcDbEntity
  8
VISIBLE
  6
Continuous
 62
     7
100
AcDbCircle
 10
718.8973117415
 20
637.4214921009
 30
0.0
 40
0.5
100
AcDbArc
 50
270.0
 51
0.0
  0
LINE
  5
6A
330
1F
100
AcDbEntity
  8
VISIBLE
  6
Continuous
 62
     7
100
AcDbLine
 10
719.3973117415
 20
637.4214921009
 30
0.0
 11
719.3973117415
 21
643.7214921009
 31
0.0
  0
ARC
  5
6B
330
1F
100
AcDbEntity
  8
VISIBLE
  6
Continuous
 62
     7
100
AcDbCircle
 10
719.8973117415
 20
643.7214921009
 30
0.0
 40
0.5
100
AcDbArc
 50
90.0
 51
180.0
  0
LINE
  5
6C
330
1F
100
AcDbEntity
  8
VISIBLE
  6
Continuous
 62
     7
100
AcDbLine
 10
719.8973117415
 20
644.2214921009
 30
0.0
 11
722.6973117415
 21
644.2214921009
 31
0.0
  0
ARC
  5
6D
330
1F
100
AcDbEntity
  8
VISIBLE
  6
Continuous
 62
     7
100
AcDbCircle
 10
722.6973117415
 20
644.7214921009
 30
0.0
 40
0.5
100
AcDbArc
 50
270.0
 51
90.0
  0
LINE
  5
6E
330
1F
100
AcDbEntity
  8
VISIBLE
  6
Continuous
 62
     7
100
AcDbLine
 10
722.6973117415
 20
645.2214921009
 30
0.0
 11
716.6973117415
 21
645.2214921009
 31
0.0
  0
ARC
  5
6F
330
1F
100
AcDbEntity
  8
VISIBLE
  6
Continuous
 62
     7
100
AcDbCircle
 10
716.6973117415
 20
644.7214921009
 30
0.0
 40
0.5
100
AcDbArc
 50
90.0
 51
180.0
  0
LINE
  5
70
330
1F
100
AcDbEntity
  8
VISIBLE
  6
Continuous
 62
     7
100
AcDbLine
 10
716.1973117415
 20
644.7214921009
 30
0.0
 11
716.1973117415
 21
642.4214921009
 31
0.0
  0
ARC
  5
71
330
1F
100
AcDbEntity
  8
VISIBLE
  6
Continuous
 62
     7
100
AcDbCircle
 10
715.6973117415
 20
642.4214921009
 30
0.0
 40
0.4999999999999449
100
AcDbArc
 50
270.0
 51
0.0
  0
LINE
  5
72
330
1F
100
AcDbEntity
  8
VISIBLE
  6
Continuous
 62
     7
100
AcDbLine
 10
710.6973117415
 20
641.9214921009
 30
0.0
 11
715.6973117415
 21
641.9214921009
 31
0.0
  0
LINE
  5
73
330
1F
100
AcDbEntity
  8
VISIBLE
  6
Continuous
 62
     7
100
AcDbLine
 10
754.4473117415
 20
401.1214921009
 30
0.0
 11
752.6973117415
 21
401.1214921009
 31
0.0
  0
ARC
  5
74
330
1F
100
AcDbEntity
  8
VISIBLE
  6
Continuous
 62
     7
100
AcDbCircle
 10
752.6973117415
 20
399.8214921009
 30
0.0
 40
1.3
100
AcDbArc
 50
90.0
 51
270.0
  0
LINE
  5
75
330
1F
100
AcDbEntity
  8
VISIBLE
  6
Continuous
 62
     7
100
AcDbLine
 10
754.4473117415
 20
398.5214921009
 30
0.0
 11
752.6973117415
 21
398.5214921009
 31
0.0
  0
LINE
  5
76
330
1F
100
AcDbEntity
  8
VISIBLE
  6
Continuous
 62
     7
100
AcDbLine
 10
754.4473117415
 20
398.5214921009
 30
0.0
 11
754.4473117415
 21
371.1214921009
 31
0.0
  0
LINE
  5
77
330
1F
100
AcDbEntity
  8
VISIBLE
  6
Continuous
 62
     7
100
AcDbLine
 10
754.4473117415
 20
371.1214921009
 30
0.0
 11
752.6973117415
 21
371.1214921009
 31
0.0
  0
ARC
  5
78
330
1F
100
AcDbEntity
  8
VISIBLE
  6
Continuous
 62
     7
100
AcDbCircle
 10
752.6973117415
 20
369.8214921009
 30
0.0
 40
1.3
100
AcDbArc
 50
90.0
 51
270.0
  0
LINE
  5
79
330
1F
100
AcDbEntity
  8
VISIBLE
  6
Continuous
 62
     7
100
AcDbLine
 10
754.4473117415
 20
368.5214921009
 30
0.0
 11
752.6973117415
 21
368.5214921009
 31
0.0
  0
LINE
  5
7A
330
1F
100
AcDbEntity
  8
VISIBLE
  6
Continuous
 62
     7
100
AcDbLine
 10
754.4473117415
 20
368.5214921009
 30
0.0
 11
754.4473117415
 21
341.1214921009
 31
0.0
  0
LINE
  5
7B
330
1F
100
AcDbEntity
  8
VISIBLE
  6
Continuous
 62
     7
100
AcDbLine
 10
754.4473117415
 20
341.1214921009
 30
0.0
 11
752.6973117415
 21
341.1214921009
 31
0.0
  0
ARC
  5
7C
330
1F
100
AcDbEntity
  8
VISIBLE
  6
Continuous
 62
     7
100
AcDbCircle
 10
752.6973117415
 20
339.8214921009
 30
0.0
 40
1.3
100
AcDbArc
 50
90.0
 51
270.0
  0
LINE
  5
7D
330
1F
100
AcDbEntity
  8
VISIBLE
  6
Continuous
 62
     7
100
AcDbLine
 10
754.4473117415
 20
338.5214921009
 30
0.0
 11
752.6973117415
 21
338.5214921009
 31
0.0
  0
LINE
  5
7E
330
1F
100
AcDbEntity
  8
VISIBLE
  6
Continuous
 62
     7
100
AcDbLine
 10
754.4473117415
 20
338.5214921009
 30
0.0
 11
754.4473117415
 21
321.0714921009
 31
0.0
  0
ARC
  5
7F
330
1F
100
AcDbEntity
  8
VISIBLE
  6
Continuous
 62
     7
100
AcDbCircle
 10
753.4473117415
 20
321.0714921009
 30
0.0
 40
1.0
100
AcDbArc
 50
270.0
 51
0.0
  0
LINE
  5
80
330
1F
100
AcDbEntity
  8
VISIBLE
  6
Continuous
 62
     7
100
AcDbLine
 10
753.4473117415
 20
320.0714921009
 30
0.0
 11
672.9473117415
 21
320.0714921009
 31
0.0
  0
ARC
  5
81
330
1F
100
AcDbEntity
  8
VISIBLE
  6
Continuous
 62
     7
100
AcDbCircle
 10
672.9473117415
 20
321.0714921009
 30
0.0
 40
1.0
100
AcDbArc
 50
180.0
 51
270.0
  0
LINE
  5
82
330
1F
100
AcDbEntity
  8
VISIBLE
  6
Continuous
 62
     7
100
AcDbLine
 10
671.9473117415
 20
338.5214921009
 30
0.0
 11
671.9473117415
 21
321.0714921009
 31
0.0
  0
LINE
  5
83
330
1F
100
AcDbEntity
  8
VISIBLE
  6
Continuous
 62
     7
100
AcDbLine
 10
671.9473117415
 20
338.5214921009
 30
0.0
 11
673.6973117415
 21
338.5214921009
 31
0.0
  0
ARC
  5
84
330
1F
100
AcDbEntity
  8
VISIBLE
  6
Continuous
 62
     7
100
AcDbCircle
 10
673.6973117415
 20
339.8214921009
 30
0.0
 40
1.3
100
AcDbArc
 50
270.0
 51
90.0
  0
LINE
  5
85
330
1F
100
AcDbEntity
  8
VISIBLE
  6
Continuous
 62
     7
100
AcDbLine
 10
671.9473117415
 20
341.1214921009
 30
0.0
 11
673.6973117415
 21
341.1214921009
 31
0.0
  0
LINE
  5
86
330
1F
100
AcDbEntity
  8
VISIBLE
  6
Continuous
 62
     7
100
AcDbLine
 10
671.9473117415
 20
368.5214921009
 30
0.0
 11
671.9473117415
 21
341.1214921009
 31
0.0
  0
LINE
  5
87
330
1F
100
AcDbEntity
  8
VISIBLE
  6
Continuous
 62
     7
100
AcDbLine
 10
671.9473117415
 20
368.5214921009
 30
0.0
 11
673.6973117415
 21
368.5214921009
 31
0.0
  0
ARC
  5
88
330
1F
100
AcDbEntity
  8
VISIBLE
  6
Continuous
 62
     7
100
AcDbCircle
 10
673.6973117415
 20
369.8214921009
 30
0.0
 40
1.3
100
AcDbArc
 50
270.0
 51
90.0
  0
LINE
  5
89
330
1F
100
AcDbEntity
  8
VISIBLE
  6
Continuous
 62
     7
100
AcDbLine
 10
671.9473117415
 20
371.1214921009
 30
0.0
 11
673.6973117415
 21
371.1214921009
 31
0.0
  0
LINE
  5
8A
330
1F
100
AcDbEntity
  8
VISIBLE
  6
Continuous
 62
     7
100
AcDbLine
 10
671.9473117415
 20
398.5214921009
 30
0.0
 11
671.9473117415
 21
371.1214921009
 31
0.0
  0
LINE
  5
8B
330
1F
100
AcDbEntity
  8
VISIBLE
  6
Continuous
 62
     7
100
AcDbLine
 10
671.9473117415
 20
398.5214921009
 30
0.0
 11
673.6973117415
 21
398.5214921009
 31
0.0
  0
ARC
  5
8C
330
1F
100
AcDbEntity
  8
VISIBLE
  6
Continuous
 62
     7
100
AcDbCircle
 10
673.6973117415
 20
399.8214921009
 30
0.0
 40
1.3
100
AcDbArc
 50
270.0
 51
90.0
  0
LINE
  5
8D
330
1F
100
AcDbEntity
  8
VISIBLE
  6
Continuous
 62
     7
100
AcDbLine
 10
671.9473117415
 20
401.1214921009
 30
0.0
 11
673.6973117415
 21
401.1214921009
 31
0.0
  0
LINE
  5
8E
330
1F
100
AcDbEntity
  8
VISIBLE
  6
Continuous
 62
     7
100
AcDbLine
 10
671.9473117415
 20
452.2714921009
 30
0.0
 11
671.9473117415
 21
401.1214921009
 31
0.0
  0
LINE
  5
8F
330
1F
100
AcDbEntity
  8
VISIBLE
  6
Continuous
 62
     7
100
AcDbLine
 10
671.9473117415
 20
452.2714921009
 30
0.0
 11
673.6973117415
 21
452.2714921009
 31
0.0
  0
ARC
  5
90
330
1F
100
AcDbEntity
  8
VISIBLE
  6
Continuous
 62
     7
100
AcDbCircle
 10
673.6973117415
 20
453.5714921009
 30
0.0
 40
1.3
100
AcDbArc
 50
270.0
 51
90.0
  0
LINE
  5
91
330
1F
100
AcDbEntity
  8
VISIBLE
  6
Continuous
 62
     7
100
AcDbLine
 10
671.9473117415
 20
454.8714921009
 30
0.0
 11
673.6973117415
 21
454.8714921009
 31
0.0
  0
LINE
  5
92
330
1F
100
AcDbEntity
  8
VISIBLE
  6
Continuous
 62
     7
100
AcDbLine
 10
671.9473117415
 20
482.2714921009
 30
0.0
 11
671.9473117415
 21
454.8714921009
 31
0.0
  0
LINE
  5
93
330
1F
100
AcDbEntity
  8
VISIBLE
  6
Continuous
 62
     7
100
AcDbLine
 10
671.9473117415
 20
482.2714921009
 30
0.0
 11
673.6973117415
 21
482.2714921009
 31
0.0
  0
ARC
  5
94
330
1F
100
AcDbEntity
  8
VISIBLE
  6
Continuous
 62
     7
100
AcDbCircle
 10
673.6973117415
 20
483.5714921009
 30
0.0
 40
1.3
100
AcDbArc
 50
270.0
 51
90.0
  0
LINE
  5
95
330
1F
100
AcDbEntity
  8
VISIBLE
  6
Continuous
 62
     7
100
AcDbLine
 10
671.9473117415
 20
484.8714921009
 30
0.0
 11
673.6973117415
 21
484.8714921009
 31
0.0
  0
LINE
  5
96
330
1F
100
AcDbEntity
  8
VISIBLE
  6
Continuous
 62
     7
100
AcDbLine
 10
671.9473117415
 20
512.2714921009
 30
0.0
 11
671.9473117415
 21
484.8714921009
 31
0.0
  0
LINE
  5
97
330
1F
100
AcDbEntity
  8
VISIBLE
  6
Continuous
 62
     7
100
AcDbLine
 10
671.9473117415
 20
512.2714921009
 30
0.0
 11
673.6973117415
 21
512.2714921009
 31
0.0
  0
ARC
  5
98
330
1F
100
AcDbEntity
  8
VISIBLE
  6
Continuous
 62
     7
100
AcDbCircle
 10
673.6973117415
 20
513.5714921009
 30
0.0
 40
1.3
100
AcDbArc
 50
270.0
 51
90.0
  0
LINE
  5
99
330
1F
100
AcDbEntity
  8
VISIBLE
  6
Continuous
 62
     7
100
AcDbLine
 10
671.9473117415
 20
514.8714921009
 30
0.0
 11
673.6973117415
 21
514.8714921009
 31
0.0
  0
LINE
  5
9A
330
1F
100
AcDbEntity
  8
VISIBLE
  6
Continuous
 62
     7
100
AcDbLine
 10
671.9473117415
 20
566.0214921009
 30
0.0
 11
671.9473117415
 21
514.8714921009
 31
0.0
  0
LINE
  5
9B
330
1F
100
AcDbEntity
  8
VISIBLE
  6
Continuous
 62
     7
100
AcDbLine
 10
671.9473117415
 20
566.0214921009
 30
0.0
 11
673.6973117415
 21
566.0214921009
 31
0.0
  0
ARC
  5
9C
330
1F
100
AcDbEntity
  8
VISIBLE
  6
Continuous
 62
     7
100
AcDbCircle
 10
673.6973117415
 20
567.3214921009
 30
0.0
 40
1.3
100
AcDbArc
 50
270.0
 51
90.0
  0
LINE
  5
9D
330
1F
100
AcDbEntity
  8
VISIBLE
  6
Continuous
 62
     7
100
AcDbLine
 10
671.9473117415
 20
568.6214921009
 30
0.0
 11
673.6973117415
 21
568.6214921009
 31
0.0
  0
LINE
  5
9E
330
1F
100
AcDbEntity
  8
VISIBLE
  6
Continuous
 62
     7
100
AcDbLine
 10
671.9473117415
 20
596.0214921009
 30
0.0
 11
671.9473117415
 21
568.6214921009
 31
0.0
  0
LINE
  5
9F
330
1F
100
AcDbEntity
  8
VISIBLE
  6
Continuous
 62
     7
100
AcDbLine
 10
671.9473117415
 20
596.0214921009
 30
0.0
 11
673.6973117415
 21
596.0214921009
 31
0.0
  0
ARC
  5
A0
330
1F
100
AcDbEntity
  8
VISIBLE
  6
Continuous
 62
     7
100
AcDbCircle
 10
673.6973117415
 20
597.3214921009
 30
0.0
 40
1.3
100
AcDbArc
 50
270.0
 51
90.0
  0
LINE
  5
A1
330
1F
100
AcDbEntity
  8
VISIBLE
  6
Continuous
 62
     7
100
AcDbLine
 10
671.9473117415
 20
598.6214921009
 30
0.0
 11
673.6973117415
 21
598.6214921009
 31
0.0
  0
LINE
  5
A2
330
1F
100
AcDbEntity
  8
VISIBLE
  6
Continuous
 62
     7
100
AcDbLine
 10
671.9473117415
 20
626.0214921009
 30
0.0
 11
671.9473117415
 21
598.6214921009
 31
0.0
  0
LINE
  5
A3
330
1F
100
AcDbEntity
  8
VISIBLE
  6
Continuous
 62
     7
100
AcDbLine
 10
671.9473117415
 20
626.0214921009
 30
0.0
 11
673.6973117415
 21
626.0214921009
 31
0.0
  0
ARC
  5
A4
330
1F
100
AcDbEntity
  8
VISIBLE
  6
Continuous
 62
     7
100
AcDbCircle
 10
673.6973117415
 20
627.3214921009
 30
0.0
 40
1.3
100
AcDbArc
 50
270.0
 51
90.0
  0
LINE
  5
A5
330
1F
100
AcDbEntity
  8
VISIBLE
  6
Continuous
 62
     7
100
AcDbLine
 10
671.9473117415
 20
628.6214921009
 30
0.0
 11
673.6973117415
 21
628.6214921009
 31
0.0
  0
LINE
  5
A6
330
1F
100
AcDbEntity
  8
VISIBLE
  6
Continuous
 62
     7
100
AcDbLine
 10
671.9473117415
 20
646.0714921009
 30
0.0
 11
671.9473117415
 21
628.6214921009
 31
0.0
  0
ARC
  5
A7
330
1F
100
AcDbEntity
  8
VISIBLE
  6
Continuous
 62
     7
100
AcDbCircle
 10
672.9473117415
 20
646.0714921009
 30
0.0
 40
1.0
100
AcDbArc
 50
90.0
 51
180.0
  0
LINE
  5
A8
330
1F
100
AcDbEntity
  8
VISIBLE
  6
Continuous
 62
     7
100
AcDbLine
 10
753.4473117415
 20
647.0714921009
 30
0.0
 11
672.9473117415
 21
647.0714921009
 31
0.0
  0
ARC
  5
A9
330
1F
100
AcDbEntity
  8
VISIBLE
  6
Continuous
 62
     7
100
AcDbCircle
 10
753.4473117415
 20
646.0714921009
 30
0.0
 40
1.0
100
AcDbArc
 50
0.0
 51
90.0
  0
LINE
  5
AA
330
1F
100
AcDbEntity
  8
VISIBLE
  6
Continuous
 62
     7
100
AcDbLine
 10
754.4473117415
 20
646.0714921009
 30
0.0
 11
754.4473117415
 21
628.6214921009
 31
0.0
  0
LINE
  5
AB
330
1F
100
AcDbEntity
  8
VISIBLE
  6
Continuous
 62
     7
100
AcDbLine
 10
754.4473117415
 20
628.6214921009
 30
0.0
 11
752.6973117415
 21
628.6214921009
 31
0.0
  0
ARC
  5
AC
330
1F
100
AcDbEntity
  8
VISIBLE
  6
Continuous
 62
     7
100
AcDbCircle
 10
752.6973117415
 20
627.3214921009
 30
0.0
 40
1.3
100
AcDbArc
 50
90.0
 51
270.0
  0
LINE
  5
AD
330
1F
100
AcDbEntity
  8
VISIBLE
  6
Continuous
 62
     7
100
AcDbLine
 10
754.4473117415
 20
626.0214921009
 30
0.0
 11
752.6973117415
 21
626.0214921009
 31
0.0
  0
LINE
  5
AE
330
1F
100
AcDbEntity
  8
VISIBLE
  6
Continuous
 62
     7
100
AcDbLine
 10
754.4473117415
 20
626.0214921009
 30
0.0
 11
754.4473117415
 21
598.6214921009
 31
0.0
  0
LINE
  5
AF
330
1F
100
AcDbEntity
  8
VISIBLE
  6
Continuous
 62
     7
100
AcDbLine
 10
754.4473117415
 20
598.6214921009
 30
0.0
 11
752.6973117415
 21
598.6214921009
 31
0.0
  0
ARC
  5
B0
330
1F
100
AcDbEntity
  8
VISIBLE
  6
Continuous
 62
     7
100
AcDbCircle
 10
752.6973117415
 20
597.3214921009
 30
0.0
 40
1.3
100
AcDbArc
 50
90.0
 51
270.0
  0
LINE
  5
B1
330
1F
100
AcDbEntity
  8
VISIBLE
  6
Continuous
 62
     7
100
AcDbLine
 10
754.4473117415
 20
596.0214921009
 30
0.0
 11
752.6973117415
 21
596.0214921009
 31
0.0
  0
LINE
  5
B2
330
1F
100
AcDbEntity
  8
VISIBLE
  6
Continuous
 62
     7
100
AcDbLine
 10
754.4473117415
 20
596.0214921009
 30
0.0
 11
754.4473117415
 21
568.6214921009
 31
0.0
  0
LINE
  5
B3
330
1F
100
AcDbEntity
  8
VISIBLE
  6
Continuous
 62
     7
100
AcDbLine
 10
754.4473117415
 20
568.6214921009
 30
0.0
 11
752.6973117415
 21
568.6214921009
 31
0.0
  0
ARC
  5
B4
330
1F
100
AcDbEntity
  8
VISIBLE
  6
Continuous
 62
     7
100
AcDbCircle
 10
752.6973117415
 20
567.3214921009
 30
0.0
 40
1.3
100
AcDbArc
 50
90.0
 51
270.0
  0
LINE
  5
B5
330
1F
100
AcDbEntity
  8
VISIBLE
  6
Continuous
 62
     7
100
AcDbLine
 10
754.4473117415
 20
566.0214921009
 30
0.0
 11
752.6973117415
 21
566.0214921009
 31
0.0
  0
LINE
  5
B6
330
1F
100
AcDbEntity
  8
VISIBLE
  6
Continuous
 62
     7
100
AcDbLine
 10
754.4473117415
 20
566.0214921009
 30
0.0
 11
754.4473117415
 21
514.8714921009
 31
0.0
  0
LINE
  5
B7
330
1F
100
AcDbEntity
  8
VISIBLE
  6
Continuous
 62
     7
100
AcDbLine
 10
754.4473117415
 20
514.8714921009
 30
0.0
 11
752.6973117415
 21
514.8714921009
 31
0.0
  0
ARC
  5
B8
330
1F
100
AcDbEntity
  8
VISIBLE
  6
Continuous
 62
     7
100
AcDbCircle
 10
752.6973117415
 20
513.5714921009
 30
0.0
 40
1.3
100
AcDbArc
 50
90.0
 51
270.0
  0
LINE
  5
B9
330
1F
100
AcDbEntity
  8
VISIBLE
  6
Continuous
 62
     7
100
AcDbLine
 10
754.4473117415
 20
512.2714921009
 30
0.0
 11
752.6973117415
 21
512.2714921009
 31
0.0
  0
LINE
  5
BA
330
1F
100
AcDbEntity
  8
VISIBLE
  6
Continuous
 62
     7
100
AcDbLine
 10
754.4473117415
 20
512.2714921009
 30
0.0
 11
754.4473117415
 21
484.8714921009
 31
0.0
  0
LINE
  5
BB
330
1F
100
AcDbEntity
  8
VISIBLE
  6
Continuous
 62
     7
100
AcDbLine
 10
754.4473117415
 20
484.8714921009
 30
0.0
 11
752.6973117415
 21
484.8714921009
 31
0.0
  0
ARC
  5
BC
330
1F
100
AcDbEntity
  8
VISIBLE
  6
Continuous
 62
     7
100
AcDbCircle
 10
752.6973117415
 20
483.5714921009
 30
0.0
 40
1.3
100
AcDbArc
 50
90.0
 51
270.0
  0
LINE
  5
BD
330
1F
100
AcDbEntity
  8
VISIBLE
  6
Continuous
 62
     7
100
AcDbLine
 10
754.4473117415
 20
482.2714921009
 30
0.0
 11
752.6973117415
 21
482.2714921009
 31
0.0
  0
LINE
  5
BE
330
1F
100
AcDbEntity
  8
VISIBLE
  6
Continuous
 62
     7
100
AcDbLine
 10
754.4473117415
 20
482.2714921009
 30
0.0
 11
754.4473117415
 21
454.8714921009
 31
0.0
  0
LINE
  5
BF
330
1F
100
AcDbEntity
  8
VISIBLE
  6
Continuous
 62
     7
100
AcDbLine
 10
754.4473117415
 20
454.8714921009
 30
0.0
 11
752.6973117415
 21
454.8714921009
 31
0.0
  0
ARC
  5
C0
330
1F
100
AcDbEntity
  8
VISIBLE
  6
Continuous
 62
     7
100
AcDbCircle
 10
752.6973117415
 20
453.5714921009
 30
0.0
 40
1.3
100
AcDbArc
 50
90.0
 51
270.0
  0
LINE
  5
C1
330
1F
100
AcDbEntity
  8
VISIBLE
  6
Continuous
 62
     7
100
AcDbLine
 10
754.4473117415
 20
452.2714921009
 30
0.0
 11
752.6973117415
 21
452.2714921009
 31
0.0
  0
LINE
  5
C2
330
1F
100
AcDbEntity
  8
VISIBLE
  6
Continuous
 62
     7
100
AcDbLine
 10
754.4473117415
 20
452.2714921009
 30
0.0
 11
754.4473117415
 21
401.1214921009
 31
0.0
  0
ARC
  5
C3
330
1F
100
AcDbEntity
  8
VISIBLE
  6
Continuous
 62
     7
100
AcDbCircle
 10
719.1973117415
 20
442.9714921009
 30
0.0
 40
0.5
100
AcDbArc
 50
0.0
 51
90.0
  0
LINE
  5
C4
330
1F
100
AcDbEntity
  8
VISIBLE
  6
Continuous
 62
     7
100
AcDbLine
 10
719.1973117415
 20
443.4714921009
 30
0.0
 11
707.1973117415
 21
443.4714921009
 31
0.0
  0
ARC
  5
C5
330
1F
100
AcDbEntity
  8
VISIBLE
  6
Continuous
 62
     7
100
AcDbCircle
 10
707.1973117415
 20
442.9714921009
 30
0.0
 40
0.5
100
AcDbArc
 50
90.0
 51
180.0
  0
LINE
  5
C6
330
1F
100
AcDbEntity
  8
VISIBLE
  6
Continuous
 62
     7
100
AcDbLine
 10
706.6973117415
 20
437.9714921009
 30
0.0
 11
706.6973117415
 21
442.9714921009
 31
0.0
  0
ARC
  5
C7
330
1F
100
AcDbEntity
  8
VISIBLE
  6
Continuous
 62
     7
100
AcDbCircle
 10
707.1973117415
 20
437.9714921009
 30
0.0
 40
0.5
100
AcDbArc
 50
180.0
 51
270.0
  0
LINE
  5
C8
330
1F
100
AcDbEntity
  8
VISIBLE
  6
Continuous
 62
     7
100
AcDbLine
 10
719.1973117415
 20
437.4714921009
 30
0.0
 11
707.1973117415
 21
437.4714921009
 31
0.0
  0
ARC
  5
C9
330
1F
100
AcDbEntity
  8
VISIBLE
  6
Continuous
 62
     7
100
AcDbCircle
 10
719.1973117415
 20
437.9714921009
 30
0.0
 40
0.5
100
AcDbArc
 50
270.0
 51
0.0
  0
LINE
  5
CA
330
1F
100
AcDbEntity
  8
VISIBLE
  6
Continuous
 62
     7
100
AcDbLine
 10
719.6973117415
 20
437.9714921009
 30
0.0
 11
719.6973117415
 21
442.9714921009
 31
0.0
  0
CIRCLE
  5
CB
330
1F
100
AcDbEntity
  8
VISIBLE
  6
Continuous
 62
     7
100
AcDbCircle
 10
713.1973117415
 20
322.6214921009
 30
0.0
 40
1.5
  0
CIRCLE
  5
CC
330
1F
100
AcDbEntity
  8
VISIBLE
  6
Continuous
 62
     7
100
AcDbCircle
 10
713.1973117415
 20
644.5214921009
 30
0.0
 40
1.5
  0
CIRCLE
  5
CD
330
1F
100
AcDbEntity
  8
VISIBLE
  6
Continuous
 62
     7
100
AcDbCircle
 10
696.6973117415
 20
576.8214921009
 30
0.0
 40
1.200000000000045
  0
CIRCLE
  5
CE
330
1F
100
AcDbEntity
  8
VISIBLE
  6
Continuous
 62
     7
100
AcDbCircle
 10
729.6973117415
 20
576.8214921009
 30
0.0
 40
1.200000000000045
  0
CIRCLE
  5
CF
330
1F
100
AcDbEntity
  8
VISIBLE
  6
Continuous
 62
     7
100
AcDbCircle
 10
729.6973117415
 20
616.8214921009
 30
0.0
 40
1.200000000000045
  0
CIRCLE
  5
D0
330
1F
100
AcDbEntity
  8
VISIBLE
  6
Continuous
 62
     7
100
AcDbCircle
 10
696.6973117415
 20
616.8214921009
 30
0.0
 40
1.200000000000045
  0
CIRCLE
  5
D1
330
1F
100
AcDbEntity
  8
VISIBLE
  6
Continuous
 62
     7
100
AcDbCircle
 10
696.6973117415
 20
463.5714921009
 30
0.0
 40
1.200000000000045
  0
CIRCLE
  5
D2
330
1F
100
AcDbEntity
  8
VISIBLE
  6
Continuous
 62
     7
100
AcDbCircle
 10
729.6973117415
 20
463.5714921009
 30
0.0
 40
1.200000000000045
  0
CIRCLE
  5
D3
330
1F
100
AcDbEntity
  8
VISIBLE
  6
Continuous
 62
     7
100
AcDbCircle
 10
729.6973117415
 20
503.5714921009
 30
0.0
 40
1.200000000000045
  0
CIRCLE
  5
D4
330
1F
100
AcDbEntity
  8
VISIBLE
  6
Continuous
 62
     7
100
AcDbCircle
 10
696.6973117415
 20
503.5714921009
 30
0.0
 40
1.200000000000045
  0
CIRCLE
  5
D5
330
1F
100
AcDbEntity
  8
VISIBLE
  6
Continuous
 62
     7
100
AcDbCircle
 10
696.6973117415
 20
390.3214921009
 30
0.0
 40
1.200000000000045
  0
CIRCLE
  5
D6
330
1F
100
AcDbEntity
  8
VISIBLE
  6
Continuous
 62
     7
100
AcDbCircle
 10
729.6973117415
 20
390.3214921009
 30
0.0
 40
1.200000000000045
  0
CIRCLE
  5
D7
330
1F
100
AcDbEntity
  8
VISIBLE
  6
Continuous
 62
     7
100
AcDbCircle
 10
729.6973117415
 20
350.3214921009
 30
0.0
 40
1.200000000000045
  0
CIRCLE
  5
D8
330
1F
100
AcDbEntity
  8
VISIBLE
  6
Continuous
 62
     7
100
AcDbCircle
 10
696.6973117415
 20
350.3214921009
 30
0.0
 40
1.200000000000045
  0
ARC
  5
D9
330
1F
100
AcDbEntity
  8
VISIBLE
  6
Continuous
 62
     7
100
AcDbCircle
 10
707.1973117415
 20
529.1714921009
 30
0.0
 40
0.5
100
AcDbArc
 50
90.0
 51
180.0
  0
LINE
  5
DA
330
1F
100
AcDbEntity
  8
VISIBLE
  6
Continuous
 62
     7
100
AcDbLine
 10
706.6973117415
 20
529.1714921009
 30
0.0
 11
706.6973117415
 21
524.1714921009
 31
0.0
  0
ARC
  5
DB
330
1F
100
AcDbEntity
  8
VISIBLE
  6
Continuous
 62
     7
100
AcDbCircle
 10
707.1973117415
 20
524.1714921009
 30
0.0
 40
0.5
100
AcDbArc
 50
180.0
 51
270.0
  0
LINE
  5
DC
330
1F
100
AcDbEntity
  8
VISIBLE
  6
Continuous
 62
     7
100
AcDbLine
 10
719.6973117415
 20
529.1714921009
 30
0.0
 11
719.6973117415
 21
524.1714921009
 31
0.0
  0
LINE
  5
DD
330
1F
100
AcDbEntity
  8
VISIBLE
  6
Continuous
 62
     7
100
AcDbLine
 10
710.6973117415
 20
325.2214921009
 30
0.0
 11
715.6973117415
 21
325.2214921009
 31
0.0
  0
ARC
  5
DE
330
1F
100
AcDbEntity
  8
VISIBLE
  6
Continuous
 62
     7
100
AcDbCircle
 10
715.6973117415
 20
324.7214921009
 30
0.0
 40
0.4999999999999449
100
AcDbArc
 50
0.0
 51
90.0
  0
LINE
  5
DF
330
1F
100
AcDbEntity
  8
VISIBLE
  6
Continuous
 62
     7
100
AcDbLine
 10
716.1973117415
 20
322.4214921009
 30
0.0
 11
716.1973117415
 21
324.7214921009
 31
0.0
  0
ARC
  5
E0
330
1F
100
AcDbEntity
  8
VISIBLE
  6
Continuous
 62
     7
100
AcDbCircle
 10
716.6973117415
 20
322.4214921009
 30
0.0
 40
0.5
100
AcDbArc
 50
180.0
 51
270.0
  0
LINE
  5
E1
330
1F
100
AcDbEntity
  8
VISIBLE
  6
Continuous
 62
     7
100
AcDbLine
 10
722.6973117415
 20
321.9214921009
 30
0.0
 11
716.6973117415
 21
321.9214921009
 31
0.0
  0
ARC
  5
E2
330
1F
100
AcDbEntity
  8
VISIBLE
  6
Continuous
 62
     7
100
AcDbCircle
 10
722.6973117415
 20
322.4214921009
 30
0.0
 40
0.5
100
AcDbArc
 50
270.0
 51
90.0
  0
LINE
  5
E3
330
1F
100
AcDbEntity
  8
VISIBLE
  6
Continuous
 62
     7
100
AcDbLine
 10
719.8973117415
 20
322.9214921009
 30
0.0
 11
722.6973117415
 21
322.9214921009
 31
0.0
  0
ARC
  5
E4
330
1F
100
AcDbEntity
  8
VISIBLE
  6
Continuous
 62
     7
100
AcDbCircle
 10
719.8973117415
 20
323.4214921009
 30
0.0
 40
0.5
100
AcDbArc
 50
180.0
 51
270.0
  0
LINE
  5
E5
330
1F
100
AcDbEntity
  8
VISIBLE
  6
Continuous
 62
     7
100
AcDbLine
 10
719.3973117415
 20
329.7214921009
 30
0.0
 11
719.3973117415
 21
323.4214921009
 31
0.0
  0
LINE
  5
E6
330
1F
100
AcDbEntity
  8
VISIBLE
  6
Continuous
 62
     7
100
AcDbLine
 10
718.8973117415
 20
330.2214921009
 30
0.0
 11
707.4973117415
 21
330.2214921009
 31
0.0
  0
ARC
  5
E7
330
1F
100
AcDbEntity
  8
VISIBLE
  6
Continuous
 62
     7
100
AcDbCircle
 10
707.4973117415
 20
329.7214921009
 30
0.0
 40
0.5
100
AcDbArc
 50
90.0
 51
180.0
  0
LINE
  5
E8
330
1F
100
AcDbEntity
  8
VISIBLE
  6
Continuous
 62
     7
100
AcDbLine
 10
706.9973117415
 20
329.7214921009
 30
0.0
 11
706.9973117415
 21
323.4214921009
 31
0.0
  0
ARC
  5
E9
330
1F
100
AcDbEntity
  8
VISIBLE
  6
Continuous
 62
     7
100
AcDbCircle
 10
706.4973117415
 20
323.4214921009
 30
0.0
 40
0.5
100
AcDbArc
 50
270.0
 51
0.0
  0
LINE
  5
EA
330
1F
100
AcDbEntity
  8
VISIBLE
  6
Continuous
 62
     7
100
AcDbLine
 10
706.4973117415
 20
322.9214921009
 30
0.0
 11
703.6973117415
 21
322.9214921009
 31
0.0
  0
ARC
  5
EB
330
1F
100
AcDbEntity
  8
VISIBLE
  6
Continuous
 62
     7
100
AcDbCircle
 10
703.6973117415
 20
322.4214921009
 30
0.0
 40
0.5
100
AcDbArc
 50
90.0
 51
270.0
  0
LINE
  5
EC
330
1F
100
AcDbEntity
  8
VISIBLE
  6
Continuous
 62
     7
100
AcDbLine
 10
703.6973117415
 20
321.9214921009
 30
0.0
 11
709.6973117415
 21
321.9214921009
 31
0.0
  0
ARC
  5
ED
330
1F
100
AcDbEntity
  8
VISIBLE
  6
Continuous
 62
     7
100
AcDbCircle
 10
709.6973117415
 20
322.4214921009
 30
0.0
 40
0.5
100
AcDbArc
 50
270.0
 51
0.0
  0
LINE
  5
EE
330
1F
100
AcDbEntity
  8
VISIBLE
  6
Continuous
 62
     7
100
AcDbLine
 10
710.1973117415
 20
322.4214921009
 30
0.0
 11
710.1973117415
 21
324.7214921009
 31
0.0
  0
ARC
  5
EF
330
1F
100
AcDbEntity
  8
VISIBLE
  6
Continuous
 62
     7
100
AcDbCircle
 10
710.6973117415
 20
324.7214921009
 30
0.0
 40
0.4999999999999761
100
AcDbArc
 50
90.0
 51
180.0
  0
LINE
  5
F0
330
1F
100
AcDbEntity
  8
VISIBLE
  6
Continuous
 62
     7
100
AcDbLine
 10
719.1973117415
 20
529.6714921009
 30
0.0
 11
707.1973117415
 21
529.6714921009
 31
0.0
  0
ARC
  5
F1
330
1F
100
AcDbEntity
  8
VISIBLE
  6
Continuous
 62
     7
100
AcDbCircle
 10
718.8973117415
 20
329.7214921009
 30
0.0
 40
0.5
100
AcDbArc
 50
0.0
 51
90.0
  0
LINE
  5
F2
330
1F
100
AcDbEntity
  8
VISIBLE
  6
Continuous
 62
     7
100
AcDbLine
 10
719.1973117415
 20
523.6714921009
 30
0.0
 11
707.1973117415
 21
523.6714921009
 31
0.0
  0
ARC
  5
F3
330
1F
100
AcDbEntity
  8
VISIBLE
  6
Continuous
 62
     7
100
AcDbCircle
 10
719.1973117415
 20
524.1714921009
 30
0.0
 40
0.5
100
AcDbArc
 50
270.0
 51
0.0
  0
ARC
  5
F4
330
1F
100
AcDbEntity
  8
VISIBLE
  6
Continuous
 62
     7
100
AcDbCircle
 10
719.1973117415
 20
529.1714921009
 30
0.0
 40
0.5
100
AcDbArc
 50
0.0
 51
90.0
  0
LINE
  5
F6
330
1F
100
AcDbEntity
  8
MODELSKETCH_VISIBLE
  6
Continuous
 62
     7
100
AcDbLine
 10
686.7213117415
 20
395.8029921009
 30
0.0
 11
683.6733117415
 21
392.7549921009
 31
0.0
  0
CIRCLE
  5
F7
330
1F
100
AcDbEntity
  8
MODELSKETCH_VISIBLE
  6
Continuous
 62
     7
100
AcDbCircle
 10
713.1973117415
 20
477.5289921009
 30
0.0
 40
1.0
  0
LINE
  5
F8
330
1F
100
AcDbEntity
  8
MODELSKETCH_VISIBLE
  6
Continuous
 62
     7
100
AcDbLine
 10
683.6733117415
 20
601.7029921009
 30
0.0
 11
686.7213117415
 21
598.6549921009
 31
0.0
  0
LINE
  5
F9
330
1F
100
AcDbEntity
  8
MODELSKETCH_VISIBLE
  6
Continuous
 62
     7
100
AcDbLine
 10
686.7213117415
 20
551.7029921009
 30
0.0
 11
683.6733117415
 21
548.6549921009
 31
0.0
  0
CIRCLE
  5
FA
330
1F
100
AcDbEntity
  8
MODELSKETCH_VISIBLE
  6
Continuous
 62
     7
100
AcDbCircle
 10
735.1973117415
 20
537.4994921009
 30
0.0
 40
1.0
  0
LINE
  5
FB
330
1F
100
AcDbEntity
  8
MODELSKETCH_VISIBLE
  6
Continuous
 62
     7
100
AcDbLine
 10
748.1947893184
 20
525.2469696779
 30
0.0
 11
746.1998341645
 21
523.2520145239
 31
0.0
  0
CIRCLE
  5
FC
330
1F
100
AcDbEntity
  8
MODELSKETCH_VISIBLE
  6
Continuous
 62
     7
100
AcDbCircle
 10
729.6973117415
 20
576.8214921009
 30
0.0
 40
1.875
  0
LINE
  5
FD
330
1F
100
AcDbEntity
  8
MODELSKETCH_VISIBLE
  6
Continuous
 62
     7
100
AcDbLine
 10
748.1947893184
 20
626.5020145239
 30
0.0
 11
746.1998341645
 21
628.4969696779
 31
0.0
  0
LINE
  5
FE
330
1F
100
AcDbEntity
  8
MODELSKETCH_VISIBLE
  6
Continuous
 62
     7
100
AcDbLine
 10
748.1947893184
 20
608.4969696779
 30
0.0
 11
746.1998341645
 21
606.5020145239
 31
0.0
  0
LINE
  5
FF
330
1F
100
AcDbEntity
  8
MODELSKETCH_VISIBLE
  6
Continuous
 62
     7
100
AcDbLine
 10
711.6733117415
 20
601.7029921009
 30
0.0
 11
714.7213117415
 21
598.6549921009
 31
0.0
  0
LINE
  5
100
330
1F
100
AcDbEntity
  8
MODELSKETCH_VISIBLE
  6
Continuous
 62
     7
100
AcDbLine
 10
742.1582411093
 20
360.4605627331
 30
0.0
 11
740.2363823736
 21
362.3824214688
 31
0.0
  0
LINE
  5
101
330
1F
100
AcDbEntity
  8
MODELSKETCH_VISIBLE
  6
Continuous
 62
     7
100
AcDbLine
 10
748.1582411093
 20
380.4605627331
 30
0.0
 11
746.2363823736
 21
382.3824214688
 31
0.0
  0
LINE
  5
102
330
1F
100
AcDbEntity
  8
MODELSKETCH_VISIBLE
  6
Continuous
 62
     7
100
AcDbLine
 10
663.2973117415
 20
463.0714921009
 30
0.0
 11
763.0973117415
 21
463.0714921009
 31
0.0
  0
LINE
  5
103
330
1F
100
AcDbEntity
  8
MODELSKETCH_VISIBLE
  6
Continuous
 62
     7
100
AcDbLine
 10
763.0973117415
 20
431.4214921009
 30
0.0
 11
763.0973117415
 21
429.8214921009
 31
0.0
  0
LINE
  5
104
330
1F
100
AcDbEntity
  8
MODELSKETCH_VISIBLE
  6
Continuous
 62
     7
100
AcDbLine
 10
763.0973117415
 20
391.4214921009
 30
0.0
 11
763.0973117415
 21
389.8214921009
 31
0.0
  0
LINE
  5
105
330
1F
100
AcDbEntity
  8
MODELSKETCH_VISIBLE
  6
Continuous
 62
     7
100
AcDbLine
 10
763.0973117415
 20
351.4214921009
 30
0.0
 11
763.0973117415
 21
349.8214921009
 31
0.0
  0
LINE
  5
106
330
1F
100
AcDbEntity
  8
MODELSKETCH_VISIBLE
  6
Continuous
 62
     7
100
AcDbLine
 10
736.1582411093
 20
340.6385627331
 30
0.0
 11
734.2363823736
 21
342.5604214688
 31
0.0
  0
LINE
  5
107
330
1F
100
AcDbEntity
  8
MODELSKETCH_VISIBLE
  6
Continuous
 62
     7
100
AcDbLine
 10
663.2973117415
 20
567.3214921009
 30
0.0
 11
763.0973117415
 21
567.3214921009
 31
0.0
  0
LINE
  5
108
330
1F
100
AcDbEntity
  8
MODELSKETCH_VISIBLE
  6
Continuous
 62
     7
100
AcDbLine
 10
748.1947893184
 20
578.4969696779
 30
0.0
 11
746.1998341645
 21
576.5020145239
 31
0.0
  0
LINE
  5
109
330
1F
100
AcDbEntity
  8
MODELSKETCH_VISIBLE
  6
Continuous
 62
     7
100
AcDbLine
 10
708.3642814635
 20
643.3214921009
 30
0.0
 11
678.1973117415
 21
643.3214921009
 31
0.0
  0
LINE
  5
10A
330
1F
100
AcDbEntity
  8
MODELSKETCH_VISIBLE
  6
Continuous
 62
     7
100
AcDbLine
 10
736.1947893184
 20
566.5020145239
 30
0.0
 11
734.1998341645
 21
568.4969696779
 31
0.0
  0
LINE
  5
10B
330
1F
100
AcDbEntity
  8
MODELSKETCH_VISIBLE
  6
Continuous
 62
     7
100
AcDbLine
 10
711.6733117415
 20
425.8029921009
 30
0.0
 11
714.7213117415
 21
422.7549921009
 31
0.0
  0
LINE
  5
10C
330
1F
100
AcDbEntity
  8
MODELSKETCH_VISIBLE
  6
Continuous
 62
     7
100
AcDbLine
 10
742.1947893184
 20
626.5020145239
 30
0.0
 11
740.1998341645
 21
628.4969696779
 31
0.0
  0
LINE
  5
10D
330
1F
100
AcDbEntity
  8
MODELSKETCH_VISIBLE
  6
Continuous
 62
     7
100
AcDbLine
 10
736.1947893184
 20
453.8520145239
 30
0.0
 11
734.1998341645
 21
455.8469696779
 31
0.0
  0
LINE
  5
10E
330
1F
100
AcDbEntity
  8
MODELSKETCH_VISIBLE
  6
Continuous
 62
     7
100
AcDbLine
 10
742.1947893184
 20
473.6740145239
 30
0.0
 11
740.1998341645
 21
475.6689696779
 31
0.0
  0
LINE
  5
10F
330
1F
100
AcDbEntity
  8
MODELSKETCH_VISIBLE
  6
Continuous
 62
     7
100
AcDbLine
 10
663.2973117415
 20
351.4214921009
 30
0.0
 11
763.0973117415
 21
351.4214921009
 31
0.0
  0
LINE
  5
110
330
1F
100
AcDbEntity
  8
MODELSKETCH_VISIBLE
  6
Continuous
 62
     7
100
AcDbLine
 10
683.6733117415
 20
355.8029921009
 30
0.0
 11
686.7213117415
 21
352.7549921009
 31
0.0
  0
LINE
  5
111
330
1F
100
AcDbEntity
  8
MODELSKETCH_VISIBLE
  6
Continuous
 62
     7
100
AcDbLine
 10
683.6733117415
 20
405.8029921009
 30
0.0
 11
686.7213117415
 21
402.7549921009
 31
0.0
  0
LINE
  5
112
330
1F
100
AcDbEntity
  8
MODELSKETCH_VISIBLE
  6
Continuous
 62
     7
100
AcDbLine
 10
748.1582411093
 20
360.4605627331
 30
0.0
 11
746.2363823736
 21
362.3824214688
 31
0.0
  0
CIRCLE
  5
113
330
1F
100
AcDbEntity
  8
MODELSKETCH_VISIBLE
  6
Continuous
 62
     7
100
AcDbCircle
 10
741.1973117415
 20
381.4214921009
 30
0.0
 40
1.0
  0
LINE
  5
114
330
1F
100
AcDbEntity
  8
MODELSKETCH_VISIBLE
  6
Continuous
 62
     7
100
AcDbLine
 10
663.2973117415
 20
617.3214921009
 30
0.0
 11
663.2973117415
 21
615.7214921009
 31
0.0
  0
LINE
  5
115
330
1F
100
AcDbEntity
  8
MODELSKETCH_VISIBLE
  6
Continuous
 62
     7
100
AcDbLine
 10
683.6733117415
 20
479.0529921009
 30
0.0
 11
686.7213117415
 21
476.0049921009
 31
0.0
  0
CIRCLE
  5
116
330
1F
100
AcDbEntity
  8
MODELSKETCH_VISIBLE
  6
Continuous
 62
     7
100
AcDbCircle
 10
735.1973117415
 20
391.5994921009
 30
0.0
 40
1.0
  0
LINE
  5
117
330
1F
100
AcDbEntity
  8
MODELSKETCH_VISIBLE
  6
Continuous
 62
     7
100
AcDbLine
 10
663.2973117415
 20
577.3214921009
 30
0.0
 11
663.2973117415
 21
575.7214921009
 31
0.0
  0
LINE
  5
118
330
1F
100
AcDbEntity
  8
MODELSKETCH_VISIBLE
  6
Continuous
 62
     7
100
AcDbLine
 10
763.0973117415
 20
474.6714921009
 30
0.0
 11
763.0973117415
 21
473.0714921009
 31
0.0
  0
CIRCLE
  5
119
330
1F
100
AcDbEntity
  8
MODELSKETCH_VISIBLE
  6
Continuous
 62
     7
100
AcDbCircle
 10
696.6973117415
 20
576.8214921009
 30
0.0
 40
1.875
  0
LINE
  5
11A
330
1F
100
AcDbEntity
  8
MODELSKETCH_VISIBLE
  6
Continuous
 62
     7
100
AcDbLine
 10
663.2973117415
 20
429.8214921009
 30
0.0
 11
763.0973117415
 21
429.8214921009
 31
0.0
  0
LINE
  5
11B
330
1F
100
AcDbEntity
  8
MODELSKETCH_VISIBLE
  6
Continuous
 62
     7
100
AcDbLine
 10
663.2973117415
 20
391.4214921009
 30
0.0
 11
763.0973117415
 21
391.4214921009
 31
0.0
  0
LINE
  5
11C
330
1F
100
AcDbEntity
  8
MODELSKETCH_VISIBLE
  6
Continuous
 62
     7
100
AcDbLine
 10
683.6733117415
 20
345.8029921009
 30
0.0
 11
686.7213117415
 21
342.7549921009
 31
0.0
  0
LINE
  5
11D
330
1F
100
AcDbEntity
  8
MODELSKETCH_VISIBLE
  6
Continuous
 62
     7
100
AcDbLine
 10
683.6733117415
 20
541.7029921009
 30
0.0
 11
686.7213117415
 21
538.6549921009
 31
0.0
  0
CIRCLE
  5
11E
330
1F
100
AcDbEntity
  8
MODELSKETCH_VISIBLE
  6
Continuous
 62
     7
100
AcDbCircle
 10
741.1973117415
 20
494.2494921009
 30
0.0
 40
1.0
  0
LINE
  5
11F
330
1F
100
AcDbEntity
  8
MODELSKETCH_VISIBLE
  6
Continuous
 62
     7
100
AcDbLine
 10
663.2973117415
 20
615.7214921009
 30
0.0
 11
763.0973117415
 21
615.7214921009
 31
0.0
  0
LINE
  5
120
330
1F
100
AcDbEntity
  8
MODELSKETCH_VISIBLE
  6
Continuous
 62
     7
100
AcDbLine
 10
742.1947893184
 20
576.5020145239
 30
0.0
 11
740.1998341645
 21
578.4969696779
 31
0.0
  0
CIRCLE
  5
121
330
1F
100
AcDbEntity
  8
MODELSKETCH_VISIBLE
  6
Continuous
 62
     7
100
AcDbCircle
 10
735.1973117415
 20
557.4994921009
 30
0.0
 40
1.0
  0
CIRCLE
  5
122
330
1F
100
AcDbEntity
  8
MODELSKETCH_VISIBLE
  6
Continuous
 62
     7
100
AcDbCircle
 10
696.6973117415
 20
616.8214921009
 30
0.0
 40
1.875
  0
LINE
  5
123
330
1F
100
AcDbEntity
  8
MODELSKETCH_VISIBLE
  6
Continuous
 62
     7
100
AcDbLine
 10
748.1947893184
 20
546.5020145239
 30
0.0
 11
746.1998341645
 21
548.4969696779
 31
0.0
  0
LINE
  5
124
330
1F
100
AcDbEntity
  8
MODELSKETCH_VISIBLE
  6
Continuous
 62
     7
100
AcDbLine
 10
663.2973117415
 20
627.3214921009
 30
0.0
 11
663.2973117415
 21
625.7214921009
 31
0.0
  0
LINE
  5
125
330
1F
100
AcDbEntity
  8
MODELSKETCH_VISIBLE
  6
Continuous
 62
     7
100
AcDbLine
 10
748.1947893184
 20
538.4969696779
 30
0.0
 11
746.1998341645
 21
536.5020145239
 31
0.0
  0
LINE
  5
126
330
1F
100
AcDbEntity
  8
MODELSKETCH_VISIBLE
  6
Continuous
 62
     7
100
AcDbLine
 10
763.0973117415
 20
627.3214921009
 30
0.0
 11
763.0973117415
 21
625.7214921009
 31
0.0
  0
LINE
  5
127
330
1F
100
AcDbEntity
  8
MODELSKETCH_VISIBLE
  6
Continuous
 62
     7
100
AcDbLine
 10
663.2973117415
 20
627.3214921009
 30
0.0
 11
763.0973117415
 21
627.3214921009
 31
0.0
  0
LINE
  5
128
330
1F
100
AcDbEntity
  8
MODELSKETCH_VISIBLE
  6
Continuous
 62
     7
100
AcDbLine
 10
683.6733117415
 20
395.8029921009
 30
0.0
 11
686.7213117415
 21
392.7549921009
 31
0.0
  0
LINE
  5
129
330
1F
100
AcDbEntity
  8
MODELSKETCH_VISIBLE
  6
Continuous
 62
     7
100
AcDbLine
 10
711.6733117415
 20
479.0529921009
 30
0.0
 11
714.7213117415
 21
476.0049921009
 31
0.0
  0
LINE
  5
12A
330
1F
100
AcDbEntity
  8
MODELSKETCH_VISIBLE
  6
Continuous
 62
     7
100
AcDbLine
 10
663.2973117415
 20
625.7214921009
 30
0.0
 11
763.0973117415
 21
625.7214921009
 31
0.0
  0
LINE
  5
12B
330
1F
100
AcDbEntity
  8
MODELSKETCH_VISIBLE
  6
Continuous
 62
     7
100
AcDbLine
 10
763.0973117415
 20
637.3214921009
 30
0.0
 11
763.0973117415
 21
635.7214921009
 31
0.0
  0
LINE
  5
12C
330
1F
100
AcDbEntity
  8
MODELSKETCH_VISIBLE
  6
Continuous
 62
     7
100
AcDbLine
 10
683.6733117415
 20
551.7029921009
 30
0.0
 11
686.7213117415
 21
548.6549921009
 31
0.0
  0
LINE
  5
12D
330
1F
100
AcDbEntity
  8
MODELSKETCH_VISIBLE
  6
Continuous
 62
     7
100
AcDbLine
 10
748.1582411093
 20
432.3824214688
 30
0.0
 11
746.2363823736
 21
430.4605627331
 31
0.0
  0
LINE
  5
12E
330
1F
100
AcDbEntity
  8
MODELSKETCH_VISIBLE
  6
Continuous
 62
     7
100
AcDbLine
 10
742.1947893184
 20
523.2520145239
 30
0.0
 11
740.1998341645
 21
525.2469696779
 31
0.0
  0
LINE
  5
12F
330
1F
100
AcDbEntity
  8
MODELSKETCH_VISIBLE
  6
Continuous
 62
     7
100
AcDbLine
 10
714.7213117415
 20
541.7029921009
 30
0.0
 11
711.6733117415
 21
538.6549921009
 31
0.0
  0
LINE
  5
130
330
1F
100
AcDbEntity
  8
MODELSKETCH_VISIBLE
  6
Continuous
 62
     7
100
AcDbLine
 10
742.1947893184
 20
598.4969696779
 30
0.0
 11
740.1998341645
 21
596.5020145239
 31
0.0
  0
CIRCLE
  5
131
330
1F
100
AcDbEntity
  8
MODELSKETCH_VISIBLE
  6
Continuous
 62
     7
100
AcDbCircle
 10
747.1973117415
 20
577.4994921009
 30
0.0
 40
1.0
  0
CIRCLE
  5
132
330
1F
100
AcDbEntity
  8
MODELSKETCH_VISIBLE
  6
Continuous
 62
     7
100
AcDbCircle
 10
741.1973117415
 20
567.4994921009
 30
0.0
 40
1.0
  0
LINE
  5
133
330
1F
100
AcDbEntity
  8
MODELSKETCH_VISIBLE
  6
Continuous
 62
     7
100
AcDbLine
 10
663.2973117415
 20
637.3214921009
 30
0.0
 11
763.0973117415
 21
637.3214921009
 31
0.0
  0
LINE
  5
134
330
1F
100
AcDbEntity
  8
MODELSKETCH_VISIBLE
  6
Continuous
 62
     7
100
AcDbLine
 10
763.0973117415
 20
607.3214921009
 30
0.0
 11
763.0973117415
 21
605.7214921009
 31
0.0
  0
LINE
  5
135
330
1F
100
AcDbEntity
  8
MODELSKETCH_VISIBLE
  6
Continuous
 62
     7
100
AcDbLine
 10
663.2973117415
 20
607.3214921009
 30
0.0
 11
763.0973117415
 21
607.3214921009
 31
0.0
  0
LINE
  5
136
330
1F
100
AcDbEntity
  8
MODELSKETCH_VISIBLE
  6
Continuous
 62
     7
100
AcDbLine
 10
663.2973117415
 20
605.7214921009
 30
0.0
 11
763.0973117415
 21
605.7214921009
 31
0.0
  0
LINE
  5
137
330
1F
100
AcDbEntity
  8
MODELSKETCH_VISIBLE
  6
Continuous
 62
     7
100
AcDbLine
 10
663.2973117415
 20
522.4714921009
 30
0.0
 11
763.0973117415
 21
522.4714921009
 31
0.0
  0
LINE
  5
138
330
1F
100
AcDbEntity
  8
MODELSKETCH_VISIBLE
  6
Continuous
 62
     7
100
AcDbLine
 10
742.1582411093
 20
330.4605627331
 30
0.0
 11
740.2363823736
 21
332.3824214688
 31
0.0
  0
CIRCLE
  5
139
330
1F
100
AcDbEntity
  8
MODELSKETCH_VISIBLE
  6
Continuous
 62
     7
100
AcDbCircle
 10
680.8107617415
 20
596.8214921009
 30
0.0
 40
1.0
  0
LINE
  5
13A
330
1F
100
AcDbEntity
  8
MODELSKETCH_VISIBLE
  6
Continuous
 62
     7
100
AcDbLine
 10
663.2973117415
 20
537.3214921009
 30
0.0
 11
663.2973117415
 21
535.7214921009
 31
0.0
  0
LINE
  5
13B
330
1F
100
AcDbEntity
  8
MODELSKETCH_VISIBLE
  6
Continuous
 62
     7
100
AcDbLine
 10
736.1582411093
 20
330.6385627331
 30
0.0
 11
734.2363823736
 21
332.5604214688
 31
0.0
  0
LINE
  5
13C
330
1F
100
AcDbEntity
  8
MODELSKETCH_VISIBLE
  6
Continuous
 62
     7
100
AcDbLine
 10
736.1582411093
 20
332.5604214688
 30
0.0
 11
734.2363823736
 21
330.6385627331
 31
0.0
  0
LINE
  5
13D
330
1F
100
AcDbEntity
  8
MODELSKETCH_VISIBLE
  6
Continuous
 62
     7
100
AcDbLine
 10
663.2973117415
 20
524.0714921009
 30
0.0
 11
763.0973117415
 21
524.0714921009
 31
0.0
  0
LINE
  5
13E
330
1F
100
AcDbEntity
  8
MODELSKETCH_VISIBLE
  6
Continuous
 62
     7
100
AcDbLine
 10
663.2973117415
 20
431.4214921009
 30
0.0
 11
663.2973117415
 21
429.8214921009
 31
0.0
  0
LINE
  5
13F
330
1F
100
AcDbEntity
  8
MODELSKETCH_VISIBLE
  6
Continuous
 62
     7
100
AcDbLine
 10
663.2973117415
 20
389.8214921009
 30
0.0
 11
763.0973117415
 21
389.8214921009
 31
0.0
  0
LINE
  5
140
330
1F
100
AcDbEntity
  8
MODELSKETCH_VISIBLE
  6
Continuous
 62
     7
100
AcDbLine
 10
663.2973117415
 20
565.7214921009
 30
0.0
 11
763.0973117415
 21
565.7214921009
 31
0.0
  0
LINE
  5
141
330
1F
100
AcDbEntity
  8
MODELSKETCH_VISIBLE
  6
Continuous
 62
     7
100
AcDbLine
 10
714.7213117415
 20
561.7029921009
 30
0.0
 11
711.6733117415
 21
558.6549921009
 31
0.0
  0
LINE
  5
142
330
1F
100
AcDbEntity
  8
MODELSKETCH_VISIBLE
  6
Continuous
 62
     7
100
AcDbLine
 10
711.6733117415
 20
375.8029921009
 30
0.0
 11
714.7213117415
 21
372.7549921009
 31
0.0
  0
LINE
  5
143
330
1F
100
AcDbEntity
  8
MODELSKETCH_VISIBLE
  6
Continuous
 62
     7
100
AcDbLine
 10
742.1582411093
 20
410.4605627331
 30
0.0
 11
740.2363823736
 21
412.3824214688
 31
0.0
  0
LINE
  5
144
330
1F
100
AcDbEntity
  8
MODELSKETCH_VISIBLE
  6
Continuous
 62
     7
100
AcDbLine
 10
742.1947893184
 20
465.6689696779
 30
0.0
 11
740.1998341645
 21
463.6740145239
 31
0.0
  0
CIRCLE
  5
145
330
1F
100
AcDbEntity
  8
MODELSKETCH_VISIBLE
  6
Continuous
 62
     7
100
AcDbCircle
 10
735.1973117415
 20
607.4994921009
 30
0.0
 40
1.0
  0
LINE
  5
146
330
1F
100
AcDbEntity
  8
MODELSKETCH_VISIBLE
  6
Continuous
 62
     7
100
AcDbLine
 10
663.2973117415
 20
361.4214921009
 30
0.0
 11
663.2973117415
 21
359.8214921009
 31
0.0
  0
LINE
  5
147
330
1F
100
AcDbEntity
  8
MODELSKETCH_VISIBLE
  6
Continuous
 62
     7
100
AcDbLine
 10
742.1582411093
 20
342.3824214688
 30
0.0
 11
740.2363823736
 21
340.4605627331
 31
0.0
  0
LINE
  5
148
330
1F
100
AcDbEntity
  8
MODELSKETCH_VISIBLE
  6
Continuous
 62
     7
100
AcDbLine
 10
736.1582411093
 20
362.5604214688
 30
0.0
 11
734.2363823736
 21
360.6385627331
 31
0.0
  0
CIRCLE
  5
149
330
1F
100
AcDbEntity
  8
MODELSKETCH_VISIBLE
  6
Continuous
 62
     7
100
AcDbCircle
 10
735.1973117415
 20
637.4994921009
 30
0.0
 40
1.0
  0
LINE
  5
14A
330
1F
100
AcDbEntity
  8
MODELSKETCH_VISIBLE
  6
Continuous
 62
     7
100
AcDbLine
 10
748.1582411093
 20
372.3824214688
 30
0.0
 11
746.2363823736
 21
370.4605627331
 31
0.0
  0
LINE
  5
14B
330
1F
100
AcDbEntity
  8
MODELSKETCH_VISIBLE
  6
Continuous
 62
     7
100
AcDbLine
 10
736.1582411093
 20
390.6385627331
 30
0.0
 11
734.2363823736
 21
392.5604214688
 31
0.0
  0
LINE
  5
14C
330
1F
100
AcDbEntity
  8
MODELSKETCH_VISIBLE
  6
Continuous
 62
     7
100
AcDbLine
 10
763.0973117415
 20
577.3214921009
 30
0.0
 11
763.0973117415
 21
575.7214921009
 31
0.0
  0
LINE
  5
14D
330
1F
100
AcDbEntity
  8
MODELSKETCH_VISIBLE
  6
Continuous
 62
     7
100
AcDbLine
 10
663.2973117415
 20
474.6714921009
 30
0.0
 11
663.2973117415
 21
473.0714921009
 31
0.0
  0
CIRCLE
  5
14E
330
1F
100
AcDbEntity
  8
MODELSKETCH_VISIBLE
  6
Continuous
 62
     7
100
AcDbCircle
 10
685.1973117415
 20
630.1789921009
 30
0.0
 40
1.0
  0
LINE
  5
14F
330
1F
100
AcDbEntity
  8
MODELSKETCH_VISIBLE
  6
Continuous
 62
     7
100
AcDbLine
 10
736.1947893184
 20
596.5020145239
 30
0.0
 11
734.1998341645
 21
598.4969696779
 31
0.0
  0
CIRCLE
  5
150
330
1F
100
AcDbEntity
  8
MODELSKETCH_VISIBLE
  6
Continuous
 62
     7
100
AcDbCircle
 10
685.1973117415
 20
344.2789921009
 30
0.0
 40
1.0
  0
LINE
  5
151
330
1F
100
AcDbEntity
  8
MODELSKETCH_VISIBLE
  6
Continuous
 62
     7
100
AcDbLine
 10
690.0233117415
 20
449.0529921009
 30
0.0
 11
693.0713117415
 21
446.0049921009
 31
0.0
  0
LINE
  5
152
330
1F
100
AcDbEntity
  8
MODELSKETCH_VISIBLE
  6
Continuous
 62
     7
100
AcDbLine
 10
714.7213117415
 20
479.0529921009
 30
0.0
 11
711.6733117415
 21
476.0049921009
 31
0.0
  0
LINE
  5
153
330
1F
100
AcDbEntity
  8
MODELSKETCH_VISIBLE
  6
Continuous
 62
     7
100
AcDbLine
 10
711.6733117415
 20
469.0529921009
 30
0.0
 11
714.7213117415
 21
466.0049921009
 31
0.0
  0
CIRCLE
  5
154
330
1F
100
AcDbEntity
  8
MODELSKETCH_VISIBLE
  6
Continuous
 62
     7
100
AcDbCircle
 10
735.1973117415
 20
431.5994921009
 30
0.0
 40
1.0
  0
LINE
  5
155
330
1F
100
AcDbEntity
  8
MODELSKETCH_VISIBLE
  6
Continuous
 62
     7
100
AcDbLine
 10
748.1947893184
 20
523.2520145239
 30
0.0
 11
746.1998341645
 21
525.2469696779
 31
0.0
  0
LINE
  5
156
330
1F
100
AcDbEntity
  8
MODELSKETCH_VISIBLE
  6
Continuous
 62
     7
100
AcDbLine
 10
711.6733117415
 20
541.7029921009
 30
0.0
 11
714.7213117415
 21
538.6549921009
 31
0.0
  0
LINE
  5
157
330
1F
100
AcDbEntity
  8
MODELSKETCH_VISIBLE
  6
Continuous
 62
     7
100
AcDbLine
 10
742.1947893184
 20
596.5020145239
 30
0.0
 11
740.1998341645
 21
598.4969696779
 31
0.0
  0
LINE
  5
158
330
1F
100
AcDbEntity
  8
MODELSKETCH_VISIBLE
  6
Continuous
 62
     7
100
AcDbLine
 10
675.6973117415
 20
640.8214921009
 30
0.0
 11
675.6973117415
 21
326.3214921009
 31
0.0
  0
LINE
  5
159
330
1F
100
AcDbEntity
  8
MODELSKETCH_VISIBLE
  6
Continuous
 62
     7
100
AcDbLine
 10
748.1947893184
 20
566.5020145239
 30
0.0
 11
746.1998341645
 21
568.4969696779
 31
0.0
  0
LINE
  5
15A
330
1F
100
AcDbEntity
  8
MODELSKETCH_VISIBLE
  6
Continuous
 62
     7
100
AcDbLine
 10
711.6733117415
 20
561.7029921009
 30
0.0
 11
714.7213117415
 21
558.6549921009
 31
0.0
  0
CIRCLE
  5
15B
330
1F
100
AcDbEntity
  8
MODELSKETCH_VISIBLE
  6
Continuous
 62
     7
100
AcDbCircle
 10
713.1973117415
 20
384.2789921009
 30
0.0
 40
1.0
  0
LINE
  5
15C
330
1F
100
AcDbEntity
  8
MODELSKETCH_VISIBLE
  6
Continuous
 62
     7
100
AcDbLine
 10
748.1947893184
 20
628.4969696779
 30
0.0
 11
746.1998341645
 21
626.5020145239
 31
0.0
  0
LINE
  5
15D
330
1F
100
AcDbEntity
  8
MODELSKETCH_VISIBLE
  6
Continuous
 62
     7
100
AcDbLine
 10
736.1947893184
 20
616.5020145239
 30
0.0
 11
734.1998341645
 21
618.4969696779
 31
0.0
  0
CIRCLE
  5
15E
330
1F
100
AcDbEntity
  8
MODELSKETCH_VISIBLE
  6
Continuous
 62
     7
100
AcDbCircle
 10
735.1973117415
 20
454.8494921009
 30
0.0
 40
1.0
  0
LINE
  5
15F
330
1F
100
AcDbEntity
  8
MODELSKETCH_VISIBLE
  6
Continuous
 62
     7
100
AcDbLine
 10
742.1582411093
 20
412.3824214688
 30
0.0
 11
740.2363823736
 21
410.4605627331
 31
0.0
  0
LINE
  5
160
330
1F
100
AcDbEntity
  8
MODELSKETCH_VISIBLE
  6
Continuous
 62
     7
100
AcDbLine
 10
742.1947893184
 20
453.6740145239
 30
0.0
 11
740.1998341645
 21
455.6689696779
 31
0.0
  0
LINE
  5
161
330
1F
100
AcDbEntity
  8
MODELSKETCH_VISIBLE
  6
Continuous
 62
     7
100
AcDbLine
 10
748.1947893184
 20
465.6689696779
 30
0.0
 11
746.1998341645
 21
463.6740145239
 31
0.0
  0
LINE
  5
162
330
1F
100
AcDbEntity
  8
MODELSKETCH_VISIBLE
  6
Continuous
 62
     7
100
AcDbLine
 10
763.0973117415
 20
361.4214921009
 30
0.0
 11
763.0973117415
 21
359.8214921009
 31
0.0
  0
LINE
  5
163
330
1F
100
AcDbEntity
  8
MODELSKETCH_VISIBLE
  6
Continuous
 62
     7
100
AcDbLine
 10
748.1582411093
 20
340.4605627331
 30
0.0
 11
746.2363823736
 21
342.3824214688
 31
0.0
  0
LINE
  5
164
330
1F
100
AcDbEntity
  8
MODELSKETCH_VISIBLE
  6
Continuous
 62
     7
100
AcDbLine
 10
748.1947893184
 20
443.6740145239
 30
0.0
 11
746.1998341645
 21
445.6689696779
 31
0.0
  0
LINE
  5
165
330
1F
100
AcDbEntity
  8
MODELSKETCH_VISIBLE
  6
Continuous
 62
     7
100
AcDbLine
 10
663.2973117415
 20
537.3214921009
 30
0.0
 11
763.0973117415
 21
537.3214921009
 31
0.0
  0
LINE
  5
166
330
1F
100
AcDbEntity
  8
MODELSKETCH_VISIBLE
  6
Continuous
 62
     7
100
AcDbLine
 10
663.2973117415
 20
431.4214921009
 30
0.0
 11
763.0973117415
 21
431.4214921009
 31
0.0
  0
CIRCLE
  5
167
330
1F
100
AcDbEntity
  8
MODELSKETCH_VISIBLE
  6
Continuous
 62
     7
100
AcDbCircle
 10
741.1973117415
 20
361.4214921009
 30
0.0
 40
1.0
  0
CIRCLE
  5
168
330
1F
100
AcDbEntity
  8
MODELSKETCH_VISIBLE
  6
Continuous
 62
     7
100
AcDbCircle
 10
735.1973117415
 20
371.5994921009
 30
0.0
 40
1.0
  0
CIRCLE
  5
169
330
1F
100
AcDbEntity
  8
MODELSKETCH_VISIBLE
  6
Continuous
 62
     7
100
AcDbCircle
 10
747.1973117415
 20
391.4214921009
 30
0.0
 40
1.0
  0
CIRCLE
  5
16A
330
1F
100
AcDbEntity
  8
MODELSKETCH_VISIBLE
  6
Continuous
 62
     7
100
AcDbCircle
 10
735.1973117415
 20
577.4994921009
 30
0.0
 40
1.0
  0
LINE
  5
16B
330
1F
100
AcDbEntity
  8
MODELSKETCH_VISIBLE
  6
Continuous
 62
     7
100
AcDbLine
 10
663.2973117415
 20
474.6714921009
 30
0.0
 11
763.0973117415
 21
474.6714921009
 31
0.0
  0
CIRCLE
  5
16C
330
1F
100
AcDbEntity
  8
MODELSKETCH_VISIBLE
  6
Continuous
 62
     7
100
AcDbCircle
 10
685.1973117415
 20
384.2789921009
 30
0.0
 40
1.0
  0
LINE
  5
16D
330
1F
100
AcDbEntity
  8
MODELSKETCH_VISIBLE
  6
Continuous
 62
     7
100
AcDbLine
 10
763.0973117415
 20
401.4214921009
 30
0.0
 11
763.0973117415
 21
399.8214921009
 31
0.0
  0
LINE
  5
16E
330
1F
100
AcDbEntity
  8
MODELSKETCH_VISIBLE
  6
Continuous
 62
     7
100
AcDbLine
 10
714.7213117415
 20
435.8029921009
 30
0.0
 11
711.6733117415
 21
432.7549921009
 31
0.0
  0
CIRCLE
  5
16F
330
1F
100
AcDbEntity
  8
MODELSKETCH_VISIBLE
  6
Continuous
 62
     7
100
AcDbCircle
 10
729.6973117415
 20
390.3214921009
 30
0.0
 40
1.875
  0
LINE
  5
170
330
1F
100
AcDbEntity
  8
MODELSKETCH_VISIBLE
  6
Continuous
 62
     7
100
AcDbLine
 10
683.6733117415
 20
469.0529921009
 30
0.0
 11
686.7213117415
 21
466.0049921009
 31
0.0
  0
LINE
  5
171
330
1F
100
AcDbEntity
  8
MODELSKETCH_VISIBLE
  6
Continuous
 62
     7
100
AcDbLine
 10
686.7213117415
 20
385.8029921009
 30
0.0
 11
683.6733117415
 21
382.7549921009
 31
0.0
  0
CIRCLE
  5
172
330
1F
100
AcDbEntity
  8
MODELSKETCH_VISIBLE
  6
Continuous
 62
     7
100
AcDbCircle
 10
685.1973117415
 20
434.2789921009
 30
0.0
 40
1.0
  0
LINE
  5
173
330
1F
100
AcDbEntity
  8
MODELSKETCH_VISIBLE
  6
Continuous
 62
     7
100
AcDbLine
 10
714.7213117415
 20
469.0529921009
 30
0.0
 11
711.6733117415
 21
466.0049921009
 31
0.0
  0
LINE
  5
174
330
1F
100
AcDbEntity
  8
MODELSKETCH_VISIBLE
  6
Continuous
 62
     7
100
AcDbLine
 10
686.7213117415
 20
611.7029921009
 30
0.0
 11
683.6733117415
 21
608.6549921009
 31
0.0
  0
LINE
  5
175
330
1F
100
AcDbEntity
  8
MODELSKETCH_VISIBLE
  6
Continuous
 62
     7
100
AcDbLine
 10
686.7213117415
 20
561.7029921009
 30
0.0
 11
683.6733117415
 21
558.6549921009
 31
0.0
  0
LINE
  5
176
330
1F
100
AcDbEntity
  8
MODELSKETCH_VISIBLE
  6
Continuous
 62
     7
100
AcDbLine
 10
736.1582411093
 20
430.6385627331
 30
0.0
 11
734.2363823736
 21
432.5604214688
 31
0.0
  0
LINE
  5
177
330
1F
100
AcDbEntity
  8
MODELSKETCH_VISIBLE
  6
Continuous
 62
     7
100
AcDbLine
 10
736.1947893184
 20
525.2469696779
 30
0.0
 11
734.1998341645
 21
523.2520145239
 31
0.0
  0
CIRCLE
  5
178
330
1F
100
AcDbEntity
  8
MODELSKETCH_VISIBLE
  6
Continuous
 62
     7
100
AcDbCircle
 10
741.1973117415
 20
524.2494921009
 30
0.0
 40
1.0
  0
CIRCLE
  5
179
330
1F
100
AcDbEntity
  8
MODELSKETCH_VISIBLE
  6
Continuous
 62
     7
100
AcDbCircle
 10
713.1973117415
 20
467.5289921009
 30
0.0
 40
1.0
  0
LINE
  5
17A
330
1F
100
AcDbEntity
  8
MODELSKETCH_VISIBLE
  6
Continuous
 62
     7
100
AcDbLine
 10
742.1947893184
 20
515.2469696779
 30
0.0
 11
740.1998341645
 21
513.2520145239
 31
0.0
  0
CIRCLE
  5
17B
330
1F
100
AcDbEntity
  8
MODELSKETCH_VISIBLE
  6
Continuous
 62
     7
100
AcDbCircle
 10
713.1973117415
 20
540.1789921009
 30
0.0
 40
1.0
  0
LINE
  5
17C
330
1F
100
AcDbEntity
  8
MODELSKETCH_VISIBLE
  6
Continuous
 62
     7
100
AcDbLine
 10
736.1947893184
 20
598.4969696779
 30
0.0
 11
734.1998341645
 21
596.5020145239
 31
0.0
  0
LINE
  5
17D
330
1F
100
AcDbEntity
  8
MODELSKETCH_VISIBLE
  6
Continuous
 62
     7
100
AcDbLine
 10
750.6973117415
 20
640.8214921009
 30
0.0
 11
750.6973117415
 21
326.3214921009
 31
0.0
  0
LINE
  5
17E
330
1F
100
AcDbEntity
  8
MODELSKETCH_VISIBLE
  6
Continuous
 62
     7
100
AcDbLine
 10
742.1947893184
 20
568.4969696779
 30
0.0
 11
740.1998341645
 21
566.5020145239
 31
0.0
  0
CIRCLE
  5
17F
330
1F
100
AcDbEntity
  8
MODELSKETCH_VISIBLE
  6
Continuous
 62
     7
100
AcDbCircle
 10
747.1973117415
 20
547.4994921009
 30
0.0
 40
1.0
  0
CIRCLE
  5
180
330
1F
100
AcDbEntity
  8
MODELSKETCH_VISIBLE
  6
Continuous
 62
     7
100
AcDbCircle
 10
713.1973117415
 20
560.1789921009
 30
0.0
 40
1.0
  0
LINE
  5
181
330
1F
100
AcDbEntity
  8
MODELSKETCH_VISIBLE
  6
Continuous
 62
     7
100
AcDbLine
 10
714.7213117415
 20
385.8029921009
 30
0.0
 11
711.6733117415
 21
382.7549921009
 31
0.0
  0
LINE
  5
182
330
1F
100
AcDbEntity
  8
MODELSKETCH_VISIBLE
  6
Continuous
 62
     7
100
AcDbLine
 10
663.2973117415
 20
401.4214921009
 30
0.0
 11
663.2973117415
 21
399.8214921009
 31
0.0
  0
CIRCLE
  5
183
330
1F
100
AcDbEntity
  8
MODELSKETCH_VISIBLE
  6
Continuous
 62
     7
100
AcDbCircle
 10
741.1973117415
 20
464.6714921009
 30
0.0
 40
1.0
  0
CIRCLE
  5
184
330
1F
100
AcDbEntity
  8
MODELSKETCH_VISIBLE
  6
Continuous
 62
     7
100
AcDbCircle
 10
713.1973117415
 20
610.1789921009
 30
0.0
 40
1.0
  0
LINE
  5
185
330
1F
100
AcDbEntity
  8
MODELSKETCH_VISIBLE
  6
Continuous
 62
     7
100
AcDbLine
 10
663.2973117415
 20
359.8214921009
 30
0.0
 11
763.0973117415
 21
359.8214921009
 31
0.0
  0
LINE
  5
186
330
1F
100
AcDbEntity
  8
MODELSKETCH_VISIBLE
  6
Continuous
 62
     7
100
AcDbLine
 10
736.1582411093
 20
342.5604214688
 30
0.0
 11
734.2363823736
 21
340.6385627331
 31
0.0
  0
LINE
  5
187
330
1F
100
AcDbEntity
  8
MODELSKETCH_VISIBLE
  6
Continuous
 62
     7
100
AcDbLine
 10
742.1947893184
 20
445.6689696779
 30
0.0
 11
740.1998341645
 21
443.6740145239
 31
0.0
  0
LINE
  5
188
330
1F
100
AcDbEntity
  8
MODELSKETCH_VISIBLE
  6
Continuous
 62
     7
100
AcDbLine
 10
663.2973117415
 20
535.7214921009
 30
0.0
 11
763.0973117415
 21
535.7214921009
 31
0.0
  0
LINE
  5
189
330
1F
100
AcDbEntity
  8
MODELSKETCH_VISIBLE
  6
Continuous
 62
     7
100
AcDbLine
 10
736.1582411093
 20
370.6385627331
 30
0.0
 11
734.2363823736
 21
372.5604214688
 31
0.0
  0
LINE
  5
18A
330
1F
100
AcDbEntity
  8
MODELSKETCH_VISIBLE
  6
Continuous
 62
     7
100
AcDbLine
 10
742.1582411093
 20
390.4605627331
 30
0.0
 11
740.2363823736
 21
392.3824214688
 31
0.0
  0
LINE
  5
18B
330
1F
100
AcDbEntity
  8
MODELSKETCH_VISIBLE
  6
Continuous
 62
     7
100
AcDbLine
 10
663.2973117415
 20
473.0714921009
 30
0.0
 11
763.0973117415
 21
473.0714921009
 31
0.0
  0
LINE
  5
18C
330
1F
100
AcDbEntity
  8
MODELSKETCH_VISIBLE
  6
Continuous
 62
     7
100
AcDbLine
 10
663.2973117415
 20
444.6714921009
 30
0.0
 11
663.2973117415
 21
443.0714921009
 31
0.0
  0
LINE
  5
18D
330
1F
100
AcDbEntity
  8
MODELSKETCH_VISIBLE
  6
Continuous
 62
     7
100
AcDbLine
 10
663.2973117415
 20
399.8214921009
 30
0.0
 11
763.0973117415
 21
399.8214921009
 31
0.0
  0
LINE
  5
18E
330
1F
100
AcDbEntity
  8
MODELSKETCH_VISIBLE
  6
Continuous
 62
     7
100
AcDbLine
 10
663.2973117415
 20
494.0714921009
 30
0.0
 11
663.2973117415
 21
492.4714921009
 31
0.0
  0
LINE
  5
18F
330
1F
100
AcDbEntity
  8
MODELSKETCH_VISIBLE
  6
Continuous
 62
     7
100
AcDbLine
 10
711.6733117415
 20
435.8029921009
 30
0.0
 11
714.7213117415
 21
432.7549921009
 31
0.0
  0
LINE
  5
190
330
1F
100
AcDbEntity
  8
MODELSKETCH_VISIBLE
  6
Continuous
 62
     7
100
AcDbLine
 10
663.2973117415
 20
349.8214921009
 30
0.0
 11
763.0973117415
 21
349.8214921009
 31
0.0
  0
CIRCLE
  5
191
330
1F
100
AcDbEntity
  8
MODELSKETCH_VISIBLE
  6
Continuous
 62
     7
100
AcDbCircle
 10
696.6973117415
 20
390.3214921009
 30
0.0
 40
1.875
  0
LINE
  5
192
330
1F
100
AcDbEntity
  8
MODELSKETCH_VISIBLE
  6
Continuous
 62
     7
100
AcDbLine
 10
748.1582411093
 20
410.4605627331
 30
0.0
 11
746.2363823736
 21
412.3824214688
 31
0.0
  0
CIRCLE
  5
193
330
1F
100
AcDbEntity
  8
MODELSKETCH_VISIBLE
  6
Continuous
 62
     7
100
AcDbCircle
 10
685.1973117415
 20
467.5289921009
 30
0.0
 40
1.0
  0
LINE
  5
194
330
1F
100
AcDbEntity
  8
MODELSKETCH_VISIBLE
  6
Continuous
 62
     7
100
AcDbLine
 10
683.6733117415
 20
385.8029921009
 30
0.0
 11
686.7213117415
 21
382.7549921009
 31
0.0
  0
LINE
  5
195
330
1F
100
AcDbEntity
  8
MODELSKETCH_VISIBLE
  6
Continuous
 62
     7
100
AcDbLine
 10
686.7213117415
 20
435.8029921009
 30
0.0
 11
683.6733117415
 21
432.7549921009
 31
0.0
  0
CIRCLE
  5
196
330
1F
100
AcDbEntity
  8
MODELSKETCH_VISIBLE
  6
Continuous
 62
     7
100
AcDbCircle
 10
713.1973117415
 20
457.5289921009
 30
0.0
 40
1.0
  0
LINE
  5
197
330
1F
100
AcDbEntity
  8
MODELSKETCH_VISIBLE
  6
Continuous
 62
     7
100
AcDbLine
 10
683.6733117415
 20
561.7029921009
 30
0.0
 11
686.7213117415
 21
558.6549921009
 31
0.0
  0
LINE
  5
198
330
1F
100
AcDbEntity
  8
MODELSKETCH_VISIBLE
  6
Continuous
 62
     7
100
AcDbLine
 10
736.1947893184
 20
515.2469696779
 30
0.0
 11
734.1998341645
 21
513.2520145239
 31
0.0
  0
LINE
  5
199
330
1F
100
AcDbEntity
  8
MODELSKETCH_VISIBLE
  6
Continuous
 62
     7
100
AcDbLine
 10
714.7213117415
 20
551.7029921009
 30
0.0
 11
711.6733117415
 21
548.6549921009
 31
0.0
  0
LINE
  5
19A
330
1F
100
AcDbEntity
  8
MODELSKETCH_VISIBLE
  6
Continuous
 62
     7
100
AcDbLine
 10
748.1947893184
 20
598.4969696779
 30
0.0
 11
746.1998341645
 21
596.5020145239
 31
0.0
  0
CIRCLE
  5
19B
330
1F
100
AcDbEntity
  8
MODELSKETCH_VISIBLE
  6
Continuous
 62
     7
100
AcDbCircle
 10
735.1973117415
 20
494.2494921009
 30
0.0
 40
1.0
  0
LINE
  5
19C
330
1F
100
AcDbEntity
  8
MODELSKETCH_VISIBLE
  6
Continuous
 62
     7
100
AcDbLine
 10
736.1947893184
 20
586.5020145239
 30
0.0
 11
734.1998341645
 21
588.4969696779
 31
0.0
  0
LINE
  5
19D
330
1F
100
AcDbEntity
  8
MODELSKETCH_VISIBLE
  6
Continuous
 62
     7
100
AcDbLine
 10
708.3642814635
 20
323.8214921009
 30
0.0
 11
678.1973117415
 21
323.8214921009
 31
0.0
  0
LINE
  5
19E
330
1F
100
AcDbEntity
  8
MODELSKETCH_VISIBLE
  6
Continuous
 62
     7
100
AcDbLine
 10
742.1947893184
 20
566.5020145239
 30
0.0
 11
740.1998341645
 21
568.4969696779
 31
0.0
  0
CIRCLE
  5
19F
330
1F
100
AcDbEntity
  8
MODELSKETCH_VISIBLE
  6
Continuous
 62
     7
100
AcDbCircle
 10
735.1973117415
 20
547.4994921009
 30
0.0
 40
1.0
  0
LINE
  5
1A0
330
1F
100
AcDbEntity
  8
MODELSKETCH_VISIBLE
  6
Continuous
 62
     7
100
AcDbLine
 10
714.7213117415
 20
571.7029921009
 30
0.0
 11
711.6733117415
 21
568.6549921009
 31
0.0
  0
LINE
  5
1A1
330
1F
100
AcDbEntity
  8
MODELSKETCH_VISIBLE
  6
Continuous
 62
     7
100
AcDbLine
 10
711.6733117415
 20
385.8029921009
 30
0.0
 11
714.7213117415
 21
382.7549921009
 31
0.0
  0
CIRCLE
  5
1A2
330
1F
100
AcDbEntity
  8
MODELSKETCH_VISIBLE
  6
Continuous
 62
     7
100
AcDbCircle
 10
735.1973117415
 20
627.4994921009
 30
0.0
 40
1.0
  0
LINE
  5
1A3
330
1F
100
AcDbEntity
  8
MODELSKETCH_VISIBLE
  6
Continuous
 62
     7
100
AcDbLine
 10
736.1582411093
 20
412.5604214688
 30
0.0
 11
734.2363823736
 21
410.6385627331
 31
0.0
  0
LINE
  5
1A4
330
1F
100
AcDbEntity
  8
MODELSKETCH_VISIBLE
  6
Continuous
 62
     7
100
AcDbLine
 10
748.1582411093
 20
422.3824214688
 30
0.0
 11
746.2363823736
 21
420.4605627331
 31
0.0
  0
LINE
  5
1A5
330
1F
100
AcDbEntity
  8
MODELSKETCH_VISIBLE
  6
Continuous
 62
     7
100
AcDbLine
 10
736.1947893184
 20
465.8469696779
 30
0.0
 11
734.1998341645
 21
463.8520145239
 31
0.0
  0
LINE
  5
1A6
330
1F
100
AcDbEntity
  8
MODELSKETCH_VISIBLE
  6
Continuous
 62
     7
100
AcDbLine
 10
714.7213117415
 20
621.7029921009
 30
0.0
 11
711.6733117415
 21
618.6549921009
 31
0.0
  0
LINE
  5
1A7
330
1F
100
AcDbEntity
  8
MODELSKETCH_VISIBLE
  6
Continuous
 62
     7
100
AcDbLine
 10
663.2973117415
 20
361.4214921009
 30
0.0
 11
763.0973117415
 21
361.4214921009
 31
0.0
  0
LINE
  5
1A8
330
1F
100
AcDbEntity
  8
MODELSKETCH_VISIBLE
  6
Continuous
 62
     7
100
AcDbLine
 10
742.1947893184
 20
443.6740145239
 30
0.0
 11
740.1998341645
 21
445.6689696779
 31
0.0
  0
LINE
  5
1A9
330
1F
100
AcDbEntity
  8
MODELSKETCH_VISIBLE
  6
Continuous
 62
     7
100
AcDbLine
 10
742.1582411093
 20
392.3824214688
 30
0.0
 11
740.2363823736
 21
390.4605627331
 31
0.0
  0
LINE
  5
1AA
330
1F
100
AcDbEntity
  8
MODELSKETCH_VISIBLE
  6
Continuous
 62
     7
100
AcDbLine
 10
693.0713117415
 20
335.8029921009
 30
0.0
 11
690.0233117415
 21
332.7549921009
 31
0.0
  0
LINE
  5
1AB
330
1F
100
AcDbEntity
  8
MODELSKETCH_VISIBLE
  6
Continuous
 62
     7
100
AcDbLine
 10
663.2973117415
 20
587.3214921009
 30
0.0
 11
663.2973117415
 21
585.7214921009
 31
0.0
  0
LINE
  5
1AC
330
1F
100
AcDbEntity
  8
MODELSKETCH_VISIBLE
  6
Continuous
 62
     7
100
AcDbLine
 10
663.2973117415
 20
547.3214921009
 30
0.0
 11
663.2973117415
 21
545.7214921009
 31
0.0
  0
LINE
  5
1AD
330
1F
100
AcDbEntity
  8
MODELSKETCH_VISIBLE
  6
Continuous
 62
     7
100
AcDbLine
 10
763.0973117415
 20
444.6714921009
 30
0.0
 11
763.0973117415
 21
443.0714921009
 31
0.0
  0
CIRCLE
  5
1AE
330
1F
100
AcDbEntity
  8
MODELSKETCH_VISIBLE
  6
Continuous
 62
     7
100
AcDbCircle
 10
713.1973117415
 20
630.1789921009
 30
0.0
 40
1.0
  0
LINE
  5
1AF
330
1F
100
AcDbEntity
  8
MODELSKETCH_VISIBLE
  6
Continuous
 62
     7
100
AcDbLine
 10
663.2973117415
 20
401.4214921009
 30
0.0
 11
763.0973117415
 21
401.4214921009
 31
0.0
  0
CIRCLE
  5
1B0
330
1F
100
AcDbEntity
  8
MODELSKETCH_VISIBLE
  6
Continuous
 62
     7
100
AcDbCircle
 10
713.1973117415
 20
434.2789921009
 30
0.0
 40
1.0
  0
LINE
  5
1B1
330
1F
100
AcDbEntity
  8
MODELSKETCH_VISIBLE
  6
Continuous
 62
     7
100
AcDbLine
 10
748.1947893184
 20
616.5020145239
 30
0.0
 11
746.1998341645
 21
618.4969696779
 31
0.0
  0
CIRCLE
  5
1B2
330
1F
100
AcDbEntity
  8
MODELSKETCH_VISIBLE
  6
Continuous
 62
     7
100
AcDbCircle
 10
696.6973117415
 20
350.3214921009
 30
0.0
 40
1.875
  0
LINE
  5
1B3
330
1F
100
AcDbEntity
  8
MODELSKETCH_VISIBLE
  6
Continuous
 62
     7
100
AcDbLine
 10
663.2973117415
 20
371.4214921009
 30
0.0
 11
663.2973117415
 21
369.8214921009
 31
0.0
  0
LINE
  5
1B4
330
1F
100
AcDbEntity
  8
MODELSKETCH_VISIBLE
  6
Continuous
 62
     7
100
AcDbLine
 10
736.1947893184
 20
445.8469696779
 30
0.0
 11
734.1998341645
 21
443.8520145239
 31
0.0
  0
LINE
  5
1B5
330
1F
100
AcDbEntity
  8
MODELSKETCH_VISIBLE
  6
Continuous
 62
     7
100
AcDbLine
 10
663.2973117415
 20
331.4214921009
 30
0.0
 11
663.2973117415
 21
329.8214921009
 31
0.0
  0
LINE
  5
1B6
330
1F
100
AcDbEntity
  8
MODELSKETCH_VISIBLE
  6
Continuous
 62
     7
100
AcDbLine
 10
686.7213117415
 20
518.4531921009
 30
0.0
 11
683.6733117415
 21
515.4051921009
 31
0.0
  0
LINE
  5
1B7
330
1F
100
AcDbEntity
  8
MODELSKETCH_VISIBLE
  6
Continuous
 62
     7
100
AcDbLine
 10
663.2973117415
 20
504.0714921009
 30
0.0
 11
763.0973117415
 21
504.0714921009
 31
0.0
  0
LINE
  5
1B8
330
1F
100
AcDbEntity
  8
MODELSKETCH_VISIBLE
  6
Continuous
 62
     7
100
AcDbLine
 10
763.0973117415
 20
587.3214921009
 30
0.0
 11
763.0973117415
 21
585.7214921009
 31
0.0
  0
LINE
  5
1B9
330
1F
100
AcDbEntity
  8
MODELSKETCH_VISIBLE
  6
Continuous
 62
     7
100
AcDbLine
 10
763.0973117415
 20
547.3214921009
 30
0.0
 11
763.0973117415
 21
545.7214921009
 31
0.0
  0
LINE
  5
1BA
330
1F
100
AcDbEntity
  8
MODELSKETCH_VISIBLE
  6
Continuous
 62
     7
100
AcDbLine
 10
663.2973117415
 20
444.6714921009
 30
0.0
 11
763.0973117415
 21
444.6714921009
 31
0.0
  0
LINE
  5
1BB
330
1F
100
AcDbEntity
  8
MODELSKETCH_VISIBLE
  6
Continuous
 62
     7
100
AcDbLine
 10
663.2973117415
 20
411.4214921009
 30
0.0
 11
663.2973117415
 21
409.8214921009
 31
0.0
  0
LINE
  5
1BC
330
1F
100
AcDbEntity
  8
MODELSKETCH_VISIBLE
  6
Continuous
 62
     7
100
AcDbLine
 10
748.1947893184
 20
513.2520145239
 30
0.0
 11
746.1998341645
 21
515.2469696779
 31
0.0
  0
LINE
  5
1BD
330
1F
100
AcDbEntity
  8
MODELSKETCH_VISIBLE
  6
Continuous
 62
     7
100
AcDbLine
 10
711.6733117415
 20
551.7029921009
 30
0.0
 11
714.7213117415
 21
548.6549921009
 31
0.0
  0
LINE
  5
1BE
330
1F
100
AcDbEntity
  8
MODELSKETCH_VISIBLE
  6
Continuous
 62
     7
100
AcDbLine
 10
711.6733117415
 20
459.0529921009
 30
0.0
 11
714.7213117415
 21
456.0049921009
 31
0.0
  0
LINE
  5
1BF
330
1F
100
AcDbEntity
  8
MODELSKETCH_VISIBLE
  6
Continuous
 62
     7
100
AcDbLine
 10
686.7213117415
 20
479.0529921009
 30
0.0
 11
683.6733117415
 21
476.0049921009
 31
0.0
  0
CIRCLE
  5
1C0
330
1F
100
AcDbEntity
  8
MODELSKETCH_VISIBLE
  6
Continuous
 62
     7
100
AcDbCircle
 10
685.1973117415
 20
610.1789921009
 30
0.0
 40
1.0
  0
LINE
  5
1C1
330
1F
100
AcDbEntity
  8
MODELSKETCH_VISIBLE
  6
Continuous
 62
     7
100
AcDbLine
 10
748.1973117415
 20
643.3214921009
 30
0.0
 11
718.0303420195
 21
643.3214921009
 31
0.0
  0
LINE
  5
1C2
330
1F
100
AcDbEntity
  8
MODELSKETCH_VISIBLE
  6
Continuous
 62
     7
100
AcDbLine
 10
736.1947893184
 20
568.4969696779
 30
0.0
 11
734.1998341645
 21
566.5020145239
 31
0.0
  0
LINE
  5
1C3
330
1F
100
AcDbEntity
  8
MODELSKETCH_VISIBLE
  6
Continuous
 62
     7
100
AcDbLine
 10
742.1582411093
 20
430.4605627331
 30
0.0
 11
740.2363823736
 21
432.3824214688
 31
0.0
  0
CIRCLE
  5
1C4
330
1F
100
AcDbEntity
  8
MODELSKETCH_VISIBLE
  6
Continuous
 62
     7
100
AcDbCircle
 10
747.1973117415
 20
524.2494921009
 30
0.0
 40
1.0
  0
LINE
  5
1C5
330
1F
100
AcDbEntity
  8
MODELSKETCH_VISIBLE
  6
Continuous
 62
     7
100
AcDbLine
 10
742.1947893184
 20
618.4969696779
 30
0.0
 11
740.1998341645
 21
616.5020145239
 31
0.0
  0
LINE
  5
1C6
330
1F
100
AcDbEntity
  8
MODELSKETCH_VISIBLE
  6
Continuous
 62
     7
100
AcDbLine
 10
748.1582411093
 20
352.3824214688
 30
0.0
 11
746.2363823736
 21
350.4605627331
 31
0.0
  0
CIRCLE
  5
1C7
330
1F
100
AcDbEntity
  8
MODELSKETCH_VISIBLE
  6
Continuous
 62
     7
100
AcDbCircle
 10
747.1973117415
 20
597.4994921009
 30
0.0
 40
1.0
  0
LINE
  5
1C8
330
1F
100
AcDbEntity
  8
MODELSKETCH_VISIBLE
  6
Continuous
 62
     7
100
AcDbLine
 10
736.1947893184
 20
473.8520145239
 30
0.0
 11
734.1998341645
 21
475.8469696779
 31
0.0
  0
CIRCLE
  5
1C9
330
1F
100
AcDbEntity
  8
MODELSKETCH_VISIBLE
  6
Continuous
 62
     7
100
AcDbCircle
 10
741.1973117415
 20
587.4994921009
 30
0.0
 40
1.0
  0
LINE
  5
1CA
330
1F
100
AcDbEntity
  8
MODELSKETCH_VISIBLE
  6
Continuous
 62
     7
100
AcDbLine
 10
711.6733117415
 20
365.8029921009
 30
0.0
 11
714.7213117415
 21
362.7549921009
 31
0.0
  0
CIRCLE
  5
1CB
330
1F
100
AcDbEntity
  8
MODELSKETCH_VISIBLE
  6
Continuous
 62
     7
100
AcDbCircle
 10
747.1973117415
 20
464.6714921009
 30
0.0
 40
1.0
  0
CIRCLE
  5
1CC
330
1F
100
AcDbEntity
  8
MODELSKETCH_VISIBLE
  6
Continuous
 62
     7
100
AcDbCircle
 10
747.1973117415
 20
454.6714921009
 30
0.0
 40
1.0
  0
LINE
  5
1CD
330
1F
100
AcDbEntity
  8
MODELSKETCH_VISIBLE
  6
Continuous
 62
     7
100
AcDbLine
 10
663.2973117415
 20
597.3214921009
 30
0.0
 11
763.0973117415
 21
597.3214921009
 31
0.0
  0
CIRCLE
  5
1CE
330
1F
100
AcDbEntity
  8
MODELSKETCH_VISIBLE
  6
Continuous
 62
     7
100
AcDbCircle
 10
696.6973117415
 20
503.5714921009
 30
0.0
 40
1.875
  0
LINE
  5
1CF
330
1F
100
AcDbEntity
  8
MODELSKETCH_VISIBLE
  6
Continuous
 62
     7
100
AcDbLine
 10
711.6733117415
 20
508.4531921009
 30
0.0
 11
714.7213117415
 21
505.4051921009
 31
0.0
  0
LINE
  5
1D0
330
1F
100
AcDbEntity
  8
MODELSKETCH_VISIBLE
  6
Continuous
 62
     7
100
AcDbLine
 10
683.6733117415
 20
581.7029921009
 30
0.0
 11
686.7213117415
 21
578.6549921009
 31
0.0
  0
LINE
  5
1D1
330
1F
100
AcDbEntity
  8
MODELSKETCH_VISIBLE
  6
Continuous
 62
     7
100
AcDbLine
 10
763.0973117415
 20
567.3214921009
 30
0.0
 11
763.0973117415
 21
565.7214921009
 31
0.0
  0
LINE
  5
1D2
330
1F
100
AcDbEntity
  8
MODELSKETCH_VISIBLE
  6
Continuous
 62
     7
100
AcDbLine
 10
663.2973117415
 20
512.4714921009
 30
0.0
 11
763.0973117415
 21
512.4714921009
 31
0.0
  0
LINE
  5
1D3
330
1F
100
AcDbEntity
  8
MODELSKETCH_VISIBLE
  6
Continuous
 62
     7
100
AcDbLine
 10
663.2973117415
 20
635.7214921009
 30
0.0
 11
763.0973117415
 21
635.7214921009
 31
0.0
  0
CIRCLE
  5
1D4
330
1F
100
AcDbEntity
  8
MODELSKETCH_VISIBLE
  6
Continuous
 62
     7
100
AcDbCircle
 10
747.1973117415
 20
514.2494921009
 30
0.0
 40
1.0
  0
LINE
  5
1D5
330
1F
100
AcDbEntity
  8
MODELSKETCH_VISIBLE
  6
Continuous
 62
     7
100
AcDbLine
 10
663.2973117415
 20
341.4214921009
 30
0.0
 11
763.0973117415
 21
341.4214921009
 31
0.0
  0
LINE
  5
1D6
330
1F
100
AcDbEntity
  8
MODELSKETCH_VISIBLE
  6
Continuous
 62
     7
100
AcDbLine
 10
686.7213117415
 20
571.7029921009
 30
0.0
 11
683.6733117415
 21
568.6549921009
 31
0.0
  0
CIRCLE
  5
1D7
330
1F
100
AcDbEntity
  8
MODELSKETCH_VISIBLE
  6
Continuous
 62
     7
100
AcDbCircle
 10
685.1973117415
 20
620.1789921009
 30
0.0
 40
1.0
  0
CIRCLE
  5
1D8
330
1F
100
AcDbEntity
  8
MODELSKETCH_VISIBLE
  6
Continuous
 62
     7
100
AcDbCircle
 10
735.1973117415
 20
444.8494921009
 30
0.0
 40
1.0
  0
LINE
  5
1D9
330
1F
100
AcDbEntity
  8
MODELSKETCH_VISIBLE
  6
Continuous
 62
     7
100
AcDbLine
 10
748.1947893184
 20
606.5020145239
 30
0.0
 11
746.1998341645
 21
608.4969696779
 31
0.0
  0
LINE
  5
1DA
330
1F
100
AcDbEntity
  8
MODELSKETCH_VISIBLE
  6
Continuous
 62
     7
100
AcDbLine
 10
748.1947893184
 20
588.4969696779
 30
0.0
 11
746.1998341645
 21
586.5020145239
 31
0.0
  0
LINE
  5
1DB
330
1F
100
AcDbEntity
  8
MODELSKETCH_VISIBLE
  6
Continuous
 62
     7
100
AcDbLine
 10
748.1582411093
 20
362.3824214688
 30
0.0
 11
746.2363823736
 21
360.4605627331
 31
0.0
  0
LINE
  5
1DC
330
1F
100
AcDbEntity
  8
MODELSKETCH_VISIBLE
  6
Continuous
 62
     7
100
AcDbLine
 10
742.1582411093
 20
400.4605627331
 30
0.0
 11
740.2363823736
 21
402.3824214688
 31
0.0
  0
CIRCLE
  5
1DD
330
1F
100
AcDbEntity
  8
MODELSKETCH_VISIBLE
  6
Continuous
 62
     7
100
AcDbCircle
 10
729.6973117415
 20
350.3214921009
 30
0.0
 40
1.875
  0
LINE
  5
1DE
330
1F
100
AcDbEntity
  8
MODELSKETCH_VISIBLE
  6
Continuous
 62
     7
100
AcDbLine
 10
693.0713117415
 20
641.8454921009
 30
0.0
 11
690.0233117415
 21
638.7974921009
 31
0.0
  0
CIRCLE
  5
1DF
330
1F
100
AcDbEntity
  8
MODELSKETCH_VISIBLE
  6
Continuous
 62
     7
100
AcDbCircle
 10
685.1973117415
 20
477.5289921009
 30
0.0
 40
1.0
  0
LINE
  5
1E0
330
1F
100
AcDbEntity
  8
MODELSKETCH_VISIBLE
  6
Continuous
 62
     7
100
AcDbLine
 10
663.2973117415
 20
595.7214921009
 30
0.0
 11
763.0973117415
 21
595.7214921009
 31
0.0
  0
LINE
  5
1E1
330
1F
100
AcDbEntity
  8
MODELSKETCH_VISIBLE
  6
Continuous
 62
     7
100
AcDbLine
 10
714.7213117415
 20
508.4531921009
 30
0.0
 11
711.6733117415
 21
505.4051921009
 31
0.0
  0
LINE
  5
1E2
330
1F
100
AcDbEntity
  8
MODELSKETCH_VISIBLE
  6
Continuous
 62
     7
100
AcDbLine
 10
714.7213117415
 20
591.7029921009
 30
0.0
 11
711.6733117415
 21
588.6549921009
 31
0.0
  0
LINE
  5
1E3
330
1F
100
AcDbEntity
  8
MODELSKETCH_VISIBLE
  6
Continuous
 62
     7
100
AcDbLine
 10
683.6733117415
 20
508.4531921009
 30
0.0
 11
686.7213117415
 21
505.4051921009
 31
0.0
  0
CIRCLE
  5
1E4
330
1F
100
AcDbEntity
  8
MODELSKETCH_VISIBLE
  6
Continuous
 62
     7
100
AcDbCircle
 10
685.1973117415
 20
580.1789921009
 30
0.0
 40
1.0
  0
LINE
  5
1E5
330
1F
100
AcDbEntity
  8
MODELSKETCH_VISIBLE
  6
Continuous
 62
     7
100
AcDbLine
 10
693.0713117415
 20
449.0529921009
 30
0.0
 11
690.0233117415
 21
446.0049921009
 31
0.0
  0
CIRCLE
  5
1E6
330
1F
100
AcDbEntity
  8
MODELSKETCH_VISIBLE
  6
Continuous
 62
     7
100
AcDbCircle
 10
741.1973117415
 20
577.4994921009
 30
0.0
 40
1.0
  0
ARC
  5
1E7
330
1F
100
AcDbEntity
  8
MODELSKETCH_VISIBLE
  6
Continuous
 62
     7
100
AcDbCircle
 10
748.1973117415
 20
640.8214921009
 30
0.0
 40
2.500000000000016
100
AcDbArc
 50
0.0
 51
90.0
  0
CIRCLE
  5
1E8
330
1F
100
AcDbEntity
  8
MODELSKETCH_VISIBLE
  6
Continuous
 62
     7
100
AcDbCircle
 10
741.1973117415
 20
474.6714921009
 30
0.0
 40
1.0
  0
LINE
  5
1E9
330
1F
100
AcDbEntity
  8
MODELSKETCH_VISIBLE
  6
Continuous
 62
     7
100
AcDbLine
 10
736.1947893184
 20
558.4969696779
 30
0.0
 11
734.1998341645
 21
556.5020145239
 31
0.0
  0
CIRCLE
  5
1EA
330
1F
100
AcDbEntity
  8
MODELSKETCH_VISIBLE
  6
Continuous
 62
     7
100
AcDbCircle
 10
735.1973117415
 20
587.4994921009
 30
0.0
 40
1.0
  0
LINE
  5
1EB
330
1F
100
AcDbEntity
  8
MODELSKETCH_VISIBLE
  6
Continuous
 62
     7
100
AcDbLine
 10
683.6733117415
 20
611.7029921009
 30
0.0
 11
686.7213117415
 21
608.6549921009
 31
0.0
  0
CIRCLE
  5
1EC
330
1F
100
AcDbEntity
  8
MODELSKETCH_VISIBLE
  6
Continuous
 62
     7
100
AcDbCircle
 10
747.1973117415
 20
587.4994921009
 30
0.0
 40
1.0
  0
LINE
  5
1ED
330
1F
100
AcDbEntity
  8
MODELSKETCH_VISIBLE
  6
Continuous
 62
     7
100
AcDbLine
 10
748.1582411093
 20
382.3824214688
 30
0.0
 11
746.2363823736
 21
380.4605627331
 31
0.0
  0
LINE
  5
1EE
330
1F
100
AcDbEntity
  8
MODELSKETCH_VISIBLE
  6
Continuous
 62
     7
100
AcDbLine
 10
736.1582411093
 20
352.5604214688
 30
0.0
 11
734.2363823736
 21
350.6385627331
 31
0.0
  0
LINE
  5
1EF
330
1F
100
AcDbEntity
  8
MODELSKETCH_VISIBLE
  6
Continuous
 62
     7
100
AcDbLine
 10
736.1947893184
 20
628.4969696779
 30
0.0
 11
734.1998341645
 21
626.5020145239
 31
0.0
  0
CIRCLE
  5
1F0
330
1F
100
AcDbEntity
  8
MODELSKETCH_VISIBLE
  6
Continuous
 62
     7
100
AcDbCircle
 10
713.1973117415
 20
414.2789921009
 30
0.0
 40
1.0
  0
LINE
  5
1F1
330
1F
100
AcDbEntity
  8
MODELSKETCH_VISIBLE
  6
Continuous
 62
     7
100
AcDbLine
 10
686.7213117415
 20
365.8029921009
 30
0.0
 11
683.6733117415
 21
362.7549921009
 31
0.0
  0
LINE
  5
1F2
330
1F
100
AcDbEntity
  8
MODELSKETCH_VISIBLE
  6
Continuous
 62
     7
100
AcDbLine
 10
663.2973117415
 20
443.0714921009
 30
0.0
 11
763.0973117415
 21
443.0714921009
 31
0.0
  0
LINE
  5
1F3
330
1F
100
AcDbEntity
  8
MODELSKETCH_VISIBLE
  6
Continuous
 62
     7
100
AcDbLine
 10
748.1582411093
 20
332.3824214688
 30
0.0
 11
746.2363823736
 21
330.4605627331
 31
0.0
  0
LINE
  5
1F4
330
1F
100
AcDbEntity
  8
MODELSKETCH_VISIBLE
  6
Continuous
 62
     7
100
AcDbLine
 10
763.0973117415
 20
504.0714921009
 30
0.0
 11
763.0973117415
 21
502.4714921009
 31
0.0
  0
LINE
  5
1F5
330
1F
100
AcDbEntity
  8
MODELSKETCH_VISIBLE
  6
Continuous
 62
     7
100
AcDbLine
 10
711.6733117415
 20
518.4531921009
 30
0.0
 11
714.7213117415
 21
515.4051921009
 31
0.0
  0
CIRCLE
  5
1F6
330
1F
100
AcDbEntity
  8
MODELSKETCH_VISIBLE
  6
Continuous
 62
     7
100
AcDbCircle
 10
735.1973117415
 20
361.5994921009
 30
0.0
 40
1.0
  0
LINE
  5
1F7
330
1F
100
AcDbEntity
  8
MODELSKETCH_VISIBLE
  6
Continuous
 62
     7
100
AcDbLine
 10
763.0973117415
 20
341.4214921009
 30
0.0
 11
763.0973117415
 21
339.8214921009
 31
0.0
  0
LINE
  5
1F8
330
1F
100
AcDbEntity
  8
MODELSKETCH_VISIBLE
  6
Continuous
 62
     7
100
AcDbLine
 10
742.1947893184
 20
513.2520145239
 30
0.0
 11
740.1998341645
 21
515.2469696779
 31
0.0
  0
CIRCLE
  5
1F9
330
1F
100
AcDbEntity
  8
MODELSKETCH_VISIBLE
  6
Continuous
 62
     7
100
AcDbCircle
 10
747.1973117415
 20
381.4214921009
 30
0.0
 40
1.0
  0
LINE
  5
1FA
330
1F
100
AcDbEntity
  8
MODELSKETCH_VISIBLE
  6
Continuous
 62
     7
100
AcDbLine
 10
748.1947893184
 20
638.4969696779
 30
0.0
 11
746.1998341645
 21
636.5020145239
 31
0.0
  0
LINE
  5
1FB
330
1F
100
AcDbEntity
  8
MODELSKETCH_VISIBLE
  6
Continuous
 62
     7
100
AcDbLine
 10
742.1582411093
 20
402.3824214688
 30
0.0
 11
740.2363823736
 21
400.4605627331
 31
0.0
  0
LINE
  5
1FC
330
1F
100
AcDbEntity
  8
MODELSKETCH_VISIBLE
  6
Continuous
 62
     7
100
AcDbLine
 10
736.1582411093
 20
422.5604214688
 30
0.0
 11
734.2363823736
 21
420.6385627331
 31
0.0
  0
LINE
  5
1FD
330
1F
100
AcDbEntity
  8
MODELSKETCH_VISIBLE
  6
Continuous
 62
     7
100
AcDbLine
 10
663.2973117415
 20
504.0714921009
 30
0.0
 11
663.2973117415
 21
502.4714921009
 31
0.0
  0
LINE
  5
1FE
330
1F
100
AcDbEntity
  8
MODELSKETCH_VISIBLE
  6
Continuous
 62
     7
100
AcDbLine
 10
714.7213117415
 20
518.4531921009
 30
0.0
 11
711.6733117415
 21
515.4051921009
 31
0.0
  0
CIRCLE
  5
1FF
330
1F
100
AcDbEntity
  8
MODELSKETCH_VISIBLE
  6
Continuous
 62
     7
100
AcDbCircle
 10
747.1973117415
 20
474.6714921009
 30
0.0
 40
1.0
  0
LINE
  5
200
330
1F
100
AcDbEntity
  8
MODELSKETCH_VISIBLE
  6
Continuous
 62
     7
100
AcDbLine
 10
663.2973117415
 20
379.8214921009
 30
0.0
 11
763.0973117415
 21
379.8214921009
 31
0.0
  0
CIRCLE
  5
201
330
1F
100
AcDbEntity
  8
MODELSKETCH_VISIBLE
  6
Continuous
 62
     7
100
AcDbCircle
 10
713.1973117415
 20
550.1789921009
 30
0.0
 40
1.0
  0
LINE
  5
202
330
1F
100
AcDbEntity
  8
MODELSKETCH_VISIBLE
  6
Continuous
 62
     7
100
AcDbLine
 10
663.2973117415
 20
339.8214921009
 30
0.0
 11
763.0973117415
 21
339.8214921009
 31
0.0
  0
CIRCLE
  5
203
330
1F
100
AcDbEntity
  8
MODELSKETCH_VISIBLE
  6
Continuous
 62
     7
100
AcDbCircle
 10
741.1973117415
 20
401.4214921009
 30
0.0
 40
1.0
  0
LINE
  5
204
330
1F
100
AcDbEntity
  8
MODELSKETCH_VISIBLE
  6
Continuous
 62
     7
100
AcDbLine
 10
711.6733117415
 20
405.8029921009
 30
0.0
 11
714.7213117415
 21
402.7549921009
 31
0.0
  0
LINE
  5
205
330
1F
100
AcDbEntity
  8
MODELSKETCH_VISIBLE
  6
Continuous
 62
     7
100
AcDbLine
 10
683.6733117415
 20
365.8029921009
 30
0.0
 11
686.7213117415
 21
362.7549921009
 31
0.0
  0
LINE
  5
206
330
1F
100
AcDbEntity
  8
MODELSKETCH_VISIBLE
  6
Continuous
 62
     7
100
AcDbLine
 10
663.2973117415
 20
454.6714921009
 30
0.0
 11
663.2973117415
 21
453.0714921009
 31
0.0
  0
LINE
  5
207
330
1F
100
AcDbEntity
  8
MODELSKETCH_VISIBLE
  6
Continuous
 62
     7
100
AcDbLine
 10
748.1582411093
 20
330.4605627331
 30
0.0
 11
746.2363823736
 21
332.3824214688
 31
0.0
  0
LINE
  5
208
330
1F
100
AcDbEntity
  8
MODELSKETCH_VISIBLE
  6
Continuous
 62
     7
100
AcDbLine
 10
663.2973117415
 20
524.0714921009
 30
0.0
 11
663.2973117415
 21
522.4714921009
 31
0.0
  0
LINE
  5
209
330
1F
100
AcDbEntity
  8
MODELSKETCH_VISIBLE
  6
Continuous
 62
     7
100
AcDbLine
 10
763.0973117415
 20
464.6714921009
 30
0.0
 11
763.0973117415
 21
463.0714921009
 31
0.0
  0
CIRCLE
  5
20A
330
1F
100
AcDbEntity
  8
MODELSKETCH_VISIBLE
  6
Continuous
 62
     7
100
AcDbCircle
 10
735.1973117415
 20
617.4994921009
 30
0.0
 40
1.0
  0
LINE
  5
20B
330
1F
100
AcDbEntity
  8
MODELSKETCH_VISIBLE
  6
Continuous
 62
     7
100
AcDbLine
 10
736.1947893184
 20
638.4969696779
 30
0.0
 11
734.1998341645
 21
636.5020145239
 31
0.0
  0
LINE
  5
20C
330
1F
100
AcDbEntity
  8
MODELSKETCH_VISIBLE
  6
Continuous
 62
     7
100
AcDbLine
 10
663.2973117415
 20
329.8214921009
 30
0.0
 11
763.0973117415
 21
329.8214921009
 31
0.0
  0
CIRCLE
  5
20D
330
1F
100
AcDbEntity
  8
MODELSKETCH_VISIBLE
  6
Continuous
 62
     7
100
AcDbCircle
 10
713.1973117415
 20
424.2789921009
 30
0.0
 40
1.0
  0
LINE
  5
20E
330
1F
100
AcDbEntity
  8
MODELSKETCH_VISIBLE
  6
Continuous
 62
     7
100
AcDbLine
 10
686.7213117415
 20
415.8029921009
 30
0.0
 11
683.6733117415
 21
412.7549921009
 31
0.0
  0
LINE
  5
20F
330
1F
100
AcDbEntity
  8
MODELSKETCH_VISIBLE
  6
Continuous
 62
     7
100
AcDbLine
 10
663.2973117415
 20
419.8214921009
 30
0.0
 11
763.0973117415
 21
419.8214921009
 31
0.0
  0
CIRCLE
  5
210
330
1F
100
AcDbEntity
  8
MODELSKETCH_VISIBLE
  6
Continuous
 62
     7
100
AcDbCircle
 10
696.6973117415
 20
463.5714921009
 30
0.0
 40
1.875
  0
LINE
  5
211
330
1F
100
AcDbEntity
  8
MODELSKETCH_VISIBLE
  6
Continuous
 62
     7
100
AcDbLine
 10
663.2973117415
 20
607.3214921009
 30
0.0
 11
663.2973117415
 21
605.7214921009
 31
0.0
  0
LINE
  5
212
330
1F
100
AcDbEntity
  8
MODELSKETCH_VISIBLE
  6
Continuous
 62
     7
100
AcDbLine
 10
748.1947893184
 20
455.6689696779
 30
0.0
 11
746.1998341645
 21
453.6740145239
 31
0.0
  0
LINE
  5
213
330
1F
100
AcDbEntity
  8
MODELSKETCH_VISIBLE
  6
Continuous
 62
     7
100
AcDbLine
 10
748.1582411093
 20
390.4605627331
 30
0.0
 11
746.2363823736
 21
392.3824214688
 31
0.0
  0
LINE
  5
214
330
1F
100
AcDbEntity
  8
MODELSKETCH_VISIBLE
  6
Continuous
 62
     7
100
AcDbLine
 10
714.7213117415
 20
498.4531921009
 30
0.0
 11
711.6733117415
 21
495.4051921009
 31
0.0
  0
LINE
  5
215
330
1F
100
AcDbEntity
  8
MODELSKETCH_VISIBLE
  6
Continuous
 62
     7
100
AcDbLine
 10
763.0973117415
 20
597.3214921009
 30
0.0
 11
763.0973117415
 21
595.7214921009
 31
0.0
  0
LINE
  5
216
330
1F
100
AcDbEntity
  8
MODELSKETCH_VISIBLE
  6
Continuous
 62
     7
100
AcDbLine
 10
742.1582411093
 20
420.4605627331
 30
0.0
 11
740.2363823736
 21
422.3824214688
 31
0.0
  0
CIRCLE
  5
217
330
1F
100
AcDbEntity
  8
MODELSKETCH_VISIBLE
  6
Continuous
 62
     7
100
AcDbCircle
 10
691.5473117415
 20
640.3214921009
 30
0.0
 40
1.0
  0
LINE
  5
218
330
1F
100
AcDbEntity
  8
MODELSKETCH_VISIBLE
  6
Continuous
 62
     7
100
AcDbLine
 10
748.1947893184
 20
576.5020145239
 30
0.0
 11
746.1998341645
 21
578.4969696779
 31
0.0
  0
LINE
  5
219
330
1F
100
AcDbEntity
  8
MODELSKETCH_VISIBLE
  6
Continuous
 62
     7
100
AcDbLine
 10
663.2973117415
 20
567.3214921009
 30
0.0
 11
663.2973117415
 21
565.7214921009
 31
0.0
  0
CIRCLE
  5
21A
330
1F
100
AcDbEntity
  8
MODELSKETCH_VISIBLE
  6
Continuous
 62
     7
100
AcDbCircle
 10
747.1973117415
 20
444.6714921009
 30
0.0
 40
1.0
  0
LINE
  5
21B
330
1F
100
AcDbEntity
  8
MODELSKETCH_VISIBLE
  6
Continuous
 62
     7
100
AcDbLine
 10
742.1947893184
 20
536.5020145239
 30
0.0
 11
740.1998341645
 21
538.4969696779
 31
0.0
  0
LINE
  5
21C
330
1F
100
AcDbEntity
  8
MODELSKETCH_VISIBLE
  6
Continuous
 62
     7
100
AcDbLine
 10
742.1582411093
 20
340.4605627331
 30
0.0
 11
740.2363823736
 21
342.3824214688
 31
0.0
  0
CIRCLE
  5
21D
330
1F
100
AcDbEntity
  8
MODELSKETCH_VISIBLE
  6
Continuous
 62
     7
100
AcDbCircle
 10
713.1973117415
 20
364.2789921009
 30
0.0
 40
1.0
  0
LINE
  5
21E
330
1F
100
AcDbEntity
  8
MODELSKETCH_VISIBLE
  6
Continuous
 62
     7
100
AcDbLine
 10
748.1947893184
 20
475.6689696779
 30
0.0
 11
746.1998341645
 21
473.6740145239
 31
0.0
  0
LINE
  5
21F
330
1F
100
AcDbEntity
  8
MODELSKETCH_VISIBLE
  6
Continuous
 62
     7
100
AcDbLine
 10
736.1947893184
 20
626.5020145239
 30
0.0
 11
734.1998341645
 21
628.4969696779
 31
0.0
  0
CIRCLE
  5
220
330
1F
100
AcDbEntity
  8
MODELSKETCH_VISIBLE
  6
Continuous
 62
     7
100
AcDbCircle
 10
735.1973117415
 20
474.8494921009
 30
0.0
 40
1.0
  0
LINE
  5
221
330
1F
100
AcDbEntity
  8
MODELSKETCH_VISIBLE
  6
Continuous
 62
     7
100
AcDbLine
 10
742.1947893184
 20
606.5020145239
 30
0.0
 11
740.1998341645
 21
608.4969696779
 31
0.0
  0
CIRCLE
  5
222
330
1F
100
AcDbEntity
  8
MODELSKETCH_VISIBLE
  6
Continuous
 62
     7
100
AcDbCircle
 10
741.1973117415
 20
504.2494921009
 30
0.0
 40
1.0
  0
LINE
  5
223
330
1F
100
AcDbEntity
  8
MODELSKETCH_VISIBLE
  6
Continuous
 62
     7
100
AcDbLine
 10
663.2973117415
 20
381.4214921009
 30
0.0
 11
763.0973117415
 21
381.4214921009
 31
0.0
  0
CIRCLE
  5
224
330
1F
100
AcDbEntity
  8
MODELSKETCH_VISIBLE
  6
Continuous
 62
     7
100
AcDbCircle
 10
741.1973117415
 20
597.4994921009
 30
0.0
 40
1.0
  0
CIRCLE
  5
225
330
1F
100
AcDbEntity
  8
MODELSKETCH_VISIBLE
  6
Continuous
 62
     7
100
AcDbCircle
 10
741.1973117415
 20
454.6714921009
 30
0.0
 40
1.0
  0
LINE
  5
226
330
1F
100
AcDbEntity
  8
MODELSKETCH_VISIBLE
  6
Continuous
 62
     7
100
AcDbLine
 10
663.2973117415
 20
369.8214921009
 30
0.0
 11
763.0973117415
 21
369.8214921009
 31
0.0
  0
LINE
  5
227
330
1F
100
AcDbEntity
  8
MODELSKETCH_VISIBLE
  6
Continuous
 62
     7
100
AcDbLine
 10
711.6733117415
 20
498.4531921009
 30
0.0
 11
714.7213117415
 21
495.4051921009
 31
0.0
  0
LINE
  5
228
330
1F
100
AcDbEntity
  8
MODELSKETCH_VISIBLE
  6
Continuous
 62
     7
100
AcDbLine
 10
663.2973117415
 20
597.3214921009
 30
0.0
 11
663.2973117415
 21
595.7214921009
 31
0.0
  0
CIRCLE
  5
229
330
1F
100
AcDbEntity
  8
MODELSKETCH_VISIBLE
  6
Continuous
 62
     7
100
AcDbCircle
 10
747.1973117415
 20
627.4994921009
 30
0.0
 40
1.0
  0
LINE
  5
22A
330
1F
100
AcDbEntity
  8
MODELSKETCH_VISIBLE
  6
Continuous
 62
     7
100
AcDbLine
 10
742.1947893184
 20
455.6689696779
 30
0.0
 11
740.1998341645
 21
453.6740145239
 31
0.0
  0
LINE
  5
22B
330
1F
100
AcDbEntity
  8
MODELSKETCH_VISIBLE
  6
Continuous
 62
     7
100
AcDbLine
 10
663.2973117415
 20
391.4214921009
 30
0.0
 11
663.2973117415
 21
389.8214921009
 31
0.0
  0
LINE
  5
22C
330
1F
100
AcDbEntity
  8
MODELSKETCH_VISIBLE
  6
Continuous
 62
     7
100
AcDbLine
 10
663.2973117415
 20
464.6714921009
 30
0.0
 11
663.2973117415
 21
463.0714921009
 31
0.0
  0
LINE
  5
22D
330
1F
100
AcDbEntity
  8
MODELSKETCH_VISIBLE
  6
Continuous
 62
     7
100
AcDbLine
 10
748.1947893184
 20
596.5020145239
 30
0.0
 11
746.1998341645
 21
598.4969696779
 31
0.0
  0
CIRCLE
  5
22E
330
1F
100
AcDbEntity
  8
MODELSKETCH_VISIBLE
  6
Continuous
 62
     7
100
AcDbCircle
 10
747.1973117415
 20
537.4994921009
 30
0.0
 40
1.0
  0
LINE
  5
22F
330
1F
100
AcDbEntity
  8
MODELSKETCH_VISIBLE
  6
Continuous
 62
     7
100
AcDbLine
 10
663.2973117415
 20
557.3214921009
 30
0.0
 11
763.0973117415
 21
557.3214921009
 31
0.0
  0
CIRCLE
  5
230
330
1F
100
AcDbEntity
  8
MODELSKETCH_VISIBLE
  6
Continuous
 62
     7
100
AcDbCircle
 10
741.1973117415
 20
627.4994921009
 30
0.0
 40
1.0
  0
LINE
  5
231
330
1F
100
AcDbEntity
  8
MODELSKETCH_VISIBLE
  6
Continuous
 62
     7
100
AcDbLine
 10
748.1582411093
 20
420.4605627331
 30
0.0
 11
746.2363823736
 21
422.3824214688
 31
0.0
  0
LINE
  5
232
330
1F
100
AcDbEntity
  8
MODELSKETCH_VISIBLE
  6
Continuous
 62
     7
100
AcDbLine
 10
736.1947893184
 20
523.2520145239
 30
0.0
 11
734.1998341645
 21
525.2469696779
 31
0.0
  0
LINE
  5
233
330
1F
100
AcDbEntity
  8
MODELSKETCH_VISIBLE
  6
Continuous
 62
     7
100
AcDbLine
 10
736.1947893184
 20
578.4969696779
 30
0.0
 11
734.1998341645
 21
576.5020145239
 31
0.0
  0
ARC
  5
234
330
1F
100
AcDbEntity
  8
MODELSKETCH_VISIBLE
  6
Continuous
 62
     7
100
AcDbCircle
 10
718.0303420195
 20
640.8214921007
 30
0.0
 40
2.500000000176076
100
AcDbArc
 50
90.0
 51
137.1563569546
  0
CIRCLE
  5
235
330
1F
100
AcDbEntity
  8
MODELSKETCH_VISIBLE
  6
Continuous
 62
     7
100
AcDbCircle
 10
685.1973117415
 20
590.1789921009
 30
0.0
 40
1.0
  0
LINE
  5
236
330
1F
100
AcDbEntity
  8
MODELSKETCH_VISIBLE
  6
Continuous
 62
     7
100
AcDbLine
 10
763.0973117415
 20
421.4214921009
 30
0.0
 11
763.0973117415
 21
419.8214921009
 31
0.0
  0
LINE
  5
237
330
1F
100
AcDbEntity
  8
MODELSKETCH_VISIBLE
  6
Continuous
 62
     7
100
AcDbLine
 10
683.6733117415
 20
425.8029921009
 30
0.0
 11
686.7213117415
 21
422.7549921009
 31
0.0
  0
LINE
  5
238
330
1F
100
AcDbEntity
  8
MODELSKETCH_VISIBLE
  6
Continuous
 62
     7
100
AcDbLine
 10
686.7213117415
 20
601.7029921009
 30
0.0
 11
683.6733117415
 21
598.6549921009
 31
0.0
  0
LINE
  5
239
330
1F
100
AcDbEntity
  8
MODELSKETCH_VISIBLE
  6
Continuous
 62
     7
100
AcDbLine
 10
711.6733117415
 20
395.8029921009
 30
0.0
 11
714.7213117415
 21
392.7549921009
 31
0.0
  0
LINE
  5
23A
330
1F
100
AcDbEntity
  8
MODELSKETCH_VISIBLE
  6
Continuous
 62
     7
100
AcDbLine
 10
736.1947893184
 20
608.4969696779
 30
0.0
 11
734.1998341645
 21
606.5020145239
 31
0.0
  0
LINE
  5
23B
330
1F
100
AcDbEntity
  8
MODELSKETCH_VISIBLE
  6
Continuous
 62
     7
100
AcDbLine
 10
690.0233117415
 20
641.8454921009
 30
0.0
 11
693.0713117415
 21
638.7974921009
 31
0.0
  0
LINE
  5
23C
330
1F
100
AcDbEntity
  8
MODELSKETCH_VISIBLE
  6
Continuous
 62
     7
100
AcDbLine
 10
748.1947893184
 20
495.2469696779
 30
0.0
 11
746.1998341645
 21
493.2520145239
 31
0.0
  0
LINE
  5
23D
330
1F
100
AcDbEntity
  8
MODELSKETCH_VISIBLE
  6
Continuous
 62
     7
100
AcDbLine
 10
736.1582411093
 20
410.6385627331
 30
0.0
 11
734.2363823736
 21
412.5604214688
 31
0.0
  0
LINE
  5
23E
330
1F
100
AcDbEntity
  8
MODELSKETCH_VISIBLE
  6
Continuous
 62
     7
100
AcDbLine
 10
714.7213117415
 20
611.7029921009
 30
0.0
 11
711.6733117415
 21
608.6549921009
 31
0.0
  0
CIRCLE
  5
23F
330
1F
100
AcDbEntity
  8
MODELSKETCH_VISIBLE
  6
Continuous
 62
     7
100
AcDbCircle
 10
713.1973117415
 20
516.9291921009
 30
0.0
 40
1.0
  0
LINE
  5
240
330
1F
100
AcDbEntity
  8
MODELSKETCH_VISIBLE
  6
Continuous
 62
     7
100
AcDbLine
 10
736.1582411093
 20
350.6385627331
 30
0.0
 11
734.2363823736
 21
352.5604214688
 31
0.0
  0
LINE
  5
241
330
1F
100
AcDbEntity
  8
MODELSKETCH_VISIBLE
  6
Continuous
 62
     7
100
AcDbLine
 10
714.7213117415
 20
365.8029921009
 30
0.0
 11
711.6733117415
 21
362.7549921009
 31
0.0
  0
LINE
  5
242
330
1F
100
AcDbEntity
  8
MODELSKETCH_VISIBLE
  6
Continuous
 62
     7
100
AcDbLine
 10
736.1947893184
 20
576.5020145239
 30
0.0
 11
734.1998341645
 21
578.4969696779
 31
0.0
  0
LINE
  5
243
330
1F
100
AcDbEntity
  8
MODELSKETCH_VISIBLE
  6
Continuous
 62
     7
100
AcDbLine
 10
742.1582411093
 20
332.3824214688
 30
0.0
 11
740.2363823736
 21
330.4605627331
 31
0.0
  0
LINE
  5
244
330
1F
100
AcDbEntity
  8
MODELSKETCH_VISIBLE
  6
Continuous
 62
     7
100
AcDbLine
 10
763.0973117415
 20
524.0714921009
 30
0.0
 11
763.0973117415
 21
522.4714921009
 31
0.0
  0
LINE
  5
245
330
1F
100
AcDbEntity
  8
MODELSKETCH_VISIBLE
  6
Continuous
 62
     7
100
AcDbLine
 10
748.1947893184
 20
536.5020145239
 30
0.0
 11
746.1998341645
 21
538.4969696779
 31
0.0
  0
CIRCLE
  5
246
330
1F
100
AcDbEntity
  8
MODELSKETCH_VISIBLE
  6
Continuous
 62
     7
100
AcDbCircle
 10
747.1973117415
 20
557.4994921009
 30
0.0
 40
1.0
  0
LINE
  5
247
330
1F
100
AcDbEntity
  8
MODELSKETCH_VISIBLE
  6
Continuous
 62
     7
100
AcDbLine
 10
736.1947893184
 20
495.2469696779
 30
0.0
 11
734.1998341645
 21
493.2520145239
 31
0.0
  0
LINE
  5
248
330
1F
100
AcDbEntity
  8
MODELSKETCH_VISIBLE
  6
Continuous
 62
     7
100
AcDbLine
 10
679.2865930746
 20
598.3456607678
 30
0.0
 11
682.3349304083
 21
595.2973234341
 31
0.0
  0
LINE
  5
249
330
1F
100
AcDbEntity
  8
MODELSKETCH_VISIBLE
  6
Continuous
 62
     7
100
AcDbLine
 10
663.2973117415
 20
637.3214921009
 30
0.0
 11
663.2973117415
 21
635.7214921009
 31
0.0
  0
CIRCLE
  5
24A
330
1F
100
AcDbEntity
  8
MODELSKETCH_VISIBLE
  6
Continuous
 62
     7
100
AcDbCircle
 10
735.1973117415
 20
341.5994921009
 30
0.0
 40
1.0
  0
LINE
  5
24B
330
1F
100
AcDbEntity
  8
MODELSKETCH_VISIBLE
  6
Continuous
 62
     7
100
AcDbLine
 10
711.6733117415
 20
355.8029921009
 30
0.0
 11
714.7213117415
 21
352.7549921009
 31
0.0
  0
LINE
  5
24C
330
1F
100
AcDbEntity
  8
MODELSKETCH_VISIBLE
  6
Continuous
 62
     7
100
AcDbLine
 10
686.7213117415
 20
405.8029921009
 30
0.0
 11
683.6733117415
 21
402.7549921009
 31
0.0
  0
LINE
  5
24D
330
1F
100
AcDbEntity
  8
MODELSKETCH_VISIBLE
  6
Continuous
 62
     7
100
AcDbLine
 10
711.6733117415
 20
591.7029921009
 30
0.0
 11
714.7213117415
 21
588.6549921009
 31
0.0
  0
CIRCLE
  5
24E
330
1F
100
AcDbEntity
  8
MODELSKETCH_VISIBLE
  6
Continuous
 62
     7
100
AcDbCircle
 10
747.1973117415
 20
351.4214921009
 30
0.0
 40
1.0
  0
LINE
  5
24F
330
1F
100
AcDbEntity
  8
MODELSKETCH_VISIBLE
  6
Continuous
 62
     7
100
AcDbLine
 10
686.7213117415
 20
508.4531921009
 30
0.0
 11
683.6733117415
 21
505.4051921009
 31
0.0
  0
LINE
  5
250
330
1F
100
AcDbEntity
  8
MODELSKETCH_VISIBLE
  6
Continuous
 62
     7
100
AcDbLine
 10
748.1947893184
 20
505.2469696779
 30
0.0
 11
746.1998341645
 21
503.2520145239
 31
0.0
  0
LINE
  5
251
330
1F
100
AcDbEntity
  8
MODELSKETCH_VISIBLE
  6
Continuous
 62
     7
100
AcDbLine
 10
663.2973117415
 20
555.7214921009
 30
0.0
 11
763.0973117415
 21
555.7214921009
 31
0.0
  0
CIRCLE
  5
252
330
1F
100
AcDbEntity
  8
MODELSKETCH_VISIBLE
  6
Continuous
 62
     7
100
AcDbCircle
 10
685.1973117415
 20
516.9291921009
 30
0.0
 40
1.0
  0
LINE
  5
253
330
1F
100
AcDbEntity
  8
MODELSKETCH_VISIBLE
  6
Continuous
 62
     7
100
AcDbLine
 10
683.6733117415
 20
571.7029921009
 30
0.0
 11
686.7213117415
 21
568.6549921009
 31
0.0
  0
LINE
  5
254
330
1F
100
AcDbEntity
  8
MODELSKETCH_VISIBLE
  6
Continuous
 62
     7
100
AcDbLine
 10
742.1947893184
 20
538.4969696779
 30
0.0
 11
740.1998341645
 21
536.5020145239
 31
0.0
  0
LINE
  5
255
330
1F
100
AcDbEntity
  8
MODELSKETCH_VISIBLE
  6
Continuous
 62
     7
100
AcDbLine
 10
742.1582411093
 20
362.3824214688
 30
0.0
 11
740.2363823736
 21
360.4605627331
 31
0.0
  0
ARC
  5
256
330
1F
100
AcDbEntity
  8
MODELSKETCH_VISIBLE
  6
Continuous
 62
     7
100
AcDbCircle
 10
748.1973117415
 20
326.3214921009
 30
0.0
 40
2.500000000000016
100
AcDbArc
 50
270.0
 51
0.0
  0
LINE
  5
257
330
1F
100
AcDbEntity
  8
MODELSKETCH_VISIBLE
  6
Continuous
 62
     7
100
AcDbLine
 10
742.1947893184
 20
556.5020145239
 30
0.0
 11
740.1998341645
 21
558.4969696779
 31
0.0
  0
LINE
  5
258
330
1F
100
AcDbEntity
  8
MODELSKETCH_VISIBLE
  6
Continuous
 62
     7
100
AcDbLine
 10
686.7213117415
 20
345.8029921009
 30
0.0
 11
683.6733117415
 21
342.7549921009
 31
0.0
  0
CIRCLE
  5
259
330
1F
100
AcDbEntity
  8
MODELSKETCH_VISIBLE
  6
Continuous
 62
     7
100
AcDbCircle
 10
685.1973117415
 20
506.9291921009
 30
0.0
 40
1.0
  0
LINE
  5
25A
330
1F
100
AcDbEntity
  8
MODELSKETCH_VISIBLE
  6
Continuous
 62
     7
100
AcDbLine
 10
736.1947893184
 20
503.2520145239
 30
0.0
 11
734.1998341645
 21
505.2469696779
 31
0.0
  0
CIRCLE
  5
25B
330
1F
100
AcDbEntity
  8
MODELSKETCH_VISIBLE
  6
Continuous
 62
     7
100
AcDbCircle
 10
713.1973117415
 20
506.9291921009
 30
0.0
 40
1.0
  0
LINE
  5
25C
330
1F
100
AcDbEntity
  8
MODELSKETCH_VISIBLE
  6
Continuous
 62
     7
100
AcDbLine
 10
748.1582411093
 20
392.3824214688
 30
0.0
 11
746.2363823736
 21
390.4605627331
 31
0.0
  0
LINE
  5
25D
330
1F
100
AcDbEntity
  8
MODELSKETCH_VISIBLE
  6
Continuous
 62
     7
100
AcDbLine
 10
742.1947893184
 20
578.4969696779
 30
0.0
 11
740.1998341645
 21
576.5020145239
 31
0.0
  0
LINE
  5
25E
330
1F
100
AcDbEntity
  8
MODELSKETCH_VISIBLE
  6
Continuous
 62
     7
100
AcDbLine
 10
742.1947893184
 20
628.4969696779
 30
0.0
 11
740.1998341645
 21
626.5020145239
 31
0.0
  0
CIRCLE
  5
25F
330
1F
100
AcDbEntity
  8
MODELSKETCH_VISIBLE
  6
Continuous
 62
     7
100
AcDbCircle
 10
685.1973117415
 20
540.1789921009
 30
0.0
 40
1.0
  0
LINE
  5
260
330
1F
100
AcDbEntity
  8
MODELSKETCH_VISIBLE
  6
Continuous
 62
     7
100
AcDbLine
 10
718.0303420195
 20
323.8214921009
 30
0.0
 11
748.1973117415
 21
323.8214921009
 31
0.0
  0
LINE
  5
261
330
1F
100
AcDbEntity
  8
MODELSKETCH_VISIBLE
  6
Continuous
 62
     7
100
AcDbLine
 10
748.1947893184
 20
556.5020145239
 30
0.0
 11
746.1998341645
 21
558.4969696779
 31
0.0
  0
CIRCLE
  5
262
330
1F
100
AcDbEntity
  8
MODELSKETCH_VISIBLE
  6
Continuous
 62
     7
100
AcDbCircle
 10
747.1973117415
 20
607.4994921009
 30
0.0
 40
1.0
  0
LINE
  5
263
330
1F
100
AcDbEntity
  8
MODELSKETCH_VISIBLE
  6
Continuous
 62
     7
100
AcDbLine
 10
748.1947893184
 20
445.6689696779
 30
0.0
 11
746.1998341645
 21
443.6740145239
 31
0.0
  0
LINE
  5
264
330
1F
100
AcDbEntity
  8
MODELSKETCH_VISIBLE
  6
Continuous
 62
     7
100
AcDbLine
 10
763.0973117415
 20
537.3214921009
 30
0.0
 11
763.0973117415
 21
535.7214921009
 31
0.0
  0
CIRCLE
  5
265
330
1F
100
AcDbEntity
  8
MODELSKETCH_VISIBLE
  6
Continuous
 62
     7
100
AcDbCircle
 10
741.1973117415
 20
537.4994921009
 30
0.0
 40
1.0
  0
LINE
  5
266
330
1F
100
AcDbEntity
  8
MODELSKETCH_VISIBLE
  6
Continuous
 62
     7
100
AcDbLine
 10
686.7213117415
 20
425.8029921009
 30
0.0
 11
683.6733117415
 21
422.7549921009
 31
0.0
  0
LINE
  5
267
330
1F
100
AcDbEntity
  8
MODELSKETCH_VISIBLE
  6
Continuous
 62
     7
100
AcDbLine
 10
683.6733117415
 20
591.7029921009
 30
0.0
 11
686.7213117415
 21
588.6549921009
 31
0.0
  0
LINE
  5
268
330
1F
100
AcDbEntity
  8
MODELSKETCH_VISIBLE
  6
Continuous
 62
     7
100
AcDbLine
 10
748.1947893184
 20
473.6740145239
 30
0.0
 11
746.1998341645
 21
475.6689696779
 31
0.0
  0
CIRCLE
  5
269
330
1F
100
AcDbEntity
  8
MODELSKETCH_VISIBLE
  6
Continuous
 62
     7
100
AcDbCircle
 10
741.1973117415
 20
351.4214921009
 30
0.0
 40
1.0
  0
LINE
  5
26A
330
1F
100
AcDbEntity
  8
MODELSKETCH_VISIBLE
  6
Continuous
 62
     7
100
AcDbLine
 10
748.1947893184
 20
548.4969696779
 30
0.0
 11
746.1998341645
 21
546.5020145239
 31
0.0
  0
ARC
  5
26B
330
1F
100
AcDbEntity
  8
MODELSKETCH_VISIBLE
  6
Continuous
 62
     7
100
AcDbCircle
 10
708.3642814635
 20
326.3214921009
 30
0.0
 40
2.5
100
AcDbArc
 50
269.9999999999
 51
317.1563569564
  0
LINE
  5
26C
330
1F
100
AcDbEntity
  8
MODELSKETCH_VISIBLE
  6
Continuous
 62
     7
100
AcDbLine
 10
663.2973117415
 20
409.8214921009
 30
0.0
 11
763.0973117415
 21
409.8214921009
 31
0.0
  0
LINE
  5
26D
330
1F
100
AcDbEntity
  8
MODELSKETCH_VISIBLE
  6
Continuous
 62
     7
100
AcDbLine
 10
663.2973117415
 20
421.4214921009
 30
0.0
 11
763.0973117415
 21
421.4214921009
 31
0.0
  0
CIRCLE
  5
26E
330
1F
100
AcDbEntity
  8
MODELSKETCH_VISIBLE
  6
Continuous
 62
     7
100
AcDbCircle
 10
691.5473117415
 20
447.5289921009
 30
0.0
 40
1.0
  0
LINE
  5
26F
330
1F
100
AcDbEntity
  8
MODELSKETCH_VISIBLE
  6
Continuous
 62
     7
100
AcDbLine
 10
683.6733117415
 20
415.8029921009
 30
0.0
 11
686.7213117415
 21
412.7549921009
 31
0.0
  0
LINE
  5
270
330
1F
100
AcDbEntity
  8
MODELSKETCH_VISIBLE
  6
Continuous
 62
     7
100
AcDbLine
 10
742.1947893184
 20
548.4969696779
 30
0.0
 11
740.1998341645
 21
546.5020145239
 31
0.0
  0
CIRCLE
  5
271
330
1F
100
AcDbEntity
  8
MODELSKETCH_VISIBLE
  6
Continuous
 62
     7
100
AcDbCircle
 10
741.1973117415
 20
341.4214921009
 30
0.0
 40
1.0
  0
LINE
  5
272
330
1F
100
AcDbEntity
  8
MODELSKETCH_VISIBLE
  6
Continuous
 62
     7
100
AcDbLine
 10
742.1947893184
 20
525.2469696779
 30
0.0
 11
740.1998341645
 21
523.2520145239
 31
0.0
  0
LINE
  5
273
330
1F
100
AcDbEntity
  8
MODELSKETCH_VISIBLE
  6
Continuous
 62
     7
100
AcDbLine
 10
736.1582411093
 20
382.5604214688
 30
0.0
 11
734.2363823736
 21
380.6385627331
 31
0.0
  0
LINE
  5
274
330
1F
100
AcDbEntity
  8
MODELSKETCH_VISIBLE
  6
Continuous
 62
     7
100
AcDbLine
 10
686.7213117415
 20
355.8029921009
 30
0.0
 11
683.6733117415
 21
352.7549921009
 31
0.0
  0
LINE
  5
275
330
1F
100
AcDbEntity
  8
MODELSKETCH_VISIBLE
  6
Continuous
 62
     7
100
AcDbLine
 10
763.0973117415
 20
454.6714921009
 30
0.0
 11
763.0973117415
 21
453.0714921009
 31
0.0
  0
CIRCLE
  5
276
330
1F
100
AcDbEntity
  8
MODELSKETCH_VISIBLE
  6
Continuous
 62
     7
100
AcDbCircle
 10
685.1973117415
 20
600.1789921009
 30
0.0
 40
1.0
  0
LINE
  5
277
330
1F
100
AcDbEntity
  8
MODELSKETCH_VISIBLE
  6
Continuous
 62
     7
100
AcDbLine
 10
714.7213117415
 20
415.8029921009
 30
0.0
 11
711.6733117415
 21
412.7549921009
 31
0.0
  0
LINE
  5
278
330
1F
100
AcDbEntity
  8
MODELSKETCH_VISIBLE
  6
Continuous
 62
     7
100
AcDbLine
 10
663.2973117415
 20
577.3214921009
 30
0.0
 11
763.0973117415
 21
577.3214921009
 31
0.0
  0
CIRCLE
  5
279
330
1F
100
AcDbEntity
  8
MODELSKETCH_VISIBLE
  6
Continuous
 62
     7
100
AcDbCircle
 10
713.1973117415
 20
570.1789921009
 30
0.0
 40
1.0
  0
CIRCLE
  5
27A
330
1F
100
AcDbEntity
  8
MODELSKETCH_VISIBLE
  6
Continuous
 62
     7
100
AcDbCircle
 10
747.1973117415
 20
341.4214921009
 30
0.0
 40
1.0
  0
LINE
  5
27B
330
1F
100
AcDbEntity
  8
MODELSKETCH_VISIBLE
  6
Continuous
 62
     7
100
AcDbLine
 10
736.1582411093
 20
380.6385627331
 30
0.0
 11
734.2363823736
 21
382.5604214688
 31
0.0
  0
CIRCLE
  5
27C
330
1F
100
AcDbEntity
  8
MODELSKETCH_VISIBLE
  6
Continuous
 62
     7
100
AcDbCircle
 10
713.1973117415
 20
600.1789921009
 30
0.0
 40
1.0
  0
LINE
  5
27D
330
1F
100
AcDbEntity
  8
MODELSKETCH_VISIBLE
  6
Continuous
 62
     7
100
AcDbLine
 10
663.2973117415
 20
464.6714921009
 30
0.0
 11
763.0973117415
 21
464.6714921009
 31
0.0
  0
CIRCLE
  5
27E
330
1F
100
AcDbEntity
  8
MODELSKETCH_VISIBLE
  6
Continuous
 62
     7
100
AcDbCircle
 10
713.1973117415
 20
334.2789921009
 30
0.0
 40
1.0
  0
LINE
  5
27F
330
1F
100
AcDbEntity
  8
MODELSKETCH_VISIBLE
  6
Continuous
 62
     7
100
AcDbLine
 10
736.1947893184
 20
493.2520145239
 30
0.0
 11
734.1998341645
 21
495.2469696779
 31
0.0
  0
LINE
  5
280
330
1F
100
AcDbEntity
  8
MODELSKETCH_VISIBLE
  6
Continuous
 62
     7
100
AcDbLine
 10
742.1947893184
 20
546.5020145239
 30
0.0
 11
740.1998341645
 21
548.4969696779
 31
0.0
  0
ARC
  5
281
330
1F
100
AcDbEntity
  8
MODELSKETCH_VISIBLE
  6
Continuous
 62
     7
100
AcDbCircle
 10
718.0303420195
 20
326.3214921011
 30
0.0
 40
2.500000000176076
100
AcDbArc
 50
222.8436430454
 51
270.0
  0
CIRCLE
  5
282
330
1F
100
AcDbEntity
  8
MODELSKETCH_VISIBLE
  6
Continuous
 62
     7
100
AcDbCircle
 10
713.1973117415
 20
374.2789921009
 30
0.0
 40
1.0
  0
LINE
  5
283
330
1F
100
AcDbEntity
  8
MODELSKETCH_VISIBLE
  6
Continuous
 62
     7
100
AcDbLine
 10
748.1582411093
 20
412.3824214688
 30
0.0
 11
746.2363823736
 21
410.4605627331
 31
0.0
  0
LINE
  5
284
330
1F
100
AcDbEntity
  8
MODELSKETCH_VISIBLE
  6
Continuous
 62
     7
100
AcDbLine
 10
748.1947893184
 20
503.2520145239
 30
0.0
 11
746.1998341645
 21
505.2469696779
 31
0.0
  0
LINE
  5
285
330
1F
100
AcDbEntity
  8
MODELSKETCH_VISIBLE
  6
Continuous
 62
     7
100
AcDbLine
 10
742.1582411093
 20
382.3824214688
 30
0.0
 11
740.2363823736
 21
380.4605627331
 31
0.0
  0
LINE
  5
286
330
1F
100
AcDbEntity
  8
MODELSKETCH_VISIBLE
  6
Continuous
 62
     7
100
AcDbLine
 10
714.7213117415
 20
355.8029921009
 30
0.0
 11
711.6733117415
 21
352.7549921009
 31
0.0
  0
LINE
  5
287
330
1F
100
AcDbEntity
  8
MODELSKETCH_VISIBLE
  6
Continuous
 62
     7
100
AcDbLine
 10
686.7213117415
 20
581.7029921009
 30
0.0
 11
683.6733117415
 21
578.6549921009
 31
0.0
  0
CIRCLE
  5
288
330
1F
100
AcDbEntity
  8
MODELSKETCH_VISIBLE
  6
Continuous
 62
     7
100
AcDbCircle
 10
741.1973117415
 20
547.4994921009
 30
0.0
 40
1.0
  0
LINE
  5
289
330
1F
100
AcDbEntity
  8
MODELSKETCH_VISIBLE
  6
Continuous
 62
     7
100
AcDbLine
 10
748.1582411093
 20
400.4605627331
 30
0.0
 11
746.2363823736
 21
402.3824214688
 31
0.0
  0
CIRCLE
  5
28A
330
1F
100
AcDbEntity
  8
MODELSKETCH_VISIBLE
  6
Continuous
 62
     7
100
AcDbCircle
 10
747.1973117415
 20
361.4214921009
 30
0.0
 40
1.0
  0
LINE
  5
28B
330
1F
100
AcDbEntity
  8
MODELSKETCH_VISIBLE
  6
Continuous
 62
     7
100
AcDbLine
 10
736.1947893184
 20
505.2469696779
 30
0.0
 11
734.1998341645
 21
503.2520145239
 31
0.0
  0
LINE
  5
28C
330
1F
100
AcDbEntity
  8
MODELSKETCH_VISIBLE
  6
Continuous
 62
     7
100
AcDbLine
 10
711.6733117415
 20
415.8029921009
 30
0.0
 11
714.7213117415
 21
412.7549921009
 31
0.0
  0
LINE
  5
28D
330
1F
100
AcDbEntity
  8
MODELSKETCH_VISIBLE
  6
Continuous
 62
     7
100
AcDbLine
 10
736.1947893184
 20
455.8469696779
 30
0.0
 11
734.1998341645
 21
453.8520145239
 31
0.0
  0
LINE
  5
28E
330
1F
100
AcDbEntity
  8
MODELSKETCH_VISIBLE
  6
Continuous
 62
     7
100
AcDbLine
 10
742.1947893184
 20
608.4969696779
 30
0.0
 11
740.1998341645
 21
606.5020145239
 31
0.0
  0
CIRCLE
  5
28F
330
1F
100
AcDbEntity
  8
MODELSKETCH_VISIBLE
  6
Continuous
 62
     7
100
AcDbCircle
 10
735.1973117415
 20
567.4994921009
 30
0.0
 40
1.0
  0
CIRCLE
  5
290
330
1F
100
AcDbEntity
  8
MODELSKETCH_VISIBLE
  6
Continuous
 62
     7
100
AcDbCircle
 10
741.1973117415
 20
421.4214921009
 30
0.0
 40
1.0
  0
LINE
  5
291
330
1F
100
AcDbEntity
  8
MODELSKETCH_VISIBLE
  6
Continuous
 62
     7
100
AcDbLine
 10
736.1947893184
 20
538.4969696779
 30
0.0
 11
734.1998341645
 21
536.5020145239
 31
0.0
  0
LINE
  5
292
330
1F
100
AcDbEntity
  8
MODELSKETCH_VISIBLE
  6
Continuous
 62
     7
100
AcDbLine
 10
714.7213117415
 20
335.8029921009
 30
0.0
 11
711.6733117415
 21
332.7549921009
 31
0.0
  0
CIRCLE
  5
293
330
1F
100
AcDbEntity
  8
MODELSKETCH_VISIBLE
  6
Continuous
 62
     7
100
AcDbCircle
 10
747.1973117415
 20
617.4994921009
 30
0.0
 40
1.0
  0
LINE
  5
294
330
1F
100
AcDbEntity
  8
MODELSKETCH_VISIBLE
  6
Continuous
 62
     7
100
AcDbLine
 10
748.1947893184
 20
453.6740145239
 30
0.0
 11
746.1998341645
 21
455.6689696779
 31
0.0
  0
LINE
  5
295
330
1F
100
AcDbEntity
  8
MODELSKETCH_VISIBLE
  6
Continuous
 62
     7
100
AcDbLine
 10
711.6733117415
 20
335.8029921009
 30
0.0
 11
714.7213117415
 21
332.7549921009
 31
0.0
  0
CIRCLE
  5
296
330
1F
100
AcDbEntity
  8
MODELSKETCH_VISIBLE
  6
Continuous
 62
     7
100
AcDbCircle
 10
713.1973117415
 20
354.2789921009
 30
0.0
 40
1.0
  0
CIRCLE
  5
297
330
1F
100
AcDbEntity
  8
MODELSKETCH_VISIBLE
  6
Continuous
 62
     7
100
AcDbCircle
 10
685.1973117415
 20
394.2789921009
 30
0.0
 40
1.0
  0
LINE
  5
298
330
1F
100
AcDbEntity
  8
MODELSKETCH_VISIBLE
  6
Continuous
 62
     7
100
AcDbLine
 10
714.7213117415
 20
425.8029921009
 30
0.0
 11
711.6733117415
 21
422.7549921009
 31
0.0
  0
ARC
  5
299
330
1F
100
AcDbEntity
  8
MODELSKETCH_VISIBLE
  6
Continuous
 62
     7
100
AcDbCircle
 10
678.1973117415
 20
640.8214921009
 30
0.0
 40
2.500000000000016
100
AcDbArc
 50
90.0
 51
180.0
  0
LINE
  5
29A
330
1F
100
AcDbEntity
  8
MODELSKETCH_VISIBLE
  6
Continuous
 62
     7
100
AcDbLine
 10
748.1947893184
 20
558.4969696779
 30
0.0
 11
746.1998341645
 21
556.5020145239
 31
0.0
  0
CIRCLE
  5
29B
330
1F
100
AcDbEntity
  8
MODELSKETCH_VISIBLE
  6
Continuous
 62
     7
100
AcDbCircle
 10
685.1973117415
 20
414.2789921009
 30
0.0
 40
1.0
  0
CIRCLE
  5
29C
330
1F
100
AcDbEntity
  8
MODELSKETCH_VISIBLE
  6
Continuous
 62
     7
100
AcDbCircle
 10
747.1973117415
 20
431.4214921009
 30
0.0
 40
1.0
  0
LINE
  5
29D
330
1F
100
AcDbEntity
  8
MODELSKETCH_VISIBLE
  6
Continuous
 62
     7
100
AcDbLine
 10
663.2973117415
 20
453.0714921009
 30
0.0
 11
763.0973117415
 21
453.0714921009
 31
0.0
  0
LINE
  5
29E
330
1F
100
AcDbEntity
  8
MODELSKETCH_VISIBLE
  6
Continuous
 62
     7
100
AcDbLine
 10
736.1947893184
 20
475.8469696779
 30
0.0
 11
734.1998341645
 21
473.8520145239
 31
0.0
  0
LINE
  5
29F
330
1F
100
AcDbEntity
  8
MODELSKETCH_VISIBLE
  6
Continuous
 62
     7
100
AcDbLine
 10
686.7213117415
 20
591.7029921009
 30
0.0
 11
683.6733117415
 21
588.6549921009
 31
0.0
  0
LINE
  5
2A0
330
1F
100
AcDbEntity
  8
MODELSKETCH_VISIBLE
  6
Continuous
 62
     7
100
AcDbLine
 10
736.1947893184
 20
546.5020145239
 30
0.0
 11
734.1998341645
 21
548.4969696779
 31
0.0
  0
CIRCLE
  5
2A1
330
1F
100
AcDbEntity
  8
MODELSKETCH_VISIBLE
  6
Continuous
 62
     7
100
AcDbCircle
 10
685.1973117415
 20
404.2789921009
 30
0.0
 40
1.0
  0
LINE
  5
2A2
330
1F
100
AcDbEntity
  8
MODELSKETCH_VISIBLE
  6
Continuous
 62
     7
100
AcDbLine
 10
714.7213117415
 20
459.0529921009
 30
0.0
 11
711.6733117415
 21
456.0049921009
 31
0.0
  0
LINE
  5
2A3
330
1F
100
AcDbEntity
  8
MODELSKETCH_VISIBLE
  6
Continuous
 62
     7
100
AcDbLine
 10
663.2973117415
 20
617.3214921009
 30
0.0
 11
763.0973117415
 21
617.3214921009
 31
0.0
  0
CIRCLE
  5
2A4
330
1F
100
AcDbEntity
  8
MODELSKETCH_VISIBLE
  6
Continuous
 62
     7
100
AcDbCircle
 10
713.1973117415
 20
496.9291921009
 30
0.0
 40
1.0
  0
LINE
  5
2A5
330
1F
100
AcDbEntity
  8
MODELSKETCH_VISIBLE
  6
Continuous
 62
     7
100
AcDbLine
 10
736.1582411093
 20
360.6385627331
 30
0.0
 11
734.2363823736
 21
362.5604214688
 31
0.0
  0
LINE
  5
2A6
330
1F
100
AcDbEntity
  8
MODELSKETCH_VISIBLE
  6
Continuous
 62
     7
100
AcDbLine
 10
663.2973117415
 20
351.4214921009
 30
0.0
 11
663.2973117415
 21
349.8214921009
 31
0.0
  0
CIRCLE
  5
2A7
330
1F
100
AcDbEntity
  8
MODELSKETCH_VISIBLE
  6
Continuous
 62
     7
100
AcDbCircle
 10
685.1973117415
 20
354.2789921009
 30
0.0
 40
1.0
  0
CIRCLE
  5
2A8
330
1F
100
AcDbEntity
  8
MODELSKETCH_VISIBLE
  6
Continuous
 62
     7
100
AcDbCircle
 10
729.6973117415
 20
616.8214921009
 30
0.0
 40
1.875
  0
LINE
  5
2A9
330
1F
100
AcDbEntity
  8
MODELSKETCH_VISIBLE
  6
Continuous
 62
     7
100
AcDbLine
 10
748.1582411093
 20
342.3824214688
 30
0.0
 11
746.2363823736
 21
340.4605627331
 31
0.0
  0
CIRCLE
  5
2AA
330
1F
100
AcDbEntity
  8
MODELSKETCH_VISIBLE
  6
Continuous
 62
     7
100
AcDbCircle
 10
735.1973117415
 20
514.2494921009
 30
0.0
 40
1.0
  0
LINE
  5
2AB
330
1F
100
AcDbEntity
  8
MODELSKETCH_VISIBLE
  6
Continuous
 62
     7
100
AcDbLine
 10
742.1582411093
 20
380.4605627331
 30
0.0
 11
740.2363823736
 21
382.3824214688
 31
0.0
  0
CIRCLE
  5
2AC
330
1F
100
AcDbEntity
  8
MODELSKETCH_VISIBLE
  6
Continuous
 62
     7
100
AcDbCircle
 10
735.1973117415
 20
504.2494921009
 30
0.0
 40
1.0
  0
LINE
  5
2AD
330
1F
100
AcDbEntity
  8
MODELSKETCH_VISIBLE
  6
Continuous
 62
     7
100
AcDbLine
 10
686.7213117415
 20
541.7029921009
 30
0.0
 11
683.6733117415
 21
538.6549921009
 31
0.0
  0
CIRCLE
  5
2AE
330
1F
100
AcDbEntity
  8
MODELSKETCH_VISIBLE
  6
Continuous
 62
     7
100
AcDbCircle
 10
741.1973117415
 20
637.4994921009
 30
0.0
 40
1.0
  0
LINE
  5
2AF
330
1F
100
AcDbEntity
  8
MODELSKETCH_VISIBLE
  6
Continuous
 62
     7
100
AcDbLine
 10
714.7213117415
 20
601.7029921009
 30
0.0
 11
711.6733117415
 21
598.6549921009
 31
0.0
  0
LINE
  5
2B0
330
1F
100
AcDbEntity
  8
MODELSKETCH_VISIBLE
  6
Continuous
 62
     7
100
AcDbLine
 10
748.1947893184
 20
493.2520145239
 30
0.0
 11
746.1998341645
 21
495.2469696779
 31
0.0
  0
CIRCLE
  5
2B1
330
1F
100
AcDbEntity
  8
MODELSKETCH_VISIBLE
  6
Continuous
 62
     7
100
AcDbCircle
 10
713.1973117415
 20
590.1789921009
 30
0.0
 40
1.0
  0
LINE
  5
2B2
330
1F
100
AcDbEntity
  8
MODELSKETCH_VISIBLE
  6
Continuous
 62
     7
100
AcDbLine
 10
763.0973117415
 20
381.4214921009
 30
0.0
 11
763.0973117415
 21
379.8214921009
 31
0.0
  0
LINE
  5
2B3
330
1F
100
AcDbEntity
  8
MODELSKETCH_VISIBLE
  6
Continuous
 62
     7
100
AcDbLine
 10
742.1947893184
 20
493.2520145239
 30
0.0
 11
740.1998341645
 21
495.2469696779
 31
0.0
  0
LINE
  5
2B4
330
1F
100
AcDbEntity
  8
MODELSKETCH_VISIBLE
  6
Continuous
 62
     7
100
AcDbLine
 10
714.7213117415
 20
405.8029921009
 30
0.0
 11
711.6733117415
 21
402.7549921009
 31
0.0
  0
LINE
  5
2B5
330
1F
100
AcDbEntity
  8
MODELSKETCH_VISIBLE
  6
Continuous
 62
     7
100
AcDbLine
 10
742.1947893184
 20
463.6740145239
 30
0.0
 11
740.1998341645
 21
465.6689696779
 31
0.0
  0
LINE
  5
2B6
330
1F
100
AcDbEntity
  8
MODELSKETCH_VISIBLE
  6
Continuous
 62
     7
100
AcDbLine
 10
683.6733117415
 20
375.8029921009
 30
0.0
 11
686.7213117415
 21
372.7549921009
 31
0.0
  0
CIRCLE
  5
2B7
330
1F
100
AcDbEntity
  8
MODELSKETCH_VISIBLE
  6
Continuous
 62
     7
100
AcDbCircle
 10
685.1973117415
 20
364.2789921009
 30
0.0
 40
1.0
  0
LINE
  5
2B8
330
1F
100
AcDbEntity
  8
MODELSKETCH_VISIBLE
  6
Continuous
 62
     7
100
AcDbLine
 10
736.1947893184
 20
588.4969696779
 30
0.0
 11
734.1998341645
 21
586.5020145239
 31
0.0
  0
CIRCLE
  5
2B9
330
1F
100
AcDbEntity
  8
MODELSKETCH_VISIBLE
  6
Continuous
 62
     7
100
AcDbCircle
 10
741.1973117415
 20
607.4994921009
 30
0.0
 40
1.0
  0
LINE
  5
2BA
330
1F
100
AcDbEntity
  8
MODELSKETCH_VISIBLE
  6
Continuous
 62
     7
100
AcDbLine
 10
711.6733117415
 20
611.7029921009
 30
0.0
 11
714.7213117415
 21
608.6549921009
 31
0.0
  0
CIRCLE
  5
2BB
330
1F
100
AcDbEntity
  8
MODELSKETCH_VISIBLE
  6
Continuous
 62
     7
100
AcDbCircle
 10
741.1973117415
 20
431.4214921009
 30
0.0
 40
1.0
  0
LINE
  5
2BC
330
1F
100
AcDbEntity
  8
MODELSKETCH_VISIBLE
  6
Continuous
 62
     7
100
AcDbLine
 10
663.2973117415
 20
547.3214921009
 30
0.0
 11
763.0973117415
 21
547.3214921009
 31
0.0
  0
ARC
  5
2BD
330
1F
100
AcDbEntity
  8
MODELSKETCH_VISIBLE
  6
Continuous
 62
     7
100
AcDbCircle
 10
678.1973117415
 20
326.3214921009
 30
0.0
 40
2.500000000000023
100
AcDbArc
 50
180.0
 51
270.0
  0
LINE
  5
2BE
330
1F
100
AcDbEntity
  8
MODELSKETCH_VISIBLE
  6
Continuous
 62
     7
100
AcDbLine
 10
742.1947893184
 20
558.4969696779
 30
0.0
 11
740.1998341645
 21
556.5020145239
 31
0.0
  0
CIRCLE
  5
2BF
330
1F
100
AcDbEntity
  8
MODELSKETCH_VISIBLE
  6
Continuous
 62
     7
100
AcDbCircle
 10
685.1973117415
 20
560.1789921009
 30
0.0
 40
1.0
  0
LINE
  5
2C0
330
1F
100
AcDbEntity
  8
MODELSKETCH_VISIBLE
  6
Continuous
 62
     7
100
AcDbLine
 10
663.2973117415
 20
585.7214921009
 30
0.0
 11
763.0973117415
 21
585.7214921009
 31
0.0
  0
LINE
  5
2C1
330
1F
100
AcDbEntity
  8
MODELSKETCH_VISIBLE
  6
Continuous
 62
     7
100
AcDbLine
 10
742.1947893184
 20
505.2469696779
 30
0.0
 11
740.1998341645
 21
503.2520145239
 31
0.0
  0
LINE
  5
2C2
330
1F
100
AcDbEntity
  8
MODELSKETCH_VISIBLE
  6
Continuous
 62
     7
100
AcDbLine
 10
736.1582411093
 20
402.5604214688
 30
0.0
 11
734.2363823736
 21
400.6385627331
 31
0.0
  0
CIRCLE
  5
2C3
330
1F
100
AcDbEntity
  8
MODELSKETCH_VISIBLE
  6
Continuous
 62
     7
100
AcDbCircle
 10
735.1973117415
 20
381.5994921009
 30
0.0
 40
1.0
  0
CIRCLE
  5
2C4
330
1F
100
AcDbEntity
  8
MODELSKETCH_VISIBLE
  6
Continuous
 62
     7
100
AcDbCircle
 10
741.1973117415
 20
514.2494921009
 30
0.0
 40
1.0
  0
LINE
  5
2C5
330
1F
100
AcDbEntity
  8
MODELSKETCH_VISIBLE
  6
Continuous
 62
     7
100
AcDbLine
 10
686.7213117415
 20
498.4531921009
 30
0.0
 11
683.6733117415
 21
495.4051921009
 31
0.0
  0
LINE
  5
2C6
330
1F
100
AcDbEntity
  8
MODELSKETCH_VISIBLE
  6
Continuous
 62
     7
100
AcDbLine
 10
663.2973117415
 20
575.7214921009
 30
0.0
 11
763.0973117415
 21
575.7214921009
 31
0.0
  0
CIRCLE
  5
2C7
330
1F
100
AcDbEntity
  8
MODELSKETCH_VISIBLE
  6
Continuous
 62
     7
100
AcDbCircle
 10
691.5473117415
 20
526.8816421009
 30
0.0
 40
1.0
  0
LINE
  5
2C8
330
1F
100
AcDbEntity
  8
MODELSKETCH_VISIBLE
  6
Continuous
 62
     7
100
AcDbLine
 10
763.0973117415
 20
557.3214921009
 30
0.0
 11
763.0973117415
 21
555.7214921009
 31
0.0
  0
ARC
  5
2C9
330
1F
100
AcDbEntity
  8
MODELSKETCH_VISIBLE
  6
Continuous
 62
     7
100
AcDbCircle
 10
708.3642814635
 20
640.8214921009
 30
0.0
 40
2.5
100
AcDbArc
 50
42.8436430436
 51
90.0
  0
LINE
  5
2CA
330
1F
100
AcDbEntity
  8
MODELSKETCH_VISIBLE
  6
Continuous
 62
     7
100
AcDbLine
 10
663.2973117415
 20
411.4214921009
 30
0.0
 11
763.0973117415
 21
411.4214921009
 31
0.0
  0
LINE
  5
2CB
330
1F
100
AcDbEntity
  8
MODELSKETCH_VISIBLE
  6
Continuous
 62
     7
100
AcDbLine
 10
683.6733117415
 20
435.8029921009
 30
0.0
 11
686.7213117415
 21
432.7549921009
 31
0.0
  0
LINE
  5
2CC
330
1F
100
AcDbEntity
  8
MODELSKETCH_VISIBLE
  6
Continuous
 62
     7
100
AcDbLine
 10
748.1582411093
 20
350.4605627331
 30
0.0
 11
746.2363823736
 21
352.3824214688
 31
0.0
  0
LINE
  5
2CD
330
1F
100
AcDbEntity
  8
MODELSKETCH_VISIBLE
  6
Continuous
 62
     7
100
AcDbLine
 10
742.1947893184
 20
636.5020145239
 30
0.0
 11
740.1998341645
 21
638.4969696779
 31
0.0
  0
CIRCLE
  5
2CE
330
1F
100
AcDbEntity
  8
MODELSKETCH_VISIBLE
  6
Continuous
 62
     7
100
AcDbCircle
 10
713.1973117415
 20
404.2789921009
 30
0.0
 40
1.0
  0
LINE
  5
2CF
330
1F
100
AcDbEntity
  8
MODELSKETCH_VISIBLE
  6
Continuous
 62
     7
100
AcDbLine
 10
663.2973117415
 20
381.4214921009
 30
0.0
 11
663.2973117415
 21
379.8214921009
 31
0.0
  0
LINE
  5
2D0
330
1F
100
AcDbEntity
  8
MODELSKETCH_VISIBLE
  6
Continuous
 62
     7
100
AcDbLine
 10
711.6733117415
 20
449.0529921009
 30
0.0
 11
714.7213117415
 21
446.0049921009
 31
0.0
  0
CIRCLE
  5
2D1
330
1F
100
AcDbEntity
  8
MODELSKETCH_VISIBLE
  6
Continuous
 62
     7
100
AcDbCircle
 10
735.1973117415
 20
331.5994921009
 30
0.0
 40
1.0
  0
CIRCLE
  5
2D2
330
1F
100
AcDbEntity
  8
MODELSKETCH_VISIBLE
  6
Continuous
 62
     7
100
AcDbCircle
 10
713.1973117415
 20
447.5289921009
 30
0.0
 40
1.0
  0
LINE
  5
2D3
330
1F
100
AcDbEntity
  8
MODELSKETCH_VISIBLE
  6
Continuous
 62
     7
100
AcDbLine
 10
663.2973117415
 20
454.6714921009
 30
0.0
 11
763.0973117415
 21
454.6714921009
 31
0.0
  0
LINE
  5
2D4
330
1F
100
AcDbEntity
  8
MODELSKETCH_VISIBLE
  6
Continuous
 62
     7
100
AcDbLine
 10
742.1582411093
 20
422.3824214688
 30
0.0
 11
740.2363823736
 21
420.4605627331
 31
0.0
  0
LINE
  5
2D5
330
1F
100
AcDbEntity
  8
MODELSKETCH_VISIBLE
  6
Continuous
 62
     7
100
AcDbLine
 10
663.2973117415
 20
421.4214921009
 30
0.0
 11
663.2973117415
 21
419.8214921009
 31
0.0
  0
CIRCLE
  5
2D6
330
1F
100
AcDbEntity
  8
MODELSKETCH_VISIBLE
  6
Continuous
 62
     7
100
AcDbCircle
 10
747.1973117415
 20
401.4214921009
 30
0.0
 40
1.0
  0
CIRCLE
  5
2D7
330
1F
100
AcDbEntity
  8
MODELSKETCH_VISIBLE
  6
Continuous
 62
     7
100
AcDbCircle
 10
741.1973117415
 20
371.4214921009
 30
0.0
 40
1.0
  0
LINE
  5
2D8
330
1F
100
AcDbEntity
  8
MODELSKETCH_VISIBLE
  6
Continuous
 62
     7
100
AcDbLine
 10
742.1947893184
 20
586.5020145239
 30
0.0
 11
740.1998341645
 21
588.4969696779
 31
0.0
  0
LINE
  5
2D9
330
1F
100
AcDbEntity
  8
MODELSKETCH_VISIBLE
  6
Continuous
 62
     7
100
AcDbLine
 10
736.1947893184
 20
606.5020145239
 30
0.0
 11
734.1998341645
 21
608.4969696779
 31
0.0
  0
LINE
  5
2DA
330
1F
100
AcDbEntity
  8
MODELSKETCH_VISIBLE
  6
Continuous
 62
     7
100
AcDbLine
 10
748.1947893184
 20
618.4969696779
 30
0.0
 11
746.1998341645
 21
616.5020145239
 31
0.0
  0
LINE
  5
2DB
330
1F
100
AcDbEntity
  8
MODELSKETCH_VISIBLE
  6
Continuous
 62
     7
100
AcDbLine
 10
711.6733117415
 20
345.8029921009
 30
0.0
 11
714.7213117415
 21
342.7549921009
 31
0.0
  0
CIRCLE
  5
2DC
330
1F
100
AcDbEntity
  8
MODELSKETCH_VISIBLE
  6
Continuous
 62
     7
100
AcDbCircle
 10
735.1973117415
 20
401.5994921009
 30
0.0
 40
1.0
  0
CIRCLE
  5
2DD
330
1F
100
AcDbEntity
  8
MODELSKETCH_VISIBLE
  6
Continuous
 62
     7
100
AcDbCircle
 10
741.1973117415
 20
331.4214921009
 30
0.0
 40
1.0
  0
LINE
  5
2DE
330
1F
100
AcDbEntity
  8
MODELSKETCH_VISIBLE
  6
Continuous
 62
     7
100
AcDbLine
 10
736.1947893184
 20
536.5020145239
 30
0.0
 11
734.1998341645
 21
538.4969696779
 31
0.0
  0
LINE
  5
2DF
330
1F
100
AcDbEntity
  8
MODELSKETCH_VISIBLE
  6
Continuous
 62
     7
100
AcDbLine
 10
736.1582411093
 20
432.5604214688
 30
0.0
 11
734.2363823736
 21
430.6385627331
 31
0.0
  0
LINE
  5
2E0
330
1F
100
AcDbEntity
  8
MODELSKETCH_VISIBLE
  6
Continuous
 62
     7
100
AcDbLine
 10
742.1947893184
 20
495.2469696779
 30
0.0
 11
740.1998341645
 21
493.2520145239
 31
0.0
  0
CIRCLE
  5
2E1
330
1F
100
AcDbEntity
  8
MODELSKETCH_VISIBLE
  6
Continuous
 62
     7
100
AcDbCircle
 10
685.1973117415
 20
496.9291921009
 30
0.0
 40
1.0
  0
LINE
  5
2E2
330
1F
100
AcDbEntity
  8
MODELSKETCH_VISIBLE
  6
Continuous
 62
     7
100
AcDbLine
 10
742.1947893184
 20
503.2520145239
 30
0.0
 11
740.1998341645
 21
505.2469696779
 31
0.0
  0
CIRCLE
  5
2E3
330
1F
100
AcDbEntity
  8
MODELSKETCH_VISIBLE
  6
Continuous
 62
     7
100
AcDbCircle
 10
685.1973117415
 20
570.1789921009
 30
0.0
 40
1.0
  0
LINE
  5
2E4
330
1F
100
AcDbEntity
  8
MODELSKETCH_VISIBLE
  6
Continuous
 62
     7
100
AcDbLine
 10
683.6733117415
 20
498.4531921009
 30
0.0
 11
686.7213117415
 21
495.4051921009
 31
0.0
  0
LINE
  5
2E5
330
1F
100
AcDbEntity
  8
MODELSKETCH_VISIBLE
  6
Continuous
 62
     7
100
AcDbLine
 10
690.0231430746
 20
528.4058107678
 30
0.0
 11
693.0714804083
 21
525.3574734341
 31
0.0
  0
CIRCLE
  5
2E6
330
1F
100
AcDbEntity
  8
MODELSKETCH_VISIBLE
  6
Continuous
 62
     7
100
AcDbCircle
 10
729.6973117415
 20
463.5714921009
 30
0.0
 40
1.875
  0
LINE
  5
2E7
330
1F
100
AcDbEntity
  8
MODELSKETCH_VISIBLE
  6
Continuous
 62
     7
100
AcDbLine
 10
663.2973117415
 20
557.3214921009
 30
0.0
 11
663.2973117415
 21
555.7214921009
 31
0.0
  0
LINE
  5
2E8
330
1F
100
AcDbEntity
  8
MODELSKETCH_VISIBLE
  6
Continuous
 62
     7
100
AcDbLine
 10
742.1582411093
 20
352.3824214688
 30
0.0
 11
740.2363823736
 21
350.4605627331
 31
0.0
  0
LINE
  5
2E9
330
1F
100
AcDbEntity
  8
MODELSKETCH_VISIBLE
  6
Continuous
 62
     7
100
AcDbLine
 10
736.1947893184
 20
636.5020145239
 30
0.0
 11
734.1998341645
 21
638.4969696779
 31
0.0
  0
CIRCLE
  5
2EA
330
1F
100
AcDbEntity
  8
MODELSKETCH_VISIBLE
  6
Continuous
 62
     7
100
AcDbCircle
 10
741.1973117415
 20
444.6714921009
 30
0.0
 40
1.0
  0
LINE
  5
2EB
330
1F
100
AcDbEntity
  8
MODELSKETCH_VISIBLE
  6
Continuous
 62
     7
100
AcDbLine
 10
663.2973117415
 20
331.4214921009
 30
0.0
 11
763.0973117415
 21
331.4214921009
 31
0.0
  0
LINE
  5
2EC
330
1F
100
AcDbEntity
  8
MODELSKETCH_VISIBLE
  6
Continuous
 62
     7
100
AcDbLine
 10
663.2973117415
 20
371.4214921009
 30
0.0
 11
763.0973117415
 21
371.4214921009
 31
0.0
  0
LINE
  5
2ED
330
1F
100
AcDbEntity
  8
MODELSKETCH_VISIBLE
  6
Continuous
 62
     7
100
AcDbLine
 10
663.2973117415
 20
492.4714921009
 30
0.0
 11
763.0973117415
 21
492.4714921009
 31
0.0
  0
CIRCLE
  5
2EE
330
1F
100
AcDbEntity
  8
MODELSKETCH_VISIBLE
  6
Continuous
 62
     7
100
AcDbCircle
 10
685.1973117415
 20
550.1789921009
 30
0.0
 40
1.0
  0
LINE
  5
2EF
330
1F
100
AcDbEntity
  8
MODELSKETCH_VISIBLE
  6
Continuous
 62
     7
100
AcDbLine
 10
714.7213117415
 20
449.0529921009
 30
0.0
 11
711.6733117415
 21
446.0049921009
 31
0.0
  0
LINE
  5
2F0
330
1F
100
AcDbEntity
  8
MODELSKETCH_VISIBLE
  6
Continuous
 62
     7
100
AcDbLine
 10
711.6733117415
 20
631.7029921009
 30
0.0
 11
714.7213117415
 21
628.6549921009
 31
0.0
  0
CIRCLE
  5
2F1
330
1F
100
AcDbEntity
  8
MODELSKETCH_VISIBLE
  6
Continuous
 62
     7
100
AcDbCircle
 10
747.1973117415
 20
371.4214921009
 30
0.0
 40
1.0
  0
LINE
  5
2F2
330
1F
100
AcDbEntity
  8
MODELSKETCH_VISIBLE
  6
Continuous
 62
     7
100
AcDbLine
 10
763.0973117415
 20
514.0714921009
 30
0.0
 11
763.0973117415
 21
512.4714921009
 31
0.0
  0
LINE
  5
2F3
330
1F
100
AcDbEntity
  8
MODELSKETCH_VISIBLE
  6
Continuous
 62
     7
100
AcDbLine
 10
736.1582411093
 20
400.6385627331
 30
0.0
 11
734.2363823736
 21
402.5604214688
 31
0.0
  0
LINE
  5
2F4
330
1F
100
AcDbEntity
  8
MODELSKETCH_VISIBLE
  6
Continuous
 62
     7
100
AcDbLine
 10
736.1582411093
 20
372.5604214688
 30
0.0
 11
734.2363823736
 21
370.6385627331
 31
0.0
  0
LINE
  5
2F5
330
1F
100
AcDbEntity
  8
MODELSKETCH_VISIBLE
  6
Continuous
 62
     7
100
AcDbLine
 10
711.6733117415
 20
581.7029921009
 30
0.0
 11
714.7213117415
 21
578.6549921009
 31
0.0
  0
LINE
  5
2F6
330
1F
100
AcDbEntity
  8
MODELSKETCH_VISIBLE
  6
Continuous
 62
     7
100
AcDbLine
 10
742.1947893184
 20
475.6689696779
 30
0.0
 11
740.1998341645
 21
473.6740145239
 31
0.0
  0
LINE
  5
2F7
330
1F
100
AcDbEntity
  8
MODELSKETCH_VISIBLE
  6
Continuous
 62
     7
100
AcDbLine
 10
748.1582411093
 20
430.4605627331
 30
0.0
 11
746.2363823736
 21
432.3824214688
 31
0.0
  0
LINE
  5
2F8
330
1F
100
AcDbEntity
  8
MODELSKETCH_VISIBLE
  6
Continuous
 62
     7
100
AcDbLine
 10
663.2973117415
 20
341.4214921009
 30
0.0
 11
663.2973117415
 21
339.8214921009
 31
0.0
  0
CIRCLE
  5
2F9
330
1F
100
AcDbEntity
  8
MODELSKETCH_VISIBLE
  6
Continuous
 62
     7
100
AcDbCircle
 10
747.1973117415
 20
567.4994921009
 30
0.0
 40
1.0
  0
LINE
  5
2FA
330
1F
100
AcDbEntity
  8
MODELSKETCH_VISIBLE
  6
Continuous
 62
     7
100
AcDbLine
 10
683.6733117415
 20
621.7029921009
 30
0.0
 11
686.7213117415
 21
618.6549921009
 31
0.0
  0
LINE
  5
2FB
330
1F
100
AcDbEntity
  8
MODELSKETCH_VISIBLE
  6
Continuous
 62
     7
100
AcDbLine
 10
663.2973117415
 20
587.3214921009
 30
0.0
 11
763.0973117415
 21
587.3214921009
 31
0.0
  0
CIRCLE
  5
2FC
330
1F
100
AcDbEntity
  8
MODELSKETCH_VISIBLE
  6
Continuous
 62
     7
100
AcDbCircle
 10
735.1973117415
 20
421.5994921009
 30
0.0
 40
1.0
  0
LINE
  5
2FD
330
1F
100
AcDbEntity
  8
MODELSKETCH_VISIBLE
  6
Continuous
 62
     7
100
AcDbLine
 10
748.1947893184
 20
515.2469696779
 30
0.0
 11
746.1998341645
 21
513.2520145239
 31
0.0
  0
LINE
  5
2FE
330
1F
100
AcDbEntity
  8
MODELSKETCH_VISIBLE
  6
Continuous
 62
     7
100
AcDbLine
 10
693.0714804083
 20
528.4058107678
 30
0.0
 11
690.0231430746
 21
525.3574734341
 31
0.0
  0
LINE
  5
2FF
330
1F
100
AcDbEntity
  8
MODELSKETCH_VISIBLE
  6
Continuous
 62
     7
100
AcDbLine
 10
663.2973117415
 20
545.7214921009
 30
0.0
 11
763.0973117415
 21
545.7214921009
 31
0.0
  0
LINE
  5
300
330
1F
100
AcDbEntity
  8
MODELSKETCH_VISIBLE
  6
Continuous
 62
     7
100
AcDbLine
 10
736.1947893184
 20
548.4969696779
 30
0.0
 11
734.1998341645
 21
546.5020145239
 31
0.0
  0
LINE
  5
301
330
1F
100
AcDbEntity
  8
MODELSKETCH_VISIBLE
  6
Continuous
 62
     7
100
AcDbLine
 10
716.1973117415
 20
324.6214921009
 30
0.0
 11
710.1973117415
 21
324.6214921009
 31
0.0
  0
LINE
  5
302
330
1F
100
AcDbEntity
  8
MODELSKETCH_VISIBLE
  6
Continuous
 62
     7
100
AcDbLine
 10
763.0973117415
 20
411.4214921009
 30
0.0
 11
763.0973117415
 21
409.8214921009
 31
0.0
  0
LINE
  5
303
330
1F
100
AcDbEntity
  8
MODELSKETCH_VISIBLE
  6
Continuous
 62
     7
100
AcDbLine
 10
742.1582411093
 20
350.4605627331
 30
0.0
 11
740.2363823736
 21
352.3824214688
 31
0.0
  0
CIRCLE
  5
304
330
1F
100
AcDbEntity
  8
MODELSKETCH_VISIBLE
  6
Continuous
 62
     7
100
AcDbCircle
 10
747.1973117415
 20
637.4994921009
 30
0.0
 40
1.0
  0
CIRCLE
  5
305
330
1F
100
AcDbEntity
  8
MODELSKETCH_VISIBLE
  6
Continuous
 62
     7
100
AcDbCircle
 10
685.1973117415
 20
457.5289921009
 30
0.0
 40
1.0
  0
CIRCLE
  5
306
330
1F
100
AcDbEntity
  8
MODELSKETCH_VISIBLE
  6
Continuous
 62
     7
100
AcDbCircle
 10
747.1973117415
 20
421.4214921009
 30
0.0
 40
1.0
  0
LINE
  5
307
330
1F
100
AcDbEntity
  8
MODELSKETCH_VISIBLE
  6
Continuous
 62
     7
100
AcDbLine
 10
763.0973117415
 20
617.3214921009
 30
0.0
 11
763.0973117415
 21
615.7214921009
 31
0.0
  0
CIRCLE
  5
308
330
1F
100
AcDbEntity
  8
MODELSKETCH_VISIBLE
  6
Continuous
 62
     7
100
AcDbCircle
 10
741.1973117415
 20
391.4214921009
 30
0.0
 40
1.0
  0
CIRCLE
  5
309
330
1F
100
AcDbEntity
  8
MODELSKETCH_VISIBLE
  6
Continuous
 62
     7
100
AcDbCircle
 10
741.1973117415
 20
557.4994921009
 30
0.0
 40
1.0
  0
LINE
  5
30A
330
1F
100
AcDbEntity
  8
MODELSKETCH_VISIBLE
  6
Continuous
 62
     7
100
AcDbLine
 10
748.1582411093
 20
370.4605627331
 30
0.0
 11
746.2363823736
 21
372.3824214688
 31
0.0
  0
LINE
  5
30B
330
1F
100
AcDbEntity
  8
MODELSKETCH_VISIBLE
  6
Continuous
 62
     7
100
AcDbLine
 10
714.7213117415
 20
631.7029921009
 30
0.0
 11
711.6733117415
 21
628.6549921009
 31
0.0
  0
LINE
  5
30C
330
1F
100
AcDbEntity
  8
MODELSKETCH_VISIBLE
  6
Continuous
 62
     7
100
AcDbLine
 10
663.2973117415
 20
514.0714921009
 30
0.0
 11
663.2973117415
 21
512.4714921009
 31
0.0
  0
CIRCLE
  5
30D
330
1F
100
AcDbEntity
  8
MODELSKETCH_VISIBLE
  6
Continuous
 62
     7
100
AcDbCircle
 10
735.1973117415
 20
411.5994921009
 30
0.0
 40
1.0
  0
LINE
  5
30E
330
1F
100
AcDbEntity
  8
MODELSKETCH_VISIBLE
  6
Continuous
 62
     7
100
AcDbLine
 10
663.2973117415
 20
494.0714921009
 30
0.0
 11
763.0973117415
 21
494.0714921009
 31
0.0
  0
LINE
  5
30F
330
1F
100
AcDbEntity
  8
MODELSKETCH_VISIBLE
  6
Continuous
 62
     7
100
AcDbLine
 10
683.6733117415
 20
459.0529921009
 30
0.0
 11
686.7213117415
 21
456.0049921009
 31
0.0
  0
CIRCLE
  5
310
330
1F
100
AcDbEntity
  8
MODELSKETCH_VISIBLE
  6
Continuous
 62
     7
100
AcDbCircle
 10
747.1973117415
 20
504.2494921009
 30
0.0
 40
1.0
  0
LINE
  5
311
330
1F
100
AcDbEntity
  8
MODELSKETCH_VISIBLE
  6
Continuous
 62
     7
100
AcDbLine
 10
714.7213117415
 20
581.7029921009
 30
0.0
 11
711.6733117415
 21
578.6549921009
 31
0.0
  0
CIRCLE
  5
312
330
1F
100
AcDbEntity
  8
MODELSKETCH_VISIBLE
  6
Continuous
 62
     7
100
AcDbCircle
 10
729.6973117415
 20
503.5714921009
 30
0.0
 40
1.875
  0
LINE
  5
313
330
1F
100
AcDbEntity
  8
MODELSKETCH_VISIBLE
  6
Continuous
 62
     7
100
AcDbLine
 10
736.1947893184
 20
463.8520145239
 30
0.0
 11
734.1998341645
 21
465.8469696779
 31
0.0
  0
LINE
  5
314
330
1F
100
AcDbEntity
  8
MODELSKETCH_VISIBLE
  6
Continuous
 62
     7
100
AcDbLine
 10
742.1947893184
 20
588.4969696779
 30
0.0
 11
740.1998341645
 21
586.5020145239
 31
0.0
  0
LINE
  5
315
330
1F
100
AcDbEntity
  8
MODELSKETCH_VISIBLE
  6
Continuous
 62
     7
100
AcDbLine
 10
736.1947893184
 20
618.4969696779
 30
0.0
 11
734.1998341645
 21
616.5020145239
 31
0.0
  0
LINE
  5
316
330
1F
100
AcDbEntity
  8
MODELSKETCH_VISIBLE
  6
Continuous
 62
     7
100
AcDbLine
 10
714.7213117415
 20
345.8029921009
 30
0.0
 11
711.6733117415
 21
342.7549921009
 31
0.0
  0
LINE
  5
317
330
1F
100
AcDbEntity
  8
MODELSKETCH_VISIBLE
  6
Continuous
 62
     7
100
AcDbLine
 10
686.7213117415
 20
621.7029921009
 30
0.0
 11
683.6733117415
 21
618.6549921009
 31
0.0
  0
LINE
  5
318
330
1F
100
AcDbEntity
  8
MODELSKETCH_VISIBLE
  6
Continuous
 62
     7
100
AcDbLine
 10
736.1947893184
 20
513.2520145239
 30
0.0
 11
734.1998341645
 21
515.2469696779
 31
0.0
  0
CIRCLE
  5
319
330
1F
100
AcDbEntity
  8
MODELSKETCH_VISIBLE
  6
Continuous
 62
     7
100
AcDbCircle
 10
691.5473117415
 20
334.2789921009
 30
0.0
 40
1.0
  0
LINE
  5
31A
330
1F
100
AcDbEntity
  8
MODELSKETCH_VISIBLE
  6
Continuous
 62
     7
100
AcDbLine
 10
682.3349304083
 20
598.3456607678
 30
0.0
 11
679.2865930746
 21
595.2973234341
 31
0.0
  0
CIRCLE
  5
31B
330
1F
100
AcDbEntity
  8
MODELSKETCH_VISIBLE
  6
Continuous
 62
     7
100
AcDbCircle
 10
685.1973117415
 20
424.2789921009
 30
0.0
 40
1.0
  0
CIRCLE
  5
31C
330
1F
100
AcDbEntity
  8
MODELSKETCH_VISIBLE
  6
Continuous
 62
     7
100
AcDbCircle
 10
735.1973117415
 20
464.8494921009
 30
0.0
 40
1.0
  0
LINE
  5
31D
330
1F
100
AcDbEntity
  8
MODELSKETCH_VISIBLE
  6
Continuous
 62
     7
100
AcDbLine
 10
686.7213117415
 20
375.8029921009
 30
0.0
 11
683.6733117415
 21
372.7549921009
 31
0.0
  0
LINE
  5
31E
330
1F
100
AcDbEntity
  8
MODELSKETCH_VISIBLE
  6
Continuous
 62
     7
100
AcDbLine
 10
736.1947893184
 20
443.8520145239
 30
0.0
 11
734.1998341645
 21
445.8469696779
 31
0.0
  0
LINE
  5
31F
330
1F
100
AcDbEntity
  8
MODELSKETCH_VISIBLE
  6
Continuous
 62
     7
100
AcDbLine
 10
763.0973117415
 20
331.4214921009
 30
0.0
 11
763.0973117415
 21
329.8214921009
 31
0.0
  0
LINE
  5
320
330
1F
100
AcDbEntity
  8
MODELSKETCH_VISIBLE
  6
Continuous
 62
     7
100
AcDbLine
 10
748.1947893184
 20
636.5020145239
 30
0.0
 11
746.1998341645
 21
638.4969696779
 31
0.0
  0
LINE
  5
321
330
1F
100
AcDbEntity
  8
MODELSKETCH_VISIBLE
  6
Continuous
 62
     7
100
AcDbLine
 10
763.0973117415
 20
371.4214921009
 30
0.0
 11
763.0973117415
 21
369.8214921009
 31
0.0
  0
LINE
  5
322
330
1F
100
AcDbEntity
  8
MODELSKETCH_VISIBLE
  6
Continuous
 62
     7
100
AcDbLine
 10
683.6733117415
 20
631.7029921009
 30
0.0
 11
686.7213117415
 21
628.6549921009
 31
0.0
  0
CIRCLE
  5
323
330
1F
100
AcDbEntity
  8
MODELSKETCH_VISIBLE
  6
Continuous
 62
     7
100
AcDbCircle
 10
713.1973117415
 20
580.1789921009
 30
0.0
 40
1.0
  0
LINE
  5
324
330
1F
100
AcDbEntity
  8
MODELSKETCH_VISIBLE
  6
Continuous
 62
     7
100
AcDbLine
 10
736.1582411093
 20
420.6385627331
 30
0.0
 11
734.2363823736
 21
422.5604214688
 31
0.0
  0
LINE
  5
325
330
1F
100
AcDbEntity
  8
MODELSKETCH_VISIBLE
  6
Continuous
 62
     7
100
AcDbLine
 10
748.1582411093
 20
402.3824214688
 30
0.0
 11
746.2363823736
 21
400.4605627331
 31
0.0
  0
LINE
  5
326
330
1F
100
AcDbEntity
  8
MODELSKETCH_VISIBLE
  6
Continuous
 62
     7
100
AcDbLine
 10
736.1582411093
 20
392.5604214688
 30
0.0
 11
734.2363823736
 21
390.6385627331
 31
0.0
  0
CIRCLE
  5
327
330
1F
100
AcDbEntity
  8
MODELSKETCH_VISIBLE
  6
Continuous
 62
     7
100
AcDbCircle
 10
747.1973117415
 20
331.4214921009
 30
0.0
 40
1.0
  0
LINE
  5
328
330
1F
100
AcDbEntity
  8
MODELSKETCH_VISIBLE
  6
Continuous
 62
     7
100
AcDbLine
 10
742.1582411093
 20
372.3824214688
 30
0.0
 11
740.2363823736
 21
370.4605627331
 31
0.0
  0
LINE
  5
329
330
1F
100
AcDbEntity
  8
MODELSKETCH_VISIBLE
  6
Continuous
 62
     7
100
AcDbLine
 10
683.6733117415
 20
518.4531921009
 30
0.0
 11
686.7213117415
 21
515.4051921009
 31
0.0
  0
LINE
  5
32A
330
1F
100
AcDbEntity
  8
MODELSKETCH_VISIBLE
  6
Continuous
 62
     7
100
AcDbLine
 10
663.2973117415
 20
502.4714921009
 30
0.0
 11
763.0973117415
 21
502.4714921009
 31
0.0
  0
LINE
  5
32B
330
1F
100
AcDbEntity
  8
MODELSKETCH_VISIBLE
  6
Continuous
 62
     7
100
AcDbLine
 10
763.0973117415
 20
494.0714921009
 30
0.0
 11
763.0973117415
 21
492.4714921009
 31
0.0
  0
LINE
  5
32C
330
1F
100
AcDbEntity
  8
MODELSKETCH_VISIBLE
  6
Continuous
 62
     7
100
AcDbLine
 10
686.7213117415
 20
459.0529921009
 30
0.0
 11
683.6733117415
 21
456.0049921009
 31
0.0
  0
LINE
  5
32D
330
1F
100
AcDbEntity
  8
MODELSKETCH_VISIBLE
  6
Continuous
 62
     7
100
AcDbLine
 10
714.7213117415
 20
395.8029921009
 30
0.0
 11
711.6733117415
 21
392.7549921009
 31
0.0
  0
LINE
  5
32E
330
1F
100
AcDbEntity
  8
MODELSKETCH_VISIBLE
  6
Continuous
 62
     7
100
AcDbLine
 10
742.1947893184
 20
638.4969696779
 30
0.0
 11
740.1998341645
 21
636.5020145239
 31
0.0
  0
CIRCLE
  5
32F
330
1F
100
AcDbEntity
  8
MODELSKETCH_VISIBLE
  6
Continuous
 62
     7
100
AcDbCircle
 10
713.1973117415
 20
620.1789921009
 30
0.0
 40
1.0
  0
LINE
  5
330
330
1F
100
AcDbEntity
  8
MODELSKETCH_VISIBLE
  6
Continuous
 62
     7
100
AcDbLine
 10
748.1947893184
 20
463.6740145239
 30
0.0
 11
746.1998341645
 21
465.6689696779
 31
0.0
  0
LINE
  5
331
330
1F
100
AcDbEntity
  8
MODELSKETCH_VISIBLE
  6
Continuous
 62
     7
100
AcDbLine
 10
748.1947893184
 20
586.5020145239
 30
0.0
 11
746.1998341645
 21
588.4969696779
 31
0.0
  0
LINE
  5
332
330
1F
100
AcDbEntity
  8
MODELSKETCH_VISIBLE
  6
Continuous
 62
     7
100
AcDbLine
 10
742.1582411093
 20
432.3824214688
 30
0.0
 11
740.2363823736
 21
430.4605627331
 31
0.0
  0
CIRCLE
  5
333
330
1F
100
AcDbEntity
  8
MODELSKETCH_VISIBLE
  6
Continuous
 62
     7
100
AcDbCircle
 10
735.1973117415
 20
597.4994921009
 30
0.0
 40
1.0
  0
CIRCLE
  5
334
330
1F
100
AcDbEntity
  8
MODELSKETCH_VISIBLE
  6
Continuous
 62
     7
100
AcDbCircle
 10
741.1973117415
 20
617.4994921009
 30
0.0
 40
1.0
  0
LINE
  5
335
330
1F
100
AcDbEntity
  8
MODELSKETCH_VISIBLE
  6
Continuous
 62
     7
100
AcDbLine
 10
742.1947893184
 20
616.5020145239
 30
0.0
 11
740.1998341645
 21
618.4969696779
 31
0.0
  0
CIRCLE
  5
336
330
1F
100
AcDbEntity
  8
MODELSKETCH_VISIBLE
  6
Continuous
 62
     7
100
AcDbCircle
 10
713.1973117415
 20
344.2789921009
 30
0.0
 40
1.0
  0
CIRCLE
  5
337
330
1F
100
AcDbEntity
  8
MODELSKETCH_VISIBLE
  6
Continuous
 62
     7
100
AcDbCircle
 10
747.1973117415
 20
411.4214921009
 30
0.0
 40
1.0
  0
LINE
  5
338
330
1F
100
AcDbEntity
  8
MODELSKETCH_VISIBLE
  6
Continuous
 62
     7
100
AcDbLine
 10
748.1947893184
 20
568.4969696779
 30
0.0
 11
746.1998341645
 21
566.5020145239
 31
0.0
  0
CIRCLE
  5
339
330
1F
100
AcDbEntity
  8
MODELSKETCH_VISIBLE
  6
Continuous
 62
     7
100
AcDbCircle
 10
735.1973117415
 20
524.2494921009
 30
0.0
 40
1.0
  0
LINE
  5
33A
330
1F
100
AcDbEntity
  8
MODELSKETCH_VISIBLE
  6
Continuous
 62
     7
100
AcDbLine
 10
710.1973117415
 20
642.5214921009
 30
0.0
 11
716.1973117415
 21
642.5214921009
 31
0.0
  0
LINE
  5
33B
330
1F
100
AcDbEntity
  8
MODELSKETCH_VISIBLE
  6
Continuous
 62
     7
100
AcDbLine
 10
736.1947893184
 20
556.5020145239
 30
0.0
 11
734.1998341645
 21
558.4969696779
 31
0.0
  0
LINE
  5
33C
330
1F
100
AcDbEntity
  8
MODELSKETCH_VISIBLE
  6
Continuous
 62
     7
100
AcDbLine
 10
686.7213117415
 20
469.0529921009
 30
0.0
 11
683.6733117415
 21
466.0049921009
 31
0.0
  0
LINE
  5
33D
330
1F
100
AcDbEntity
  8
MODELSKETCH_VISIBLE
  6
Continuous
 62
     7
100
AcDbLine
 10
690.0233117415
 20
335.8029921009
 30
0.0
 11
693.0713117415
 21
332.7549921009
 31
0.0
  0
LINE
  5
33E
330
1F
100
AcDbEntity
  8
MODELSKETCH_VISIBLE
  6
Continuous
 62
     7
100
AcDbLine
 10
714.7213117415
 20
375.8029921009
 30
0.0
 11
711.6733117415
 21
372.7549921009
 31
0.0
  0
CIRCLE
  5
33F
330
1F
100
AcDbEntity
  8
MODELSKETCH_VISIBLE
  6
Continuous
 62
     7
100
AcDbCircle
 10
685.1973117415
 20
374.2789921009
 30
0.0
 40
1.0
  0
CIRCLE
  5
340
330
1F
100
AcDbEntity
  8
MODELSKETCH_VISIBLE
  6
Continuous
 62
     7
100
AcDbCircle
 10
747.1973117415
 20
494.2494921009
 30
0.0
 40
1.0
  0
LINE
  5
341
330
1F
100
AcDbEntity
  8
MODELSKETCH_VISIBLE
  6
Continuous
 62
     7
100
AcDbLine
 10
663.2973117415
 20
514.0714921009
 30
0.0
 11
763.0973117415
 21
514.0714921009
 31
0.0
  0
LINE
  5
342
330
1F
100
AcDbEntity
  8
MODELSKETCH_VISIBLE
  6
Continuous
 62
     7
100
AcDbLine
 10
686.7213117415
 20
631.7029921009
 30
0.0
 11
683.6733117415
 21
628.6549921009
 31
0.0
  0
CIRCLE
  5
343
330
1F
100
AcDbEntity
  8
MODELSKETCH_VISIBLE
  6
Continuous
 62
     7
100
AcDbCircle
 10
741.1973117415
 20
411.4214921009
 30
0.0
 40
1.0
  0
LINE
  5
344
330
1F
100
AcDbEntity
  8
MODELSKETCH_VISIBLE
  6
Continuous
 62
     7
100
AcDbLine
 10
742.1582411093
 20
370.4605627331
 30
0.0
 11
740.2363823736
 21
372.3824214688
 31
0.0
  0
CIRCLE
  5
345
330
1F
100
AcDbEntity
  8
MODELSKETCH_VISIBLE
  6
Continuous
 62
     7
100
AcDbCircle
 10
713.1973117415
 20
394.2789921009
 30
0.0
 40
1.0
  0
CIRCLE
  5
346
330
1F
100
AcDbEntity
  8
MODELSKETCH_VISIBLE
  6
Continuous
 62
     7
100
AcDbCircle
 10
735.1973117415
 20
351.5994921009
 30
0.0
 40
1.0
  0
LINE
  5
347
330
1F
100
AcDbEntity
  8
MODELSKETCH_VISIBLE
  6
Continuous
 62
     7
100
AcDbLine
 10
711.6733117415
 20
571.7029921009
 30
0.0
 11
714.7213117415
 21
568.6549921009
 31
0.0
  0
LINE
  5
348
330
1F
100
AcDbEntity
  8
MODELSKETCH_VISIBLE
  6
Continuous
 62
     7
100
AcDbLine
 10
711.6733117415
 20
621.7029921009
 30
0.0
 11
714.7213117415
 21
618.6549921009
 31
0.0
  0
LINE
  5
34A
330
1F
100
AcDbEntity
  8
BORDER_FRAME
  6
Continuous
 62
     7
100
AcDbLine
 10
21.0
 20
20.0
 30
0.0
 11
21.0
 21
821.0
 31
0.0
  0
LINE
  5
34B
330
1F
100
AcDbEntity
  8
BORDER_FRAME
  6
Continuous
 62
     7
100
AcDbLine
 10
21.0
 20
821.0
 30
0.0
 11
1170.0
 21
821.0
 31
0.0
  0
LINE
  5
34C
330
1F
100
AcDbEntity
  8
BORDER_FRAME
  6
Continuous
 62
     7
100
AcDbLine
 10
1170.0
 20
821.0
 30
0.0
 11
1170.0
 21
20.0
 31
0.0
  0
LINE
  5
34D
330
1F
100
AcDbEntity
  8
BORDER_FRAME
  6
Continuous
 62
     7
100
AcDbLine
 10
1170.0
 20
20.0
 30
0.0
 11
21.0
 21
20.0
 31
0.0
  0
LINE
  5
34F
330
1F
100
AcDbEntity
  8
BORDER_ZONES
  6
Continuous
 62
     7
100
AcDbLine
 10
77.5
 20
20.0
 30
0.0
 11
77.5
 21
1.0
 31
0.0
  0
LINE
  5
350
330
1F
100
AcDbEntity
  8
BORDER_ZONES
  6
Continuous
 62
     7
100
AcDbLine
 10
77.5
 20
821.0
 30
0.0
 11
77.5
 21
840.0
 31
0.0
  0
MTEXT
  5
351
330
1F
100
AcDbEntity
  8
BORDER_ZONES
100
AcDbMText
 10
40.500005
 20
9.99999
 30
0.0
 40
6.0
 41
9.3913143478
 46
9.3913143478
 71
     5
 72
     1
  1
{\fArial|b0||i0||c0|p34;\C7;\H6.;\W1.;16}
 73
     1
 44
1.0
1001
ACAD
1000
ACAD_MTEXT_DEFINED_HEIGHT_BEGIN
1070
    46
1040
9.3913143478
1000
ACAD_MTEXT_DEFINED_HEIGHT_END
  0
MTEXT
  5
352
330
1F
100
AcDbEntity
  8
BORDER_ZONES
100
AcDbMText
 10
40.500005
 20
830.99999
 30
0.0
 40
6.0
 41
9.3913143478
 46
9.3913143478
 71
     5
 72
     1
  1
{\fArial|b0||i0||c0|p34;\C7;\H6.;\W1.;16}
 73
     1
 44
1.0
1001
ACAD
1000
ACAD_MTEXT_DEFINED_HEIGHT_BEGIN
1070
    46
1040
9.3913143478
1000
ACAD_MTEXT_DEFINED_HEIGHT_END
  0
MTEXT
  5
353
330
1F
100
AcDbEntity
  8
BORDER_ZONES
100
AcDbMText
 10
114.500005
 20
9.99999
 30
0.0
 40
6.0
 41
9.3913143478
 46
9.3913143478
 71
     5
 72
     1
  1
{\fArial|b0||i0||c0|p34;\C7;\H6.;\W1.;15}
 73
     1
 44
1.0
1001
ACAD
1000
ACAD_MTEXT_DEFINED_HEIGHT_BEGIN
1070
    46
1040
9.3913143478
1000
ACAD_MTEXT_DEFINED_HEIGHT_END
  0
MTEXT
  5
354
330
1F
100
AcDbEntity
  8
BORDER_ZONES
100
AcDbMText
 10
114.500005
 20
830.99999
 30
0.0
 40
6.0
 41
9.3913143478
 46
9.3913143478
 71
     5
 72
     1
  1
{\fArial|b0||i0||c0|p34;\C7;\H6.;\W1.;15}
 73
     1
 44
1.0
1001
ACAD
1000
ACAD_MTEXT_DEFINED_HEIGHT_BEGIN
1070
    46
1040
9.3913143478
1000
ACAD_MTEXT_DEFINED_HEIGHT_END
  0
LINE
  5
355
330
1F
100
AcDbEntity
  8
BORDER_ZONES
  6
Continuous
 62
     7
100
AcDbLine
 10
151.5
 20
20.0
 30
0.0
 11
151.5
 21
1.0
 31
0.0
  0
LINE
  5
356
330
1F
100
AcDbEntity
  8
BORDER_ZONES
  6
Continuous
 62
     7
100
AcDbLine
 10
151.5
 20
821.0
 30
0.0
 11
151.5
 21
840.0
 31
0.0
  0
MTEXT
  5
357
330
1F
100
AcDbEntity
  8
BORDER_ZONES
100
AcDbMText
 10
188.500005
 20
9.99999
 30
0.0
 40
6.0
 41
9.3913143478
 46
9.3913143478
 71
     5
 72
     1
  1
{\fArial|b0||i0||c0|p34;\C7;\H6.;\W1.;14}
 73
     1
 44
1.0
1001
ACAD
1000
ACAD_MTEXT_DEFINED_HEIGHT_BEGIN
1070
    46
1040
9.3913143478
1000
ACAD_MTEXT_DEFINED_HEIGHT_END
  0
MTEXT
  5
358
330
1F
100
AcDbEntity
  8
BORDER_ZONES
100
AcDbMText
 10
188.500005
 20
830.99999
 30
0.0
 40
6.0
 41
9.3913143478
 46
9.3913143478
 71
     5
 72
     1
  1
{\fArial|b0||i0||c0|p34;\C7;\H6.;\W1.;14}
 73
     1
 44
1.0
1001
ACAD
1000
ACAD_MTEXT_DEFINED_HEIGHT_BEGIN
1070
    46
1040
9.3913143478
1000
ACAD_MTEXT_DEFINED_HEIGHT_END
  0
LINE
  5
359
330
1F
100
AcDbEntity
  8
BORDER_ZONES
  6
Continuous
 62
     7
100
AcDbLine
 10
225.5
 20
20.0
 30
0.0
 11
225.5
 21
1.0
 31
0.0
  0
LINE
  5
35A
330
1F
100
AcDbEntity
  8
BORDER_ZONES
  6
Continuous
 62
     7
100
AcDbLine
 10
225.5
 20
821.0
 30
0.0
 11
225.5
 21
840.0
 31
0.0
  0
MTEXT
  5
35B
330
1F
100
AcDbEntity
  8
BORDER_ZONES
100
AcDbMText
 10
262.500005
 20
9.99999
 30
0.0
 40
6.0
 41
9.3913143478
 46
9.3913143478
 71
     5
 72
     1
  1
{\fArial|b0||i0||c0|p34;\C7;\H6.;\W1.;13}
 73
     1
 44
1.0
1001
ACAD
1000
ACAD_MTEXT_DEFINED_HEIGHT_BEGIN
1070
    46
1040
9.3913143478
1000
ACAD_MTEXT_DEFINED_HEIGHT_END
  0
MTEXT
  5
35C
330
1F
100
AcDbEntity
  8
BORDER_ZONES
100
AcDbMText
 10
262.500005
 20
830.99999
 30
0.0
 40
6.0
 41
9.3913143478
 46
9.3913143478
 71
     5
 72
     1
  1
{\fArial|b0||i0||c0|p34;\C7;\H6.;\W1.;13}
 73
     1
 44
1.0
1001
ACAD
1000
ACAD_MTEXT_DEFINED_HEIGHT_BEGIN
1070
    46
1040
9.3913143478
1000
ACAD_MTEXT_DEFINED_HEIGHT_END
  0
LINE
  5
35D
330
1F
100
AcDbEntity
  8
BORDER_ZONES
  6
Continuous
 62
     7
100
AcDbLine
 10
299.5
 20
20.0
 30
0.0
 11
299.5
 21
1.0
 31
0.0
  0
LINE
  5
35E
330
1F
100
AcDbEntity
  8
BORDER_ZONES
  6
Continuous
 62
     7
100
AcDbLine
 10
299.5
 20
821.0
 30
0.0
 11
299.5
 21
840.0
 31
0.0
  0
MTEXT
  5
35F
330
1F
100
AcDbEntity
  8
BORDER_ZONES
100
AcDbMText
 10
336.500005
 20
9.99999
 30
0.0
 40
6.0
 41
9.3913143478
 46
9.3913143478
 71
     5
 72
     1
  1
{\fArial|b0||i0||c0|p34;\C7;\H6.;\W1.;12}
 73
     1
 44
1.0
1001
ACAD
1000
ACAD_MTEXT_DEFINED_HEIGHT_BEGIN
1070
    46
1040
9.3913143478
1000
ACAD_MTEXT_DEFINED_HEIGHT_END
  0
MTEXT
  5
360
330
1F
100
AcDbEntity
  8
BORDER_ZONES
100
AcDbMText
 10
336.500005
 20
830.99999
 30
0.0
 40
6.0
 41
9.3913143478
 46
9.3913143478
 71
     5
 72
     1
  1
{\fArial|b0||i0||c0|p34;\C7;\H6.;\W1.;12}
 73
     1
 44
1.0
1001
ACAD
1000
ACAD_MTEXT_DEFINED_HEIGHT_BEGIN
1070
    46
1040
9.3913143478
1000
ACAD_MTEXT_DEFINED_HEIGHT_END
  0
LINE
  5
361
330
1F
100
AcDbEntity
  8
BORDER_ZONES
  6
Continuous
 62
     7
100
AcDbLine
 10
373.5
 20
20.0
 30
0.0
 11
373.5
 21
1.0
 31
0.0
  0
LINE
  5
362
330
1F
100
AcDbEntity
  8
BORDER_ZONES
  6
Continuous
 62
     7
100
AcDbLine
 10
373.5
 20
821.0
 30
0.0
 11
373.5
 21
840.0
 31
0.0
  0
MTEXT
  5
363
330
1F
100
AcDbEntity
  8
BORDER_ZONES
100
AcDbMText
 10
410.500005
 20
9.99999
 30
0.0
 40
6.0
 41
9.3913143478
 46
9.3913143478
 71
     5
 72
     1
  1
{\fArial|b0||i0||c0|p34;\C7;\H6.;\W1.;11}
 73
     1
 44
1.0
1001
ACAD
1000
ACAD_MTEXT_DEFINED_HEIGHT_BEGIN
1070
    46
1040
9.3913143478
1000
ACAD_MTEXT_DEFINED_HEIGHT_END
  0
MTEXT
  5
364
330
1F
100
AcDbEntity
  8
BORDER_ZONES
100
AcDbMText
 10
410.500005
 20
830.99999
 30
0.0
 40
6.0
 41
9.3913143478
 46
9.3913143478
 71
     5
 72
     1
  1
{\fArial|b0||i0||c0|p34;\C7;\H6.;\W1.;11}
 73
     1
 44
1.0
1001
ACAD
1000
ACAD_MTEXT_DEFINED_HEIGHT_BEGIN
1070
    46
1040
9.3913143478
1000
ACAD_MTEXT_DEFINED_HEIGHT_END
  0
LINE
  5
365
330
1F
100
AcDbEntity
  8
BORDER_ZONES
  6
Continuous
 62
     7
100
AcDbLine
 10
447.5
 20
20.0
 30
0.0
 11
447.5
 21
1.0
 31
0.0
  0
LINE
  5
366
330
1F
100
AcDbEntity
  8
BORDER_ZONES
  6
Continuous
 62
     7
100
AcDbLine
 10
447.5
 20
821.0
 30
0.0
 11
447.5
 21
840.0
 31
0.0
  0
MTEXT
  5
367
330
1F
100
AcDbEntity
  8
BORDER_ZONES
100
AcDbMText
 10
484.500005
 20
9.99999
 30
0.0
 40
6.0
 41
9.3913143478
 46
9.3913143478
 71
     5
 72
     1
  1
{\fArial|b0||i0||c0|p34;\C7;\H6.;\W1.;10}
 73
     1
 44
1.0
1001
ACAD
1000
ACAD_MTEXT_DEFINED_HEIGHT_BEGIN
1070
    46
1040
9.3913143478
1000
ACAD_MTEXT_DEFINED_HEIGHT_END
  0
MTEXT
  5
368
330
1F
100
AcDbEntity
  8
BORDER_ZONES
100
AcDbMText
 10
484.500005
 20
830.99999
 30
0.0
 40
6.0
 41
9.3913143478
 46
9.3913143478
 71
     5
 72
     1
  1
{\fArial|b0||i0||c0|p34;\C7;\H6.;\W1.;10}
 73
     1
 44
1.0
1001
ACAD
1000
ACAD_MTEXT_DEFINED_HEIGHT_BEGIN
1070
    46
1040
9.3913143478
1000
ACAD_MTEXT_DEFINED_HEIGHT_END
  0
LINE
  5
369
330
1F
100
AcDbEntity
  8
BORDER_ZONES
  6
Continuous
 62
     7
100
AcDbLine
 10
521.5
 20
20.0
 30
0.0
 11
521.5
 21
1.0
 31
0.0
  0
LINE
  5
36A
330
1F
100
AcDbEntity
  8
BORDER_ZONES
  6
Continuous
 62
     7
100
AcDbLine
 10
521.5
 20
821.0
 30
0.0
 11
521.5
 21
840.0
 31
0.0
  0
MTEXT
  5
36B
330
1F
100
AcDbEntity
  8
BORDER_ZONES
100
AcDbMText
 10
558.500005
 20
9.99999
 30
0.0
 40
6.0
 41
4.6956621739
 46
9.3913143478
 71
     5
 72
     1
  1
{\fArial|b0||i0||c0|p34;\C7;\H6.;\W1.;9}
 73
     1
 44
1.0
1001
ACAD
1000
ACAD_MTEXT_DEFINED_HEIGHT_BEGIN
1070
    46
1040
9.3913143478
1000
ACAD_MTEXT_DEFINED_HEIGHT_END
  0
MTEXT
  5
36C
330
1F
100
AcDbEntity
  8
BORDER_ZONES
100
AcDbMText
 10
558.500005
 20
830.99999
 30
0.0
 40
6.0
 41
4.6956621739
 46
9.3913143478
 71
     5
 72
     1
  1
{\fArial|b0||i0||c0|p34;\C7;\H6.;\W1.;9}
 73
     1
 44
1.0
1001
ACAD
1000
ACAD_MTEXT_DEFINED_HEIGHT_BEGIN
1070
    46
1040
9.3913143478
1000
ACAD_MTEXT_DEFINED_HEIGHT_END
  0
LINE
  5
36D
330
1F
100
AcDbEntity
  8
BORDER_ZONES
  6
Continuous
 62
     7
100
AcDbLine
 10
595.5
 20
20.0
 30
0.0
 11
595.5
 21
1.0
 31
0.0
  0
LINE
  5
36E
330
1F
100
AcDbEntity
  8
BORDER_ZONES
  6
Continuous
 62
     7
100
AcDbLine
 10
595.5
 20
821.0
 30
0.0
 11
595.5
 21
840.0
 31
0.0
  0
MTEXT
  5
36F
330
1F
100
AcDbEntity
  8
BORDER_ZONES
100
AcDbMText
 10
632.500005
 20
9.99999
 30
0.0
 40
6.0
 41
4.6956621739
 46
9.3913143478
 71
     5
 72
     1
  1
{\fArial|b0||i0||c0|p34;\C7;\H6.;\W1.;8}
 73
     1
 44
1.0
1001
ACAD
1000
ACAD_MTEXT_DEFINED_HEIGHT_BEGIN
1070
    46
1040
9.3913143478
1000
ACAD_MTEXT_DEFINED_HEIGHT_END
  0
MTEXT
  5
370
330
1F
100
AcDbEntity
  8
BORDER_ZONES
100
AcDbMText
 10
632.500005
 20
830.99999
 30
0.0
 40
6.0
 41
4.6956621739
 46
9.3913143478
 71
     5
 72
     1
  1
{\fArial|b0||i0||c0|p34;\C7;\H6.;\W1.;8}
 73
     1
 44
1.0
1001
ACAD
1000
ACAD_MTEXT_DEFINED_HEIGHT_BEGIN
1070
    46
1040
9.3913143478
1000
ACAD_MTEXT_DEFINED_HEIGHT_END
  0
LINE
  5
371
330
1F
100
AcDbEntity
  8
BORDER_ZONES
  6
Continuous
 62
     7
100
AcDbLine
 10
669.5
 20
20.0
 30
0.0
 11
669.5
 21
1.0
 31
0.0
  0
LINE
  5
372
330
1F
100
AcDbEntity
  8
BORDER_ZONES
  6
Continuous
 62
     7
100
AcDbLine
 10
669.5
 20
821.0
 30
0.0
 11
669.5
 21
840.0
 31
0.0
  0
MTEXT
  5
373
330
1F
100
AcDbEntity
  8
BORDER_ZONES
100
AcDbMText
 10
706.500005
 20
9.99999
 30
0.0
 40
6.0
 41
4.6956621739
 46
9.3913143478
 71
     5
 72
     1
  1
{\fArial|b0||i0||c0|p34;\C7;\H6.;\W1.;7}
 73
     1
 44
1.0
1001
ACAD
1000
ACAD_MTEXT_DEFINED_HEIGHT_BEGIN
1070
    46
1040
9.3913143478
1000
ACAD_MTEXT_DEFINED_HEIGHT_END
  0
MTEXT
  5
374
330
1F
100
AcDbEntity
  8
BORDER_ZONES
100
AcDbMText
 10
706.500005
 20
830.99999
 30
0.0
 40
6.0
 41
4.6956621739
 46
9.3913143478
 71
     5
 72
     1
  1
{\fArial|b0||i0||c0|p34;\C7;\H6.;\W1.;7}
 73
     1
 44
1.0
1001
ACAD
1000
ACAD_MTEXT_DEFINED_HEIGHT_BEGIN
1070
    46
1040
9.3913143478
1000
ACAD_MTEXT_DEFINED_HEIGHT_END
  0
LINE
  5
375
330
1F
100
AcDbEntity
  8
BORDER_ZONES
  6
Continuous
 62
     7
100
AcDbLine
 10
743.5
 20
20.0
 30
0.0
 11
743.5
 21
1.0
 31
0.0
  0
LINE
  5
376
330
1F
100
AcDbEntity
  8
BORDER_ZONES
  6
Continuous
 62
     7
100
AcDbLine
 10
743.5
 20
821.0
 30
0.0
 11
743.5
 21
840.0
 31
0.0
  0
MTEXT
  5
377
330
1F
100
AcDbEntity
  8
BORDER_ZONES
100
AcDbMText
 10
780.500005
 20
9.99999
 30
0.0
 40
6.0
 41
4.6956621739
 46
9.3913143478
 71
     5
 72
     1
  1
{\fArial|b0||i0||c0|p34;\C7;\H6.;\W1.;6}
 73
     1
 44
1.0
1001
ACAD
1000
ACAD_MTEXT_DEFINED_HEIGHT_BEGIN
1070
    46
1040
9.3913143478
1000
ACAD_MTEXT_DEFINED_HEIGHT_END
  0
MTEXT
  5
378
330
1F
100
AcDbEntity
  8
BORDER_ZONES
100
AcDbMText
 10
780.500005
 20
830.99999
 30
0.0
 40
6.0
 41
4.6956621739
 46
9.3913143478
 71
     5
 72
     1
  1
{\fArial|b0||i0||c0|p34;\C7;\H6.;\W1.;6}
 73
     1
 44
1.0
1001
ACAD
1000
ACAD_MTEXT_DEFINED_HEIGHT_BEGIN
1070
    46
1040
9.3913143478
1000
ACAD_MTEXT_DEFINED_HEIGHT_END
  0
LINE
  5
379
330
1F
100
AcDbEntity
  8
BORDER_ZONES
  6
Continuous
 62
     7
100
AcDbLine
 10
817.5
 20
20.0
 30
0.0
 11
817.5
 21
1.0
 31
0.0
  0
LINE
  5
37A
330
1F
100
AcDbEntity
  8
BORDER_ZONES
  6
Continuous
 62
     7
100
AcDbLine
 10
817.5
 20
821.0
 30
0.0
 11
817.5
 21
840.0
 31
0.0
  0
MTEXT
  5
37B
330
1F
100
AcDbEntity
  8
BORDER_ZONES
100
AcDbMText
 10
854.500005
 20
9.99999
 30
0.0
 40
6.0
 41
4.6956621739
 46
9.3913143478
 71
     5
 72
     1
  1
{\fArial|b0||i0||c0|p34;\C7;\H6.;\W1.;5}
 73
     1
 44
1.0
1001
ACAD
1000
ACAD_MTEXT_DEFINED_HEIGHT_BEGIN
1070
    46
1040
9.3913143478
1000
ACAD_MTEXT_DEFINED_HEIGHT_END
  0
MTEXT
  5
37C
330
1F
100
AcDbEntity
  8
BORDER_ZONES
100
AcDbMText
 10
854.500005
 20
830.99999
 30
0.0
 40
6.0
 41
4.6956621739
 46
9.3913143478
 71
     5
 72
     1
  1
{\fArial|b0||i0||c0|p34;\C7;\H6.;\W1.;5}
 73
     1
 44
1.0
1001
ACAD
1000
ACAD_MTEXT_DEFINED_HEIGHT_BEGIN
1070
    46
1040
9.3913143478
1000
ACAD_MTEXT_DEFINED_HEIGHT_END
  0
LINE
  5
37D
330
1F
100
AcDbEntity
  8
BORDER_ZONES
  6
Continuous
 62
     7
100
AcDbLine
 10
891.5
 20
20.0
 30
0.0
 11
891.5
 21
1.0
 31
0.0
  0
LINE
  5
37E
330
1F
100
AcDbEntity
  8
BORDER_ZONES
  6
Continuous
 62
     7
100
AcDbLine
 10
891.5
 20
821.0
 30
0.0
 11
891.5
 21
840.0
 31
0.0
  0
MTEXT
  5
37F
330
1F
100
AcDbEntity
  8
BORDER_ZONES
100
AcDbMText
 10
928.500005
 20
9.99999
 30
0.0
 40
6.0
 41
4.6956621739
 46
9.3913143478
 71
     5
 72
     1
  1
{\fArial|b0||i0||c0|p34;\C7;\H6.;\W1.;4}
 73
     1
 44
1.0
1001
ACAD
1000
ACAD_MTEXT_DEFINED_HEIGHT_BEGIN
1070
    46
1040
9.3913143478
1000
ACAD_MTEXT_DEFINED_HEIGHT_END
  0
MTEXT
  5
380
330
1F
100
AcDbEntity
  8
BORDER_ZONES
100
AcDbMText
 10
928.500005
 20
830.99999
 30
0.0
 40
6.0
 41
4.6956621739
 46
9.3913143478
 71
     5
 72
     1
  1
{\fArial|b0||i0||c0|p34;\C7;\H6.;\W1.;4}
 73
     1
 44
1.0
1001
ACAD
1000
ACAD_MTEXT_DEFINED_HEIGHT_BEGIN
1070
    46
1040
9.3913143478
1000
ACAD_MTEXT_DEFINED_HEIGHT_END
  0
LINE
  5
381
330
1F
100
AcDbEntity
  8
BORDER_ZONES
  6
Continuous
 62
     7
100
AcDbLine
 10
965.5
 20
20.0
 30
0.0
 11
965.5
 21
1.0
 31
0.0
  0
LINE
  5
382
330
1F
100
AcDbEntity
  8
BORDER_ZONES
  6
Continuous
 62
     7
100
AcDbLine
 10
965.5
 20
821.0
 30
0.0
 11
965.5
 21
840.0
 31
0.0
  0
MTEXT
  5
383
330
1F
100
AcDbEntity
  8
BORDER_ZONES
100
AcDbMText
 10
1002.500005
 20
9.99999
 30
0.0
 40
6.0
 41
4.6956621739
 46
9.3913143478
 71
     5
 72
     1
  1
{\fArial|b0||i0||c0|p34;\C7;\H6.;\W1.;3}
 73
     1
 44
1.0
1001
ACAD
1000
ACAD_MTEXT_DEFINED_HEIGHT_BEGIN
1070
    46
1040
9.3913143478
1000
ACAD_MTEXT_DEFINED_HEIGHT_END
  0
MTEXT
  5
384
330
1F
100
AcDbEntity
  8
BORDER_ZONES
100
AcDbMText
 10
1002.500005
 20
830.99999
 30
0.0
 40
6.0
 41
4.6956621739
 46
9.3913143478
 71
     5
 72
     1
  1
{\fArial|b0||i0||c0|p34;\C7;\H6.;\W1.;3}
 73
     1
 44
1.0
1001
ACAD
1000
ACAD_MTEXT_DEFINED_HEIGHT_BEGIN
1070
    46
1040
9.3913143478
1000
ACAD_MTEXT_DEFINED_HEIGHT_END
  0
LINE
  5
385
330
1F
100
AcDbEntity
  8
BORDER_ZONES
  6
Continuous
 62
     7
100
AcDbLine
 10
1039.5
 20
20.0
 30
0.0
 11
1039.5
 21
1.0
 31
0.0
  0
LINE
  5
386
330
1F
100
AcDbEntity
  8
BORDER_ZONES
  6
Continuous
 62
     7
100
AcDbLine
 10
1039.5
 20
821.0
 30
0.0
 11
1039.5
 21
840.0
 31
0.0
  0
MTEXT
  5
387
330
1F
100
AcDbEntity
  8
BORDER_ZONES
100
AcDbMText
 10
1076.500005
 20
9.99999
 30
0.0
 40
6.0
 41
4.6956621739
 46
9.3913143478
 71
     5
 72
     1
  1
{\fArial|b0||i0||c0|p34;\C7;\H6.;\W1.;2}
 73
     1
 44
1.0
1001
ACAD
1000
ACAD_MTEXT_DEFINED_HEIGHT_BEGIN
1070
    46
1040
9.3913143478
1000
ACAD_MTEXT_DEFINED_HEIGHT_END
  0
MTEXT
  5
388
330
1F
100
AcDbEntity
  8
BORDER_ZONES
100
AcDbMText
 10
1076.500005
 20
830.99999
 30
0.0
 40
6.0
 41
4.6956621739
 46
9.3913143478
 71
     5
 72
     1
  1
{\fArial|b0||i0||c0|p34;\C7;\H6.;\W1.;2}
 73
     1
 44
1.0
1001
ACAD
1000
ACAD_MTEXT_DEFINED_HEIGHT_BEGIN
1070
    46
1040
9.3913143478
1000
ACAD_MTEXT_DEFINED_HEIGHT_END
  0
LINE
  5
389
330
1F
100
AcDbEntity
  8
BORDER_ZONES
  6
Continuous
 62
     7
100
AcDbLine
 10
1113.5
 20
20.0
 30
0.0
 11
1113.5
 21
1.0
 31
0.0
  0
LINE
  5
38A
330
1F
100
AcDbEntity
  8
BORDER_ZONES
  6
Continuous
 62
     7
100
AcDbLine
 10
1113.5
 20
821.0
 30
0.0
 11
1113.5
 21
840.0
 31
0.0
  0
MTEXT
  5
38B
330
1F
100
AcDbEntity
  8
BORDER_ZONES
100
AcDbMText
 10
1150.500005
 20
9.99999
 30
0.0
 40
6.0
 41
4.6956621739
 46
9.3913143478
 71
     5
 72
     1
  1
{\fArial|b0||i0||c0|p34;\C7;\H6.;\W1.;1}
 73
     1
 44
1.0
1001
ACAD
1000
ACAD_MTEXT_DEFINED_HEIGHT_BEGIN
1070
    46
1040
9.3913143478
1000
ACAD_MTEXT_DEFINED_HEIGHT_END
  0
MTEXT
  5
38C
330
1F
100
AcDbEntity
  8
BORDER_ZONES
100
AcDbMText
 10
1150.500005
 20
830.99999
 30
0.0
 40
6.0
 41
4.6956621739
 46
9.3913143478
 71
     5
 72
     1
  1
{\fArial|b0||i0||c0|p34;\C7;\H6.;\W1.;1}
 73
     1
 44
1.0
1001
ACAD
1000
ACAD_MTEXT_DEFINED_HEIGHT_BEGIN
1070
    46
1040
9.3913143478
1000
ACAD_MTEXT_DEFINED_HEIGHT_END
  0
LINE
  5
38D
330
1F
100
AcDbEntity
  8
BORDER_ZONES
  6
Continuous
 62
     7
100
AcDbLine
 10
21.0
 20
70.5
 30
0.0
 11
2.0
 21
70.5
 31
0.0
  0
LINE
  5
38E
330
1F
100
AcDbEntity
  8
BORDER_ZONES
  6
Continuous
 62
     7
100
AcDbLine
 10
1170.0
 20
70.5
 30
0.0
 11
1189.0
 21
70.5
 31
0.0
  0
MTEXT
  5
38F
330
1F
100
AcDbEntity
  8
BORDER_ZONES
100
AcDbMText
 10
11.000005
 20
35.49999
 30
0.0
 40
6.0
 41
5.6087056522
 46
9.3913143478
 71
     5
 72
     1
  1
{\fArial|b0||i0||c0|p34;\C7;\H6.;\W1.;A}
 73
     1
 44
1.0
1001
ACAD
1000
ACAD_MTEXT_DEFINED_HEIGHT_BEGIN
1070
    46
1040
9.3913143478
1000
ACAD_MTEXT_DEFINED_HEIGHT_END
  0
MTEXT
  5
390
330
1F
100
AcDbEntity
  8
BORDER_ZONES
100
AcDbMText
 10
1180.000005
 20
35.49999
 30
0.0
 40
6.0
 41
5.6087056522
 46
9.3913143478
 71
     5
 72
     1
  1
{\fArial|b0||i0||c0|p34;\C7;\H6.;\W1.;A}
 73
     1
 44
1.0
1001
ACAD
1000
ACAD_MTEXT_DEFINED_HEIGHT_BEGIN
1070
    46
1040
9.3913143478
1000
ACAD_MTEXT_DEFINED_HEIGHT_END
  0
MTEXT
  5
391
330
1F
100
AcDbEntity
  8
BORDER_ZONES
100
AcDbMText
 10
11.000005
 20
105.49999
 30
0.0
 40
6.0
 41
5.6087056522
 46
9.3913143478
 71
     5
 72
     1
  1
{\fArial|b0||i0||c0|p34;\C7;\H6.;\W1.;B}
 73
     1
 44
1.0
1001
ACAD
1000
ACAD_MTEXT_DEFINED_HEIGHT_BEGIN
1070
    46
1040
9.3913143478
1000
ACAD_MTEXT_DEFINED_HEIGHT_END
  0
MTEXT
  5
392
330
1F
100
AcDbEntity
  8
BORDER_ZONES
100
AcDbMText
 10
1180.000005
 20
105.49999
 30
0.0
 40
6.0
 41
5.6087056522
 46
9.3913143478
 71
     5
 72
     1
  1
{\fArial|b0||i0||c0|p34;\C7;\H6.;\W1.;B}
 73
     1
 44
1.0
1001
ACAD
1000
ACAD_MTEXT_DEFINED_HEIGHT_BEGIN
1070
    46
1040
9.3913143478
1000
ACAD_MTEXT_DEFINED_HEIGHT_END
  0
LINE
  5
393
330
1F
100
AcDbEntity
  8
BORDER_ZONES
  6
Continuous
 62
     7
100
AcDbLine
 10
21.0
 20
140.5
 30
0.0
 11
2.0
 21
140.5
 31
0.0
  0
LINE
  5
394
330
1F
100
AcDbEntity
  8
BORDER_ZONES
  6
Continuous
 62
     7
100
AcDbLine
 10
1170.0
 20
140.5
 30
0.0
 11
1189.0
 21
140.5
 31
0.0
  0
MTEXT
  5
395
330
1F
100
AcDbEntity
  8
BORDER_ZONES
100
AcDbMText
 10
11.000005
 20
175.49999
 30
0.0
 40
6.0
 41
6.00001
 46
9.3913143478
 71
     5
 72
     1
  1
{\fArial|b0||i0||c0|p34;\C7;\H6.;\W1.;C}
 73
     1
 44
1.0
1001
ACAD
1000
ACAD_MTEXT_DEFINED_HEIGHT_BEGIN
1070
    46
1040
9.3913143478
1000
ACAD_MTEXT_DEFINED_HEIGHT_END
  0
MTEXT
  5
396
330
1F
100
AcDbEntity
  8
BORDER_ZONES
100
AcDbMText
 10
1180.000005
 20
175.49999
 30
0.0
 40
6.0
 41
6.00001
 46
9.3913143478
 71
     5
 72
     1
  1
{\fArial|b0||i0||c0|p34;\C7;\H6.;\W1.;C}
 73
     1
 44
1.0
1001
ACAD
1000
ACAD_MTEXT_DEFINED_HEIGHT_BEGIN
1070
    46
1040
9.3913143478
1000
ACAD_MTEXT_DEFINED_HEIGHT_END
  0
LINE
  5
397
330
1F
100
AcDbEntity
  8
BORDER_ZONES
  6
Continuous
 62
     7
100
AcDbLine
 10
21.0
 20
210.5
 30
0.0
 11
2.0
 21
210.5
 31
0.0
  0
LINE
  5
398
330
1F
100
AcDbEntity
  8
BORDER_ZONES
  6
Continuous
 62
     7
100
AcDbLine
 10
1170.0
 20
210.5
 30
0.0
 11
1189.0
 21
210.5
 31
0.0
  0
MTEXT
  5
399
330
1F
100
AcDbEntity
  8
BORDER_ZONES
100
AcDbMText
 10
11.000005
 20
245.49999
 30
0.0
 40
6.0
 41
6.00001
 46
9.3913143478
 71
     5
 72
     1
  1
{\fArial|b0||i0||c0|p34;\C7;\H6.;\W1.;D}
 73
     1
 44
1.0
1001
ACAD
1000
ACAD_MTEXT_DEFINED_HEIGHT_BEGIN
1070
    46
1040
9.3913143478
1000
ACAD_MTEXT_DEFINED_HEIGHT_END
  0
MTEXT
  5
39A
330
1F
100
AcDbEntity
  8
BORDER_ZONES
100
AcDbMText
 10
1180.000005
 20
245.49999
 30
0.0
 40
6.0
 41
6.00001
 46
9.3913143478
 71
     5
 72
     1
  1
{\fArial|b0||i0||c0|p34;\C7;\H6.;\W1.;D}
 73
     1
 44
1.0
1001
ACAD
1000
ACAD_MTEXT_DEFINED_HEIGHT_BEGIN
1070
    46
1040
9.3913143478
1000
ACAD_MTEXT_DEFINED_HEIGHT_END
  0
LINE
  5
39B
330
1F
100
AcDbEntity
  8
BORDER_ZONES
  6
Continuous
 62
     7
100
AcDbLine
 10
21.0
 20
280.5
 30
0.0
 11
2.0
 21
280.5
 31
0.0
  0
LINE
  5
39C
330
1F
100
AcDbEntity
  8
BORDER_ZONES
  6
Continuous
 62
     7
100
AcDbLine
 10
1170.0
 20
280.5
 30
0.0
 11
1189.0
 21
280.5
 31
0.0
  0
MTEXT
  5
39D
330
1F
100
AcDbEntity
  8
BORDER_ZONES
100
AcDbMText
 10
11.000005
 20
315.49999
 30
0.0
 40
6.0
 41
5.6087056522
 46
9.3913143478
 71
     5
 72
     1
  1
{\fArial|b0||i0||c0|p34;\C7;\H6.;\W1.;E}
 73
     1
 44
1.0
1001
ACAD
1000
ACAD_MTEXT_DEFINED_HEIGHT_BEGIN
1070
    46
1040
9.3913143478
1000
ACAD_MTEXT_DEFINED_HEIGHT_END
  0
MTEXT
  5
39E
330
1F
100
AcDbEntity
  8
BORDER_ZONES
100
AcDbMText
 10
1180.000005
 20
315.49999
 30
0.0
 40
6.0
 41
5.6087056522
 46
9.3913143478
 71
     5
 72
     1
  1
{\fArial|b0||i0||c0|p34;\C7;\H6.;\W1.;E}
 73
     1
 44
1.0
1001
ACAD
1000
ACAD_MTEXT_DEFINED_HEIGHT_BEGIN
1070
    46
1040
9.3913143478
1000
ACAD_MTEXT_DEFINED_HEIGHT_END
  0
LINE
  5
39F
330
1F
100
AcDbEntity
  8
BORDER_ZONES
  6
Continuous
 62
     7
100
AcDbLine
 10
21.0
 20
350.5
 30
0.0
 11
2.0
 21
350.5
 31
0.0
  0
LINE
  5
3A0
330
1F
100
AcDbEntity
  8
BORDER_ZONES
  6
Continuous
 62
     7
100
AcDbLine
 10
1170.0
 20
350.5
 30
0.0
 11
1189.0
 21
350.5
 31
0.0
  0
MTEXT
  5
3A1
330
1F
100
AcDbEntity
  8
BORDER_ZONES
100
AcDbMText
 10
11.000005
 20
385.49999
 30
0.0
 40
6.0
 41
5.0869665217
 46
9.3913143478
 71
     5
 72
     1
  1
{\fArial|b0||i0||c0|p34;\C7;\H6.;\W1.;F}
 73
     1
 44
1.0
1001
ACAD
1000
ACAD_MTEXT_DEFINED_HEIGHT_BEGIN
1070
    46
1040
9.3913143478
1000
ACAD_MTEXT_DEFINED_HEIGHT_END
  0
MTEXT
  5
3A2
330
1F
100
AcDbEntity
  8
BORDER_ZONES
100
AcDbMText
 10
1180.000005
 20
385.49999
 30
0.0
 40
6.0
 41
5.0869665217
 46
9.3913143478
 71
     5
 72
     1
  1
{\fArial|b0||i0||c0|p34;\C7;\H6.;\W1.;F}
 73
     1
 44
1.0
1001
ACAD
1000
ACAD_MTEXT_DEFINED_HEIGHT_BEGIN
1070
    46
1040
9.3913143478
1000
ACAD_MTEXT_DEFINED_HEIGHT_END
  0
LINE
  5
3A3
330
1F
100
AcDbEntity
  8
BORDER_ZONES
  6
Continuous
 62
     7
100
AcDbLine
 10
21.0
 20
420.5
 30
0.0
 11
2.0
 21
420.5
 31
0.0
  0
LINE
  5
3A4
330
1F
100
AcDbEntity
  8
BORDER_ZONES
  6
Continuous
 62
     7
100
AcDbLine
 10
1170.0
 20
420.5
 30
0.0
 11
1189.0
 21
420.5
 31
0.0
  0
MTEXT
  5
3A5
330
1F
100
AcDbEntity
  8
BORDER_ZONES
100
AcDbMText
 10
11.000005
 20
455.49999
 30
0.0
 40
6.0
 41
6.5217491304
 46
9.3913143478
 71
     5
 72
     1
  1
{\fArial|b0||i0||c0|p34;\C7;\H6.;\W1.;G}
 73
     1
 44
1.0
1001
ACAD
1000
ACAD_MTEXT_DEFINED_HEIGHT_BEGIN
1070
    46
1040
9.3913143478
1000
ACAD_MTEXT_DEFINED_HEIGHT_END
  0
MTEXT
  5
3A6
330
1F
100
AcDbEntity
  8
BORDER_ZONES
100
AcDbMText
 10
1180.000005
 20
455.49999
 30
0.0
 40
6.0
 41
6.5217491304
 46
9.3913143478
 71
     5
 72
     1
  1
{\fArial|b0||i0||c0|p34;\C7;\H6.;\W1.;G}
 73
     1
 44
1.0
1001
ACAD
1000
ACAD_MTEXT_DEFINED_HEIGHT_BEGIN
1070
    46
1040
9.3913143478
1000
ACAD_MTEXT_DEFINED_HEIGHT_END
  0
LINE
  5
3A7
330
1F
100
AcDbEntity
  8
BORDER_ZONES
  6
Continuous
 62
     7
100
AcDbLine
 10
21.0
 20
490.5
 30
0.0
 11
2.0
 21
490.5
 31
0.0
  0
LINE
  5
3A8
330
1F
100
AcDbEntity
  8
BORDER_ZONES
  6
Continuous
 62
     7
100
AcDbLine
 10
1170.0
 20
490.5
 30
0.0
 11
1189.0
 21
490.5
 31
0.0
  0
MTEXT
  5
3A9
330
1F
100
AcDbEntity
  8
BORDER_ZONES
100
AcDbMText
 10
11.000005
 20
525.49999
 30
0.0
 40
6.0
 41
6.00001
 46
9.3913143478
 71
     5
 72
     1
  1
{\fArial|b0||i0||c0|p34;\C7;\H6.;\W1.;H}
 73
     1
 44
1.0
1001
ACAD
1000
ACAD_MTEXT_DEFINED_HEIGHT_BEGIN
1070
    46
1040
9.3913143478
1000
ACAD_MTEXT_DEFINED_HEIGHT_END
  0
MTEXT
  5
3AA
330
1F
100
AcDbEntity
  8
BORDER_ZONES
100
AcDbMText
 10
1180.000005
 20
525.49999
 30
0.0
 40
6.0
 41
6.00001
 46
9.3913143478
 71
     5
 72
     1
  1
{\fArial|b0||i0||c0|p34;\C7;\H6.;\W1.;H}
 73
     1
 44
1.0
1001
ACAD
1000
ACAD_MTEXT_DEFINED_HEIGHT_BEGIN
1070
    46
1040
9.3913143478
1000
ACAD_MTEXT_DEFINED_HEIGHT_END
  0
LINE
  5
3AB
330
1F
100
AcDbEntity
  8
BORDER_ZONES
  6
Continuous
 62
     7
100
AcDbLine
 10
21.0
 20
560.5
 30
0.0
 11
2.0
 21
560.5
 31
0.0
  0
LINE
  5
3AC
330
1F
100
AcDbEntity
  8
BORDER_ZONES
  6
Continuous
 62
     7
100
AcDbLine
 10
1170.0
 20
560.5
 30
0.0
 11
1189.0
 21
560.5
 31
0.0
  0
MTEXT
  5
3AD
330
1F
100
AcDbEntity
  8
BORDER_ZONES
100
AcDbMText
 10
11.000005
 20
595.499995
 30
0.0
 40
6.0
 41
2.347836087
 46
9.3913143478
 71
     5
 72
     1
  1
{\fArial|b0||i0||c0|p34;\C7;\H6.;\W1.;I}
 73
     1
 44
1.0
1001
ACAD
1000
ACAD_MTEXT_DEFINED_HEIGHT_BEGIN
1070
    46
1040
9.3913143478
1000
ACAD_MTEXT_DEFINED_HEIGHT_END
  0
MTEXT
  5
3AE
330
1F
100
AcDbEntity
  8
BORDER_ZONES
100
AcDbMText
 10
1180.000005
 20
595.499995
 30
0.0
 40
6.0
 41
2.347836087
 46
9.3913143478
 71
     5
 72
     1
  1
{\fArial|b0||i0||c0|p34;\C7;\H6.;\W1.;I}
 73
     1
 44
1.0
1001
ACAD
1000
ACAD_MTEXT_DEFINED_HEIGHT_BEGIN
1070
    46
1040
9.3913143478
1000
ACAD_MTEXT_DEFINED_HEIGHT_END
  0
LINE
  5
3AF
330
1F
100
AcDbEntity
  8
BORDER_ZONES
  6
Continuous
 62
     7
100
AcDbLine
 10
21.0
 20
630.5
 30
0.0
 11
2.0
 21
630.5
 31
0.0
  0
LINE
  5
3B0
330
1F
100
AcDbEntity
  8
BORDER_ZONES
  6
Continuous
 62
     7
100
AcDbLine
 10
1170.0
 20
630.5
 30
0.0
 11
1189.0
 21
630.5
 31
0.0
  0
MTEXT
  5
3B1
330
1F
100
AcDbEntity
  8
BORDER_ZONES
100
AcDbMText
 10
11.000005
 20
665.49999
 30
0.0
 40
6.0
 41
4.1739230435
 46
9.3913143478
 71
     5
 72
     1
  1
{\fArial|b0||i0||c0|p34;\C7;\H6.;\W1.;J}
 73
     1
 44
1.0
1001
ACAD
1000
ACAD_MTEXT_DEFINED_HEIGHT_BEGIN
1070
    46
1040
9.3913143478
1000
ACAD_MTEXT_DEFINED_HEIGHT_END
  0
MTEXT
  5
3B2
330
1F
100
AcDbEntity
  8
BORDER_ZONES
100
AcDbMText
 10
1180.000005
 20
665.49999
 30
0.0
 40
6.0
 41
4.1739230435
 46
9.3913143478
 71
     5
 72
     1
  1
{\fArial|b0||i0||c0|p34;\C7;\H6.;\W1.;J}
 73
     1
 44
1.0
1001
ACAD
1000
ACAD_MTEXT_DEFINED_HEIGHT_BEGIN
1070
    46
1040
9.3913143478
1000
ACAD_MTEXT_DEFINED_HEIGHT_END
  0
LINE
  5
3B3
330
1F
100
AcDbEntity
  8
BORDER_ZONES
  6
Continuous
 62
     7
100
AcDbLine
 10
21.0
 20
700.5
 30
0.0
 11
2.0
 21
700.5
 31
0.0
  0
LINE
  5
3B4
330
1F
100
AcDbEntity
  8
BORDER_ZONES
  6
Continuous
 62
     7
100
AcDbLine
 10
1170.0
 20
700.5
 30
0.0
 11
1189.0
 21
700.5
 31
0.0
  0
MTEXT
  5
3B5
330
1F
100
AcDbEntity
  8
BORDER_ZONES
100
AcDbMText
 10
11.000005
 20
735.49999
 30
0.0
 40
6.0
 41
5.6087056522
 46
9.3913143478
 71
     5
 72
     1
  1
{\fArial|b0||i0||c0|p34;\C7;\H6.;\W1.;K}
 73
     1
 44
1.0
1001
ACAD
1000
ACAD_MTEXT_DEFINED_HEIGHT_BEGIN
1070
    46
1040
9.3913143478
1000
ACAD_MTEXT_DEFINED_HEIGHT_END
  0
MTEXT
  5
3B6
330
1F
100
AcDbEntity
  8
BORDER_ZONES
100
AcDbMText
 10
1180.000005
 20
735.49999
 30
0.0
 40
6.0
 41
5.6087056522
 46
9.3913143478
 71
     5
 72
     1
  1
{\fArial|b0||i0||c0|p34;\C7;\H6.;\W1.;K}
 73
     1
 44
1.0
1001
ACAD
1000
ACAD_MTEXT_DEFINED_HEIGHT_BEGIN
1070
    46
1040
9.3913143478
1000
ACAD_MTEXT_DEFINED_HEIGHT_END
  0
LINE
  5
3B7
330
1F
100
AcDbEntity
  8
BORDER_ZONES
  6
Continuous
 62
     7
100
AcDbLine
 10
21.0
 20
770.5
 30
0.0
 11
2.0
 21
770.5
 31
0.0
  0
LINE
  5
3B8
330
1F
100
AcDbEntity
  8
BORDER_ZONES
  6
Continuous
 62
     7
100
AcDbLine
 10
1170.0
 20
770.5
 30
0.0
 11
1189.0
 21
770.5
 31
0.0
  0
MTEXT
  5
3B9
330
1F
100
AcDbEntity
  8
BORDER_ZONES
100
AcDbMText
 10
11.000005
 20
805.49999
 30
0.0
 40
6.0
 41
4.6956621739
 46
9.3913143478
 71
     5
 72
     1
  1
{\fArial|b0||i0||c0|p34;\C7;\H6.;\W1.;L}
 73
     1
 44
1.0
1001
ACAD
1000
ACAD_MTEXT_DEFINED_HEIGHT_BEGIN
1070
    46
1040
9.3913143478
1000
ACAD_MTEXT_DEFINED_HEIGHT_END
  0
MTEXT
  5
3BA
330
1F
100
AcDbEntity
  8
BORDER_ZONES
100
AcDbMText
 10
1180.000005
 20
805.49999
 30
0.0
 40
6.0
 41
4.6956621739
 46
9.3913143478
 71
     5
 72
     1
  1
{\fArial|b0||i0||c0|p34;\C7;\H6.;\W1.;L}
 73
     1
 44
1.0
1001
ACAD
1000
ACAD_MTEXT_DEFINED_HEIGHT_BEGIN
1070
    46
1040
9.3913143478
1000
ACAD_MTEXT_DEFINED_HEIGHT_END
  0
LINE
  5
3BC
330
1F
100
AcDbEntity
  8
TITLE_BLOCK
  6
Continuous
 62
     7
100
AcDbLine
 10
900.125
 20
20.0
 30
0.0
 11
900.125
 21
83.5
 31
0.0
  0
LINE
  5
3BD
330
1F
100
AcDbEntity
  8
TITLE_BLOCK
  6
Continuous
 62
     7
100
AcDbLine
 10
900.125
 20
20.0
 30
0.0
 11
950.925
 21
20.0
 31
0.0
  0
LINE
  5
3BE
330
1F
100
AcDbEntity
  8
TITLE_BLOCK
  6
Continuous
 62
     7
100
AcDbLine
 10
900.125
 20
32.7
 30
0.0
 11
950.925
 21
32.7
 31
0.0
  0
LINE
  5
3BF
330
1F
100
AcDbEntity
  8
TITLE_BLOCK
  6
Continuous
 62
     7
100
AcDbLine
 10
900.125
 20
37.78
 30
0.0
 11
950.925
 21
37.78
 31
0.0
  0
LINE
  5
3C0
330
1F
100
AcDbEntity
  8
TITLE_BLOCK
  6
Continuous
 62
     7
100
AcDbLine
 10
900.125
 20
46.416
 30
0.0
 11
950.925
 21
46.416
 31
0.0
  0
LINE
  5
3C1
330
1F
100
AcDbEntity
  8
TITLE_BLOCK
  6
Continuous
 62
     7
100
AcDbLine
 10
900.125
 20
53.782
 30
0.0
 11
950.925
 21
53.782
 31
0.0
  0
LINE
  5
3C2
330
1F
100
AcDbEntity
  8
TITLE_BLOCK
  6
Continuous
 62
     7
100
AcDbLine
 10
900.125
 20
83.5
 30
0.0
 11
950.925
 21
83.5
 31
0.0
  0
MTEXT
  5
3C3
330
1F
100
AcDbEntity
  8
TITLE_BLOCK
100
AcDbMText
 10
901.2426
 20
81.1411130435
 30
0.0
 40
2.032
 41
88.9564514289
 46
6.3610534783
 71
     1
 72
     1
  1
{\fArial|b0||i0||c0|p34;\C7;\H2.032;\W1.;UNLESS OTHERWISE SPECIFIED, DIMENSIONS ARE IN \P}{\fArial|b0||i0||c0|p34;\C7;\H2.032;\W1.;MILLIMETERS}
 73
     1
 44
1.0
1001
ACAD
1000
ACAD_MTEXT_DEFINED_HEIGHT_BEGIN
1070
    46
1040
6.3610534783
1000
ACAD_MTEXT_DEFINED_HEIGHT_END
  0
MTEXT
  5
3C4
330
1F
100
AcDbEntity
  8
TITLE_BLOCK
100
AcDbMText
 10
926.53084
 20
73.7570017391
 30
0.0
 40
1.8288
 41
24.02841
 46
5.7249491304
 71
     1
 72
     1
  1
{\fArial|b0||i0||c0|p34;\C7;\H1.8288;\W1.;\P}{\fArial|b0||i0||c0|p34;\C7;\H1.8288;\W1.;ANGULAR = ± °\P}
 73
     1
 44
1.0
1001
ACAD
1000
ACAD_MTEXT_DEFINED_HEIGHT_BEGIN
1070
    46
1040
5.7249491304
1000
ACAD_MTEXT_DEFINED_HEIGHT_END
  0
MTEXT
  5
3C5
330
1F
100
AcDbEntity
  8
TITLE_BLOCK
100
AcDbMText
 10
901.2426
 20
61.3291130435
 30
0.0
 40
2.032
 41
21.3924535829
 46
6.3610534783
 71
     1
 72
     1
  1
{\fArial|b0||i0||c0|p34;\C7;\H2.032;\W1.;SURFACE \P}{\fArial|b0||i0||c0|p34;\C7;\H2.032;\W1.;FINISH}
 73
     1
 44
1.0
1001
ACAD
1000
ACAD_MTEXT_DEFINED_HEIGHT_BEGIN
1070
    46
1040
6.3610534783
1000
ACAD_MTEXT_DEFINED_HEIGHT_END
  0
LINE
  5
3C6
330
1F
100
AcDbEntity
  8
TITLE_BLOCK
  6
Continuous
 62
     7
100
AcDbLine
 10
922.985
 20
58.862
 30
0.0
 11
924.255
 21
56.6622954744
 31
0.0
  0
LINE
  5
3C7
330
1F
100
AcDbEntity
  8
TITLE_BLOCK
  6
Continuous
 62
     7
100
AcDbLine
 10
924.255
 20
56.6622954744
 30
0.0
 11
926.922
 21
61.2816749782
 31
0.0
  0
LINE
  5
3C8
330
1F
100
AcDbEntity
  8
TITLE_BLOCK
  6
Continuous
 62
     7
100
AcDbLine
 10
926.922
 20
61.2816749782
 30
0.0
 11
929.716
 21
61.2816749782
 31
0.0
  0
MTEXT
  5
3C9
330
1F
100
AcDbEntity
  8
TITLE_BLOCK
100
AcDbMText
 10
925.525005
 20
50.7154469565
 30
0.0
 40
2.6416
 41
44.1000538844
 46
8.2693665217
 71
     2
 72
     1
  1
{\fArial|b0||i0||c0|p34;\C7;\H2.6416;\W1.;DO NOT SCALE \P}{\fArial|b0||i0||c0|p34;\C7;\H2.6416;\W1.;DRAWING}
 73
     1
 44
1.0
1001
ACAD
1000
ACAD_MTEXT_DEFINED_HEIGHT_BEGIN
1070
    46
1040
8.2693665217
1000
ACAD_MTEXT_DEFINED_HEIGHT_END
  0
MTEXT
  5
3CA
330
1F
100
AcDbEntity
  8
TITLE_BLOCK
100
AcDbMText
 10
925.525005
 20
44.0571130435
 30
0.0
 40
2.032
 41
66.0400087076
 46
6.3610534783
 71
     2
 72
     1
  1
{\fArial|b0||i0||c0|p34;\C7;\H2.032;\W1.;BREAK ALL SHARP EDGES AND REMOVE \P}{\fArial|b0||i0||c0|p34;\C7;\H2.032;\W1.;BURRS}
 73
     1
 44
1.0
1001
ACAD
1000
ACAD_MTEXT_DEFINED_HEIGHT_BEGIN
1070
    46
1040
6.3610534783
1000
ACAD_MTEXT_DEFINED_HEIGHT_END
  0
CIRCLE
  5
3CB
330
1F
100
AcDbEntity
  8
TITLE_BLOCK
  6
Continuous
 62
     7
100
AcDbCircle
 10
931.24
 20
26.2992
 30
0.0
 40
2.285999999999945
  0
CIRCLE
  5
3CC
330
1F
100
AcDbEntity
  8
TITLE_BLOCK
  6
Continuous
 62
     7
100
AcDbCircle
 10
931.24
 20
26.2992
 30
0.0
 40
4.572000000000003
  0
LINE
  5
3CD
330
1F
100
AcDbEntity
  8
TITLE_BLOCK
  6
Continuous
 62
     7
100
AcDbLine
 10
932.383
 20
26.2992
 30
0.0
 11
930.097
 21
26.2992
 31
0.0
  0
LINE
  5
3CE
330
1F
100
AcDbEntity
  8
TITLE_BLOCK
  6
Continuous
 62
     7
100
AcDbLine
 10
931.24
 20
27.4422
 30
0.0
 11
931.24
 21
25.1562
 31
0.0
  0
LINE
  5
3CF
330
1F
100
AcDbEntity
  8
TITLE_BLOCK
  6
Continuous
 62
     7
100
AcDbLine
 10
933.526
 20
26.2992
 30
0.0
 11
936.955
 21
26.2992
 31
0.0
  0
LINE
  5
3D0
330
1F
100
AcDbEntity
  8
TITLE_BLOCK
  6
Continuous
 62
     7
100
AcDbLine
 10
931.24
 20
28.5852
 30
0.0
 11
931.24
 21
32.0142
 31
0.0
  0
LINE
  5
3D1
330
1F
100
AcDbEntity
  8
TITLE_BLOCK
  6
Continuous
 62
     7
100
AcDbLine
 10
928.954
 20
26.2992
 30
0.0
 11
925.525
 21
26.2992
 31
0.0
  0
LINE
  5
3D2
330
1F
100
AcDbEntity
  8
TITLE_BLOCK
  6
Continuous
 62
     7
100
AcDbLine
 10
931.24
 20
24.0132
 30
0.0
 11
931.24
 21
20.5842
 31
0.0
  0
LINE
  5
3D3
330
1F
100
AcDbEntity
  8
TITLE_BLOCK
  6
Continuous
 62
     7
100
AcDbLine
 10
924.382
 20
21.7272
 30
0.0
 11
924.382
 21
30.8712
 31
0.0
  0
LINE
  5
3D4
330
1F
100
AcDbEntity
  8
TITLE_BLOCK
  6
Continuous
 62
     7
100
AcDbLine
 10
924.382
 20
30.8712
 30
0.0
 11
915.238
 21
28.5852
 31
0.0
  0
LINE
  5
3D5
330
1F
100
AcDbEntity
  8
TITLE_BLOCK
  6
Continuous
 62
     7
100
AcDbLine
 10
915.238
 20
28.5852
 30
0.0
 11
915.238
 21
24.0132
 31
0.0
  0
LINE
  5
3D6
330
1F
100
AcDbEntity
  8
TITLE_BLOCK
  6
Continuous
 62
     7
100
AcDbLine
 10
915.238
 20
24.0132
 30
0.0
 11
924.382
 21
21.7272
 31
0.0
  0
LINE
  5
3D7
330
1F
100
AcDbEntity
  8
TITLE_BLOCK
  6
Continuous
 62
     7
100
AcDbLine
 10
920.953
 20
26.2992
 30
0.0
 11
924.9535
 21
26.2992
 31
0.0
  0
LINE
  5
3D8
330
1F
100
AcDbEntity
  8
TITLE_BLOCK
  6
Continuous
 62
     7
100
AcDbLine
 10
920.2672
 20
26.2992
 30
0.0
 11
919.3528
 21
26.2992
 31
0.0
  0
LINE
  5
3D9
330
1F
100
AcDbEntity
  8
TITLE_BLOCK
  6
Continuous
 62
     7
100
AcDbLine
 10
918.667
 20
26.2992
 30
0.0
 11
914.6665
 21
26.2992
 31
0.0
  0
MTEXT
  5
3DA
330
1F
100
AcDbEntity
  8
TITLE_BLOCK
100
AcDbMText
 10
925.525005
 20
35.4211130435
 30
0.0
 40
2.032
 41
34.8826762359
 46
6.3610534783
 71
     2
 72
     1
  1
{\fArial|b0||i0||c0|p34;\C7;\H2.032;\W1.;FIRST ANGLE \P}{\fArial|b0||i0||c0|p34;\C7;\H2.032;\W1.;PROJECTION}
 73
     1
 44
1.0
1001
ACAD
1000
ACAD_MTEXT_DEFINED_HEIGHT_BEGIN
1070
    46
1040
6.3610534783
1000
ACAD_MTEXT_DEFINED_HEIGHT_END
  0
LINE
  5
3DB
330
1F
100
AcDbEntity
  8
TITLE_BLOCK
  6
Continuous
 62
     7
100
AcDbLine
 10
950.925
 20
20.0
 30
0.0
 11
950.925
 21
83.5
 31
0.0
  0
LINE
  5
3DC
330
1F
100
AcDbEntity
  8
TITLE_BLOCK
  6
Continuous
 62
     7
100
AcDbLine
 10
973.15
 20
37.78
 30
0.0
 11
973.15
 21
83.5
 31
0.0
  0
LINE
  5
3DD
330
1F
100
AcDbEntity
  8
TITLE_BLOCK
  6
Continuous
 62
     7
100
AcDbLine
 10
998.55
 20
37.78
 30
0.0
 11
998.55
 21
83.5
 31
0.0
  0
LINE
  5
3DE
330
1F
100
AcDbEntity
  8
TITLE_BLOCK
  6
Continuous
 62
     7
100
AcDbLine
 10
995.375
 20
20.0
 30
0.0
 11
995.375
 21
37.78
 31
0.0
  0
MTEXT
  5
3DF
330
1F
100
AcDbEntity
  8
TITLE_BLOCK
100
AcDbMText
 10
1011.250005
 20
81.6712
 30
0.0
 40
2.032
 41
16.5652273913
 46
3.1805317391
 71
     2
 72
     1
  1
{\fArial|b0||i0||c0|p34;\C7;\H2.032;\W1.;SIGNATURE}
 73
     1
 44
1.0
1001
ACAD
1000
ACAD_MTEXT_DEFINED_HEIGHT_BEGIN
1070
    46
1040
3.1805317391
1000
ACAD_MTEXT_DEFINED_HEIGHT_END
  0
LINE
  5
3E0
330
1F
100
AcDbEntity
  8
TITLE_BLOCK
  6
Continuous
 62
     7
100
AcDbLine
 10
1023.95
 20
37.78
 30
0.0
 11
1023.95
 21
83.5
 31
0.0
  0
LINE
  5
3E1
330
1F
100
AcDbEntity
  8
TITLE_BLOCK
  6
Continuous
 62
     7
100
AcDbLine
 10
950.925
 20
83.5
 30
0.0
 11
1039.825
 21
83.5
 31
0.0
  0
LINE
  5
3E2
330
1F
100
AcDbEntity
  8
TITLE_BLOCK
  6
Continuous
 62
     7
100
AcDbLine
 10
950.925
 20
75.88
 30
0.0
 11
1039.825
 21
75.88
 31
0.0
  0
LINE
  5
3E3
330
1F
100
AcDbEntity
  8
TITLE_BLOCK
  6
Continuous
 62
     7
100
AcDbLine
 10
950.925
 20
68.26
 30
0.0
 11
1039.825
 21
68.26
 31
0.0
  0
LINE
  5
3E4
330
1F
100
AcDbEntity
  8
TITLE_BLOCK
  6
Continuous
 62
     7
100
AcDbLine
 10
950.925
 20
60.64
 30
0.0
 11
1039.825
 21
60.64
 31
0.0
  0
LINE
  5
3E5
330
1F
100
AcDbEntity
  8
TITLE_BLOCK
  6
Continuous
 62
     7
100
AcDbLine
 10
950.925
 20
53.02
 30
0.0
 11
1039.825
 21
53.02
 31
0.0
  0
LINE
  5
3E6
330
1F
100
AcDbEntity
  8
TITLE_BLOCK
  6
Continuous
 62
     7
100
AcDbLine
 10
950.925
 20
45.4
 30
0.0
 11
1039.825
 21
45.4
 31
0.0
  0
LINE
  5
3E7
330
1F
100
AcDbEntity
  8
TITLE_BLOCK
  6
Continuous
 62
     7
100
AcDbLine
 10
950.925
 20
37.78
 30
0.0
 11
1039.825
 21
37.78
 31
0.0
  0
MTEXT
  5
3E8
330
1F
100
AcDbEntity
  8
TITLE_BLOCK
100
AcDbMText
 10
974.2676
 20
81.6712
 30
0.0
 40
2.032
 41
8.172183913
 46
3.1805317391
 71
     1
 72
     1
  1
{\fArial|b0||i0||c0|p34;\C7;\H2.032;\W1.;NAME}
 73
     1
 44
1.0
1001
ACAD
1000
ACAD_MTEXT_DEFINED_HEIGHT_BEGIN
1070
    46
1040
3.1805317391
1000
ACAD_MTEXT_DEFINED_HEIGHT_END
  0
MTEXT
  5
3E9
330
1F
100
AcDbEntity
  8
TITLE_BLOCK
100
AcDbMText
 10
1031.887505
 20
81.6712
 30
0.0
 40
2.032
 41
7.5979230435
 46
3.1805317391
 71
     2
 72
     1
  1
{\fArial|b0||i0||c0|p34;\C7;\H2.032;\W1.;DATE}
 73
     1
 44
1.0
1001
ACAD
1000
ACAD_MTEXT_DEFINED_HEIGHT_BEGIN
1070
    46
1040
3.1805317391
1000
ACAD_MTEXT_DEFINED_HEIGHT_END
  0
MTEXT
  5
3EA
330
1F
100
AcDbEntity
  8
TITLE_BLOCK
100
AcDbMText
 10
952.0426
 20
74.0512
 30
0.0
 40
2.032
 41
10.8226186957
 46
3.1805317391
 71
     1
 72
     1
  1
{\fArial|b0||i0||c0|p34;\C7;\H2.032;\W1.;DRAWN}
 73
     1
 44
1.0
1001
ACAD
1000
ACAD_MTEXT_DEFINED_HEIGHT_BEGIN
1070
    46
1040
3.1805317391
1000
ACAD_MTEXT_DEFINED_HEIGHT_END
  0
MTEXT
  5
3EB
330
1F
100
AcDbEntity
  8
TITLE_BLOCK
100
AcDbMText
 10
985.850005
 20
72.06999
 30
0.0
 40
1.70688
 41
21.3834229715
 46
5.3432865217
 71
     5
 72
     1
  1
{\fArial|b0||i0||c0|p34;\C7;\H1.70688;\W1.;SAVANNAH \P}{\fArial|b0||i0||c0|p34;\C7;\H1.70688;\W1.;KRUPA}
 73
     1
 44
1.0
1001
ACAD
1000
ACAD_MTEXT_DEFINED_HEIGHT_BEGIN
1070
    46
1040
5.3432865217
1000
ACAD_MTEXT_DEFINED_HEIGHT_END
  0
MTEXT
  5
3EC
330
1F
100
AcDbEntity
  8
TITLE_BLOCK
100
AcDbMText
 10
1031.887505
 20
72.06999
 30
0.0
 40
1.70688
 41
12.7067833333
 46
2.6716482609
 71
     5
 72
     1
  1
{\fArial|b0||i0||c0|p34;\C7;\H1.70688;\W1.;2025-09-30}
 73
     1
 44
1.0
1001
ACAD
1000
ACAD_MTEXT_DEFINED_HEIGHT_BEGIN
1070
    46
1040
2.6716482609
1000
ACAD_MTEXT_DEFINED_HEIGHT_END
  0
MTEXT
  5
3ED
330
1F
100
AcDbEntity
  8
TITLE_BLOCK
100
AcDbMText
 10
952.0426
 20
66.4312
 30
0.0
 40
2.032
 41
13.8264447826
 46
3.1805317391
 71
     1
 72
     1
  1
{\fArial|b0||i0||c0|p34;\C7;\H2.032;\W1.;CHECKED}
 73
     1
 44
1.0
1001
ACAD
1000
ACAD_MTEXT_DEFINED_HEIGHT_BEGIN
1070
    46
1040
3.1805317391
1000
ACAD_MTEXT_DEFINED_HEIGHT_END
  0
MTEXT
  5
3EE
330
1F
100
AcDbEntity
  8
TITLE_BLOCK
100
AcDbMText
 10
952.0426
 20
58.8112
 30
0.0
 40
2.032
 41
15.7700969565
 46
3.1805317391
 71
     1
 72
     1
  1
{\fArial|b0||i0||c0|p34;\C7;\H2.032;\W1.;APPROVED}
 73
     1
 44
1.0
1001
ACAD
1000
ACAD_MTEXT_DEFINED_HEIGHT_BEGIN
1070
    46
1040
3.1805317391
1000
ACAD_MTEXT_DEFINED_HEIGHT_END
  0
MTEXT
  5
3EF
330
1F
100
AcDbEntity
  8
TITLE_BLOCK
100
AcDbMText
 10
985.850005
 20
56.82999
 30
0.0
 40
1.70688
 41
4.7413433333
 46
2.6716482609
 71
     5
 72
     1
  1
{\fArial|b0||i0||c0|p34;\C7;\H1.70688;\W1.;----}
 73
     1
 44
1.0
1001
ACAD
1000
ACAD_MTEXT_DEFINED_HEIGHT_BEGIN
1070
    46
1040
2.6716482609
1000
ACAD_MTEXT_DEFINED_HEIGHT_END
  0
MTEXT
  5
3F0
330
1F
100
AcDbEntity
  8
TITLE_BLOCK
100
AcDbMText
 10
1031.887505
 20
56.82999
 30
0.0
 40
1.70688
 41
4.7413433333
 46
2.6716482609
 71
     5
 72
     1
  1
{\fArial|b0||i0||c0|p34;\C7;\H1.70688;\W1.;----}
 73
     1
 44
1.0
1001
ACAD
1000
ACAD_MTEXT_DEFINED_HEIGHT_BEGIN
1070
    46
1040
2.6716482609
1000
ACAD_MTEXT_DEFINED_HEIGHT_END
  0
MTEXT
  5
3F1
330
1F
100
AcDbEntity
  8
TITLE_BLOCK
100
AcDbMText
 10
952.0426
 20
35.9512
 30
0.0
 40
2.032
 41
14.22401
 46
3.1805317391
 71
     1
 72
     1
  1
{\fArial|b0||i0||c0|p34;\C7;\H2.032;\W1.;MATERIAL}
 73
     1
 44
1.0
1001
ACAD
1000
ACAD_MTEXT_DEFINED_HEIGHT_BEGIN
1070
    46
1040
3.1805317391
1000
ACAD_MTEXT_DEFINED_HEIGHT_END
  0
MTEXT
  5
3F2
330
1F
100
AcDbEntity
  8
TITLE_BLOCK
100
AcDbMText
 10
996.4926
 20
35.9512
 30
0.0
 40
2.032
 41
9.2765317391
 46
3.1805317391
 71
     1
 72
     1
  1
{\fArial|b0||i0||c0|p34;\C7;\H2.032;\W1.;FINISH}
 73
     1
 44
1.0
1001
ACAD
1000
ACAD_MTEXT_DEFINED_HEIGHT_BEGIN
1070
    46
1040
3.1805317391
1000
ACAD_MTEXT_DEFINED_HEIGHT_END
  0
LINE
  5
3F3
330
1F
100
AcDbEntity
  8
TITLE_BLOCK
  6
Continuous
 62
     7
100
AcDbLine
 10
1039.825
 20
20.0
 30
0.0
 11
1039.825
 21
83.5
 31
0.0
  0
LINE
  5
3F4
330
1F
100
AcDbEntity
  8
TITLE_BLOCK
  6
Continuous
 62
     7
100
AcDbLine
 10
1055.7
 20
28.255
 30
0.0
 11
1055.7
 21
40.955
 31
0.0
  0
LINE
  5
3F5
330
1F
100
AcDbEntity
  8
TITLE_BLOCK
  6
Continuous
 62
     7
100
AcDbLine
 10
1067.765
 20
20.0
 30
0.0
 11
1067.765
 21
28.255
 31
0.0
  0
LINE
  5
3F6
330
1F
100
AcDbEntity
  8
TITLE_BLOCK
  6
Continuous
 62
     7
100
AcDbLine
 10
1125.55
 20
20.0
 30
0.0
 11
1125.55
 21
28.255
 31
0.0
  0
LINE
  5
3F7
330
1F
100
AcDbEntity
  8
TITLE_BLOCK
  6
Continuous
 62
     7
100
AcDbLine
 10
1157.3
 20
28.255
 30
0.0
 11
1157.3
 21
40.955
 31
0.0
  0
LINE
  5
3F8
330
1F
100
AcDbEntity
  8
TITLE_BLOCK
  6
Continuous
 62
     7
100
AcDbLine
 10
1039.825
 20
28.255
 30
0.0
 11
1170.0
 21
28.255
 31
0.0
  0
LINE
  5
3F9
330
1F
100
AcDbEntity
  8
TITLE_BLOCK
  6
Continuous
 62
     7
100
AcDbLine
 10
1039.825
 20
40.955
 30
0.0
 11
1170.0
 21
40.955
 31
0.0
  0
LINE
  5
3FA
330
1F
100
AcDbEntity
  8
TITLE_BLOCK
  6
Continuous
 62
     7
100
AcDbLine
 10
1039.825
 20
67.625
 30
0.0
 11
1170.0
 21
67.625
 31
0.0
  0
LINE
  5
3FB
330
1F
100
AcDbEntity
  8
TITLE_BLOCK
  6
Continuous
 62
     7
100
AcDbLine
 10
1039.825
 20
83.5
 30
0.0
 11
1170.0
 21
83.5
 31
0.0
  0
MTEXT
  5
3FC
330
1F
100
AcDbEntity
  8
TITLE_BLOCK
100
AcDbMText
 10
1040.9426
 20
65.7962
 30
0.0
 40
2.032
 41
7.8187926087
 46
3.1805317391
 71
     1
 72
     1
  1
{\fArial|b0||i0||c0|p34;\C7;\H2.032;\W1.;TITLE}
 73
     1
 44
1.0
1001
ACAD
1000
ACAD_MTEXT_DEFINED_HEIGHT_BEGIN
1070
    46
1040
3.1805317391
1000
ACAD_MTEXT_DEFINED_HEIGHT_END
  0
MTEXT
  5
3FD
330
1F
100
AcDbEntity
  8
TITLE_BLOCK
100
AcDbMText
 10
1104.912505
 20
62.54499
 30
0.0
 40
4.8768
 41
13.5466766667
 46
7.6332621739
 71
     5
 72
     1
  1
{\fArial|b0||i0||c0|p34;\C7;\H4.8768;\W1.;----}
 73
     1
 44
1.0
1001
ACAD
1000
ACAD_MTEXT_DEFINED_HEIGHT_BEGIN
1070
    46
1040
7.6332621739
1000
ACAD_MTEXT_DEFINED_HEIGHT_END
  0
MTEXT
  5
3FE
330
1F
100
AcDbEntity
  8
TITLE_BLOCK
100
AcDbMText
 10
1104.912505
 20
54.54399
 30
0.0
 40
4.8768
 41
13.5466766667
 46
7.6332621739
 71
     5
 72
     1
  1
{\fArial|b0||i0||c0|p34;\C7;\H4.8768;\W1.;----}
 73
     1
 44
1.0
1001
ACAD
1000
ACAD_MTEXT_DEFINED_HEIGHT_BEGIN
1070
    46
1040
7.6332621739
1000
ACAD_MTEXT_DEFINED_HEIGHT_END
  0
MTEXT
  5
3FF
330
1F
100
AcDbEntity
  8
TITLE_BLOCK
100
AcDbMText
 10
1104.912505
 20
46.54299
 30
0.0
 40
4.8768
 41
13.5466766667
 46
7.6332621739
 71
     5
 72
     1
  1
{\fArial|b0||i0||c0|p34;\C7;\H4.8768;\W1.;----}
 73
     1
 44
1.0
1001
ACAD
1000
ACAD_MTEXT_DEFINED_HEIGHT_BEGIN
1070
    46
1040
7.6332621739
1000
ACAD_MTEXT_DEFINED_HEIGHT_END
  0
MTEXT
  5
400
330
1F
100
AcDbEntity
  8
TITLE_BLOCK
100
AcDbMText
 10
1040.71908
 20
39.49196
 30
0.0
 40
1.6256
 41
5.0535056522
 46
2.5444273913
 71
     1
 72
     1
  1
{\fArial|b0||i0||c0|p34;\C7;\H1.6256;\W1.;SIZE}
 73
     1
 44
1.0
1001
ACAD
1000
ACAD_MTEXT_DEFINED_HEIGHT_BEGIN
1070
    46
1040
2.5444273913
1000
ACAD_MTEXT_DEFINED_HEIGHT_END
  0
MTEXT
  5
401
330
1F
100
AcDbEntity
  8
TITLE_BLOCK
100
AcDbMText
 10
1047.762505
 20
34.60499
 30
0.0
 40
6.096
 41
10.4692273913
 46
9.5415752174
 71
     5
 72
     1
  1
{\fArial|b0||i0||c0|p34;\C7;\H6.096;\W1.;A0}
 73
     1
 44
1.0
1001
ACAD
1000
ACAD_MTEXT_DEFINED_HEIGHT_BEGIN
1070
    46
1040
9.5415752174
1000
ACAD_MTEXT_DEFINED_HEIGHT_END
  0
MTEXT
  5
402
330
1F
100
AcDbEntity
  8
TITLE_BLOCK
100
AcDbMText
 10
1056.59408
 20
39.0678904348
 30
0.0
 40
1.6256
 41
8.9859655556
 46
5.0888447826
 71
     1
 72
     1
  1
{\fArial|b0||i0||c0|p34;\C7;\H1.6256;\W1.;DWG \P}{\fArial|b0||i0||c0|p34;\C7;\H1.6256;\W1.;NO.}
 73
     1
 44
1.0
1001
ACAD
1000
ACAD_MTEXT_DEFINED_HEIGHT_BEGIN
1070
    46
1040
5.0888447826
1000
ACAD_MTEXT_DEFINED_HEIGHT_END
  0
MTEXT
  5
403
330
1F
100
AcDbEntity
  8
TITLE_BLOCK
100
AcDbMText
 10
1106.500005
 20
34.60499
 30
0.0
 40
6.096
 41
16.9333433333
 46
9.5415752174
 71
     5
 72
     1
  1
{\fArial|b0||i0||c0|p34;\C7;\H6.096;\W1.;----}
 73
     1
 44
1.0
1001
ACAD
1000
ACAD_MTEXT_DEFINED_HEIGHT_BEGIN
1070
    46
1040
9.5415752174
1000
ACAD_MTEXT_DEFINED_HEIGHT_END
  0
MTEXT
  5
404
330
1F
100
AcDbEntity
  8
TITLE_BLOCK
100
AcDbMText
 10
1158.19408
 20
39.49196
 30
0.0
 40
1.6256
 41
5.3008795652
 46
2.5444273913
 71
     1
 72
     1
  1
{\fArial|b0||i0||c0|p34;\C7;\H1.6256;\W1.;REV.}
 73
     1
 44
1.0
1001
ACAD
1000
ACAD_MTEXT_DEFINED_HEIGHT_BEGIN
1070
    46
1040
2.5444273913
1000
ACAD_MTEXT_DEFINED_HEIGHT_END
  0
MTEXT
  5
405
330
1F
100
AcDbEntity
  8
TITLE_BLOCK
100
AcDbMText
 10
1164.285005
 20
34.60499
 30
0.0
 40
6.096
 41
2.7829665217
 46
9.5415752174
 71
     5
 72
     1
  1
{\fArial|b0||i0||c0|p34;\C7;\H6.096;\W1.;-}
 73
     1
 44
1.0
1001
ACAD
1000
ACAD_MTEXT_DEFINED_HEIGHT_BEGIN
1070
    46
1040
9.5415752174
1000
ACAD_MTEXT_DEFINED_HEIGHT_END
  0
MTEXT
  5
406
330
1F
100
AcDbEntity
  8
TITLE_BLOCK
100
AcDbMText
 10
1040.71908
 20
26.79196
 30
0.0
 40
1.6256
 41
7.4565665217
 46
2.5444273913
 71
     1
 72
     1
  1
{\fArial|b0||i0||c0|p34;\C7;\H1.6256;\W1.;SCALE}
 73
     1
 44
1.0
1001
ACAD
1000
ACAD_MTEXT_DEFINED_HEIGHT_BEGIN
1070
    46
1040
2.5444273913
1000
ACAD_MTEXT_DEFINED_HEIGHT_END
  0
MTEXT
  5
407
330
1F
100
AcDbEntity
  8
TITLE_BLOCK
100
AcDbMText
 10
1055.065005
 20
24.12749
 30
0.0
 40
3.6576
 41
7.156183913
 46
5.7249491304
 71
     5
 72
     1
  1
{\fArial|b0||i0||c0|p34;\C7;\H3.6576;\W1.;1:1}
 73
     1
 44
1.0
1001
ACAD
1000
ACAD_MTEXT_DEFINED_HEIGHT_BEGIN
1070
    46
1040
5.7249491304
1000
ACAD_MTEXT_DEFINED_HEIGHT_END
  0
MTEXT
  5
408
330
1F
100
AcDbEntity
  8
TITLE_BLOCK
100
AcDbMText
 10
1068.65908
 20
26.79196
 30
0.0
 40
1.6256
 41
9.2235230435
 46
2.5444273913
 71
     1
 72
     1
  1
{\fArial|b0||i0||c0|p34;\C7;\H1.6256;\W1.;WEIGHT}
 73
     1
 44
1.0
1001
ACAD
1000
ACAD_MTEXT_DEFINED_HEIGHT_BEGIN
1070
    46
1040
2.5444273913
1000
ACAD_MTEXT_DEFINED_HEIGHT_END
  0
MTEXT
  5
409
330
1F
100
AcDbEntity
  8
TITLE_BLOCK
100
AcDbMText
 10
1126.44408
 20
26.79196
 30
0.0
 40
1.6256
 41
7.5979230435
 46
2.5444273913
 71
     1
 72
     1
  1
{\fArial|b0||i0||c0|p34;\C7;\H1.6256;\W1.;SHEET}
 73
     1
 44
1.0
1001
ACAD
1000
ACAD_MTEXT_DEFINED_HEIGHT_BEGIN
1070
    46
1040
2.5444273913
1000
ACAD_MTEXT_DEFINED_HEIGHT_END
  0
MTEXT
  5
40A
330
1F
100
AcDbEntity
  8
TITLE_BLOCK
100
AcDbMText
 10
1149.045005
 20
24.127495
 30
0.0
 40
3.6576
 41
13.61441
 46
9.75361
 71
     5
 72
     1
  1
{\fArial|b0||i0||c0|p34;\C7;\H3.6576;\W1.;1 of 1}
 73
     1
 44
1.0
1001
ACAD
1000
ACAD_MTEXT_DEFINED_HEIGHT_BEGIN
1070
    46
1040
9.75361
1000
ACAD_MTEXT_DEFINED_HEIGHT_END
  0
CIRCLE
  5
40C
330
1F
100
AcDbEntity
  8
Default
  6
Continuous
 62
     7
100
AcDbCircle
 10
741.2273117415
 20
433.7114921009
 30
0.0
 40
4.500000000000001
  0
ENDSEC
  0
SECTION
  2
OBJECTS
  0
DICTIONARY
  5
C
330
0
100
AcDbDictionary
281
     1
  3
ACAD_DETAILVIEWSTYLE
350
448
  3
ACAD_GROUP
350
D
  3
ACAD_LAYOUT
350
1A
  3
ACAD_MATERIAL
350
43
  3
ACAD_MLEADERSTYLE
350
5B
  3
ACAD_MLINESTYLE
350
17
  3
ACAD_PLOTSETTINGS
350
19
  3
ACAD_PLOTSTYLENAME
350
E
  3
ACAD_SCALELIST
350
47
  3
ACAD_SECTIONVIEWSTYLE
350
449
  3
ACAD_TABLESTYLE
350
59
  3
ACAD_VISUALSTYLE
350
2A
  3
ACDB_RECOMPOSE_DATA
350
445
  3
AcDbVariableDictionary
350
40D
  0
SUN
  5
5D
330
29
100
AcDbSun
 90
        1
290
     0
 63
     7
421
 16777215
 40
1.0
291
     1
 91
  2455826
 92
 54000000
292
     0
 70
     2
 71
   256
280
     1
  0
DICTIONARY
  5
448
102
{ACAD_REACTORS
330
C
102
}
330
C
100
AcDbDictionary
281
     1
  0
DICTIONARY
  5
D
102
{ACAD_REACTORS
330
C
102
}
330
C
100
AcDbDictionary
281
     1
  0
DICTIONARY
  5
1A
102
{ACAD_REACTORS
330
C
102
}
330
C
100
AcDbDictionary
281
     1
  3
Layout1
350
1E
  3
Model
350
22
  0
DICTIONARY
  5
43
102
{ACAD_REACTORS
330
C
102
}
330
C
100
AcDbDictionary
281
     1
  3
ByBlock
350
45
  3
ByLayer
350
44
  3
Global
350
46
  0
DICTIONARY
  5
5B
102
{ACAD_REACTORS
330
C
102
}
330
C
100
AcDbDictionary
281
     1
  3
Standard
350
5C
  0
DICTIONARY
  5
17
102
{ACAD_REACTORS
330
C
102
}
330
C
100
AcDbDictionary
281
     1
  3
Standard
350
18
  0
DICTIONARY
  5
19
102
{ACAD_REACTORS
330
C
102
}
330
C
100
AcDbDictionary
281
     1
  0
ACDBDICTIONARYWDFLT
  5
E
102
{ACAD_REACTORS
330
C
102
}
330
C
100
AcDbDictionary
281
     1
  3
Normal
350
F
100
AcDbDictionaryWithDefault
340
F
  0
DICTIONARY
  5
47
102
{ACAD_REACTORS
330
C
102
}
330
C
100
AcDbDictionary
281
     1
  3
A0
350
48
  3
A1
350
49
  3
A2
350
4A
  3
A3
350
4B
  3
A4
350
4C
  3
A5
350
4D
  3
A6
350
4E
  3
A7
350
4F
  3
A8
350
50
  3
A9
350
51
  3
B0
350
52
  3
B1
350
53
  3
B2
350
54
  3
B3
350
55
  3
B4
350
56
  3
B5
350
57
  3
B6
350
58
  0
DICTIONARY
  5
449
102
{ACAD_REACTORS
330
C
102
}
330
C
100
AcDbDictionary
281
     1
  0
DICTIONARY
  5
59
102
{ACAD_REACTORS
330
C
102
}
330
C
100
AcDbDictionary
281
     1
  3
Standard
350
5A
  0
DICTIONARY
  5
2A
102
{ACAD_REACTORS
330
C
102
}
330
C
100
AcDbDictionary
281
     1
  3
2dWireframe
350
2F
  3
Basic
350
32
  3
Brighten
350
36
  3
ColorChange
350
3A
  3
Conceptual
350
34
  3
Dim
350
35
  3
EdgeColorOff
350
3D
  3
Facepattern
350
39
  3
Flat
350
2B
  3
FlatWithEdges
350
2C
  3
Gouraud
350
2D
  3
GouraudWithEdges
350
2E
  3
Hidden
350
31
  3
JitterOff
350
3B
  3
Linepattern
350
38
  3
OverhangOff
350
3C
  3
Realistic
350
33
  3
Shaded
350
42
  3
Shaded with edges
350
41
  3
Shades of Gray
350
3E
  3
Sketchy
350
3F
  3
Thicken
350
37
  3
Wireframe
350
30
  3
X-Ray
350
40
  0
XRECORD
  5
445
102
{ACAD_REACTORS
330
C
102
}
330
C
100
AcDbXrecord
280
     1
 90
        1
330
5A
  0
DICTIONARY
  5
40D
102
{ACAD_REACTORS
330
C
102
}
330
C
100
AcDbDictionary
281
     1
  3
CANNOSCALE
350
40E
  3
CENTEREXE
350
44A
  3
CENTERLTYPEFILE
350
44B
  3
CMLEADERSTYLE
350
447
  3
CTABLESTYLE
350
446
  3
XCLIPFRAME
350
40F
  0
LAYOUT
  5
1E
102
{ACAD_REACTORS
330
1A
102
}
330
1A
100
AcDbPlotSettings
  1

  2
none_device
  4

  6

 40
0.0
 41
0.0
 42
0.0
 43
0.0
 44
0.0
 45
0.0
 46
0.0
 47
0.0
 48
0.0
 49
0.0
140
0.0
141
0.0
142
1.0
143
1.0
 70
   688
 72
     1
 73
     0
 74
     5
  7

 75
    16
 76
     0
 77
     2
 78
   300
147
1.0
148
0.0
149
0.0
100
AcDbLayout
  1
Layout1
 70
     1
 71
     1
 10
0.0
 20
0.0
 11
594.0
 21
420.0
 12
0.0
 22
0.0
 32
0.0
 14
0.0
 24
0.0
 34
0.0
 15
594.0
 25
420.0
 35
0.0
146
0.0
 13
0.0
 23
0.0
 33
0.0
 16
1.0
 26
0.0
 36
0.0
 17
0.0
 27
1.0
 37
0.0
 76
     0
330
1B
  0
LAYOUT
  5
22
102
{ACAD_REACTORS
330
1A
102
}
330
1A
100
AcDbPlotSettings
  1

  2
none_device
  4
Letter_(8.50_x_11.00_Inches)
  6

 40
6.35
 41
6.35
 42
6.35000508
 43
6.35000508
 44
215.9
 45
279.4
 46
0.0
 47
0.0
 48
0.0
 49
0.0
140
0.0
141
0.0
142
1.0
143
1.0
 70
  1712
 72
     1
 73
     0
 74
     0
  7

 75
     0
 76
     0
 77
     2
 78
   300
147
1.0
148
0.0
149
0.0
100
AcDbLayout
  1
Model
 70
     1
 71
     0
 10
0.0
 20
0.0
 11
594.0
 21
420.0
 12
0.0
 22
0.0
 32
0.0
 14
0.0
 24
0.0
 34
0.0
 15
594.0
 25
420.0
 35
0.0
146
0.0
 13
0.0
 23
0.0
 33
0.0
 16
1.0
 26
0.0
 36
0.0
 17
0.0
 27
1.0
 37
0.0
 76
     0
330
1F
331
29
  0
MATERIAL
  5
45
102
{ACAD_REACTORS
330
43
102
}
330
43
100
AcDbMaterial
  1
ByBlock
 72
     1
 94
      127
  0
MATERIAL
  5
44
102
{ACAD_REACTORS
330
43
102
}
330
43
100
AcDbMaterial
  1
ByLayer
 72
     1
 94
      127
  0
MATERIAL
  5
46
102
{ACAD_REACTORS
330
43
102
}
330
43
100
AcDbMaterial
  1
Global
 72
     1
 94
      127
  0
MLEADERSTYLE
  5
5C
102
{ACAD_REACTORS
330
5B
102
}
102
{ACAD_XDICTIONARY
360
443
102
}
330
5B
100
AcDbMLeaderStyle
170
     2
171
     1
172
     0
 90
        2
 40
0.0
 41
0.0
173
     1
 91
-1056964608
340
14
 92
       -2
290
     1
 42
2.0
291
     1
 43
8.0
  3
Standard
341
0
 44
4.0
300

342
11
174
     1
178
     6
175
     1
176
     0
 93
-1056964608
 45
4.0
292
     0
297
     0
 46
4.0
343
0
 94
-1056964608
 47
1.0
 49
1.0
140
1.0
293
     1
141
0.0
294
     1
177
     0
142
1.0
295
     0
296
     0
143
3.75
1001
ACAD_MLEADERVER
1070
     2
  0
MLINESTYLE
  5
18
102
{ACAD_REACTORS
330
17
102
}
330
17
100
AcDbMlineStyle
  2
Standard
 70
     0
  3

 62
   256
 51
90.0
 52
90.0
 71
     2
 49
0.5
 62
   256
  6
BYLAYER
 49
-0.5
 62
   256
  6
BYLAYER
  0
ACDBPLACEHOLDER
  5
F
102
{ACAD_REACTORS
330
E
102
}
330
E
  0
SCALE
  5
48
102
{ACAD_REACTORS
330
47
102
}
330
47
100
AcDbScale
 70
     0
300
1:1
140
1.0
141
1.0
290
     1
  0
SCALE
  5
49
102
{ACAD_REACTORS
330
47
102
}
330
47
100
AcDbScale
 70
     0
300
1:2
140
1.0
141
2.0
290
     0
  0
SCALE
  5
4A
102
{ACAD_REACTORS
330
47
102
}
330
47
100
AcDbScale
 70
     0
300
1:4
140
1.0
141
4.0
290
     0
  0
SCALE
  5
4B
102
{ACAD_REACTORS
330
47
102
}
330
47
100
AcDbScale
 70
     0
300
1:5
140
1.0
141
5.0
290
     0
  0
SCALE
  5
4C
102
{ACAD_REACTORS
330
47
102
}
330
47
100
AcDbScale
 70
     0
300
1:8
140
1.0
141
8.0
290
     0
  0
SCALE
  5
4D
102
{ACAD_REACTORS
330
47
102
}
330
47
100
AcDbScale
 70
     0
300
1:10
140
1.0
141
10.0
290
     0
  0
SCALE
  5
4E
102
{ACAD_REACTORS
330
47
102
}
330
47
100
AcDbScale
 70
     0
300
1:16
140
1.0
141
16.0
290
     0
  0
SCALE
  5
4F
102
{ACAD_REACTORS
330
47
102
}
330
47
100
AcDbScale
 70
     0
300
1:20
140
1.0
141
20.0
290
     0
  0
SCALE
  5
50
102
{ACAD_REACTORS
330
47
102
}
330
47
100
AcDbScale
 70
     0
300
1:30
140
1.0
141
30.0
290
     0
  0
SCALE
  5
51
102
{ACAD_REACTORS
330
47
102
}
330
47
100
AcDbScale
 70
     0
300
1:40
140
1.0
141
40.0
290
     0
  0
SCALE
  5
52
102
{ACAD_REACTORS
330
47
102
}
330
47
100
AcDbScale
 70
     0
300
1:50
140
1.0
141
50.0
290
     0
  0
SCALE
  5
53
102
{ACAD_REACTORS
330
47
102
}
330
47
100
AcDbScale
 70
     0
300
1:100
140
1.0
141
100.0
290
     0
  0
SCALE
  5
54
102
{ACAD_REACTORS
330
47
102
}
330
47
100
AcDbScale
 70
     0
300
2:1
140
2.0
141
1.0
290
     0
  0
SCALE
  5
55
102
{ACAD_REACTORS
330
47
102
}
330
47
100
AcDbScale
 70
     0
300
4:1
140
4.0
141
1.0
290
     0
  0
SCALE
  5
56
102
{ACAD_REACTORS
330
47
102
}
330
47
100
AcDbScale
 70
     0
300
8:1
140
8.0
141
1.0
290
     0
  0
SCALE
  5
57
102
{ACAD_REACTORS
330
47
102
}
330
47
100
AcDbScale
 70
     0
300
10:1
140
10.0
141
1.0
290
     0
  0
SCALE
  5
58
102
{ACAD_REACTORS
330
47
102
}
330
47
100
AcDbScale
 70
     0
300
100:1
140
100.0
141
1.0
290
     0
  0
TABLESTYLE
  5
5A
102
{ACAD_REACTORS
330
59
102
}
102
{ACAD_XDICTIONARY
360
440
102
}
330
59
100
AcDbTableStyle
  3
Standard
 70
     0
 71
     0
 40
0.06
 41
0.06
280
     0
281
     0
  7
Standard
140
4.5
170
     2
 62
     0
 63
   257
283
     0
 90
        4
 91
        0
  1

274
    -2
284
     1
 64
     0
275
    -2
285
     1
 65
     0
276
    -2
286
     1
 66
     0
277
    -2
287
     1
 67
     0
278
    -2
288
     1
 68
     0
279
    -2
289
     1
 69
     0
  7
Standard
140
6.0
170
     5
 62
     0
 63
   257
283
     0
 90
        4
 91
        0
  1

274
    -2
284
     1
 64
     0
275
    -2
285
     1
 65
     0
276
    -2
286
     1
 66
     0
277
    -2
287
     1
 67
     0
278
    -2
288
     1
 68
     0
279
    -2
289
     1
 69
     0
  7
Standard
140
4.5
170
     5
 62
     0
 63
   257
283
     0
 90
        4
 91
        0
  1

274
    -2
284
     1
 64
     0
275
    -2
285
     1
 65
     0
276
    -2
286
     1
 66
     0
277
    -2
287
     1
 67
     0
278
    -2
288
     1
 68
     0
279
    -2
289
     1
 69
     0
  0
VISUALSTYLE
  5
2F
102
{ACAD_REACTORS
330
2A
102
}
102
{ACAD_XDICTIONARY
360
418
102
}
330
2A
100
AcDbVisualStyle
  2
2dWireframe
 70
     4
 71
     0
 72
     2
 73
     0
 90
        0
 40
0.6
 41
30.0
 62
     5
 63
     7
421
 16777215
 74
     1
 91
        4
 64
     7
 65
   257
 75
     1
175
     1
 42
1.0
 92
        0
 66
   257
 43
1.0
 76
     1
 77
     6
 78
     2
 67
     7
 79
     5
170
     0
171
     0
290
     0
174
     0
 93
        1
 44
0.0
173
     0
291
     0
 45
0.0
  0
VISUALSTYLE
  5
32
102
{ACAD_REACTORS
330
2A
102
}
102
{ACAD_XDICTIONARY
360
41E
102
}
330
2A
100
AcDbVisualStyle
  2
Basic
 70
     7
 71
     1
 72
     0
 73
     1
 90
        0
 40
0.6
 41
30.0
 62
     5
 63
     7
421
 16777215
 74
     0
 91
        4
 64
     7
 65
   257
 75
     1
175
     1
 42
1.0
 92
        8
 66
     7
 43
1.0
 76
     1
 77
     6
 78
     2
 67
     7
 79
     5
170
     0
171
     0
290
     0
174
     0
 93
        1
 44
0.0
173
     0
291
     1
 45
0.0
  0
VISUALSTYLE
  5
36
102
{ACAD_REACTORS
330
2A
102
}
102
{ACAD_XDICTIONARY
360
426
102
}
330
2A
100
AcDbVisualStyle
  2
Brighten
 70
    12
 71
     2
 72
     2
 73
     0
 90
        0
 40
0.6
 41
30.0
 62
     5
 63
     7
421
 16777215
 74
     1
 91
        4
 64
     7
 65
   257
 75
     1
175
     1
 42
1.0
 92
        8
 66
     7
 43
1.0
 76
     1
 77
     6
 78
     2
 67
     7
 79
     5
170
     0
171
     0
290
     0
174
     0
 93
        1
 44
50.0
173
     0
291
     1
 45
0.0
  0
VISUALSTYLE
  5
3A
102
{ACAD_REACTORS
330
2A
102
}
102
{ACAD_XDICTIONARY
360
42E
102
}
330
2A
100
AcDbVisualStyle
  2
ColorChange
 70
    16
 71
     2
 72
     2
 73
     3
 90
        0
 40
0.6
 41
30.0
 62
     5
 63
     8
421
  8421504
 74
     1
 91
        4
 64
     7
 65
   257
 75
     1
175
     1
 42
1.0
 92
        8
 66
     8
424
  8421504
 43
1.0
 76
     1
 77
     6
 78
     2
 67
     7
 79
     5
170
     0
171
     0
290
     0
174
     0
 93
        1
 44
0.0
173
     0
291
     1
 45
0.0
  0
VISUALSTYLE
  5
34
102
{ACAD_REACTORS
330
2A
102
}
102
{ACAD_XDICTIONARY
360
422
102
}
330
2A
100
AcDbVisualStyle
  2
Conceptual
 70
     9
 71
     3
 72
     2
 73
     0
 90
        0
 40
0.6
 41
30.0
 62
     5
 63
     7
421
 16777215
 74
     2
 91
        2
 64
     7
 65
   257
 75
     1
175
     1
 42
179.0
 92
        8
 66
     7
 43
1.0
 76
     1
 77
     6
 78
     2
 67
     7
 79
     3
170
     0
171
     0
290
     0
174
     0
 93
        1
 44
0.0
173
     0
291
     0
 45
0.0
  0
VISUALSTYLE
  5
35
102
{ACAD_REACTORS
330
2A
102
}
102
{ACAD_XDICTIONARY
360
424
102
}
330
2A
100
AcDbVisualStyle
  2
Dim
 70
    11
 71
     2
 72
     2
 73
     0
 90
        0
 40
0.6
 41
30.0
 62
     5
 63
     7
421
 16777215
 74
     1
 91
        4
 64
     7
 65
   257
 75
     1
175
     1
 42
1.0
 92
        8
 66
     7
 43
1.0
 76
     1
 77
     6
 78
     2
 67
     7
 79
     5
170
     0
171
     0
290
     0
174
     0
 93
        1
 44
-50.0
173
     0
291
     1
 45
0.0
  0
VISUALSTYLE
  5
3D
102
{ACAD_REACTORS
330
2A
102
}
102
{ACAD_XDICTIONARY
360
434
102
}
330
2A
100
AcDbVisualStyle
  2
EdgeColorOff
 70
    22
 71
     2
 72
     2
 73
     0
 90
        0
 40
0.6
 41
30.0
 62
     5
 63
     7
421
 16777215
 74
     1
 91
        4
 64
     7
 65
   257
 75
     1
175
     1
 42
1.0
 92
        8
 66
     7
 43
1.0
 76
     1
 77
     6
 78
     2
 67
     7
 79
     5
170
     0
171
     0
290
     0
174
     0
 93
        1
 44
0.0
173
     0
291
     1
 45
0.0
  0
VISUALSTYLE
  5
39
102
{ACAD_REACTORS
330
2A
102
}
102
{ACAD_XDICTIONARY
360
42C
102
}
330
2A
100
AcDbVisualStyle
  2
Facepattern
 70
    15
 71
     2
 72
     2
 73
     0
 90
        0
 40
0.6
 41
30.0
 62
     5
 63
     7
421
 16777215
 74
     1
 91
        4
 64
     7
 65
   257
 75
     1
175
     1
 42
1.0
 92
        8
 66
     7
 43
1.0
 76
     1
 77
     6
 78
     2
 67
     7
 79
     5
170
     0
171
     0
290
     0
174
     0
 93
        1
 44
0.0
173
     0
291
     1
 45
0.0
  0
VISUALSTYLE
  5
2B
102
{ACAD_REACTORS
330
2A
102
}
102
{ACAD_XDICTIONARY
360
410
102
}
330
2A
100
AcDbVisualStyle
  2
Flat
 70
     0
 71
     2
 72
     1
 73
     1
 90
        2
 40
0.6
 41
30.0
 62
     5
 63
     7
421
 16777215
 74
     0
 91
        0
 64
     7
 65
   257
 75
     1
175
     1
 42
1.0
 92
        8
 66
     7
 43
1.0
 76
     1
 77
     6
 78
     2
 67
     7
 79
     5
170
     0
171
     0
290
     0
174
     0
 93
       13
 44
0.0
173
     0
291
     1
 45
0.0
  0
VISUALSTYLE
  5
2C
102
{ACAD_REACTORS
330
2A
102
}
102
{ACAD_XDICTIONARY
360
412
102
}
330
2A
100
AcDbVisualStyle
  2
FlatWithEdges
 70
     1
 71
     2
 72
     1
 73
     1
 90
        2
 40
0.6
 41
30.0
 62
     5
 63
     7
421
 16777215
 74
     1
 91
        0
 64
     7
 65
   257
 75
     1
175
     1
 42
1.0
 92
        0
 66
   257
 43
1.0
 76
     1
 77
     6
 78
     2
 67
     7
 79
     5
170
     0
171
     0
290
     0
174
     0
 93
       13
 44
0.0
173
     0
291
     1
 45
0.0
  0
VISUALSTYLE
  5
2D
102
{ACAD_REACTORS
330
2A
102
}
102
{ACAD_XDICTIONARY
360
414
102
}
330
2A
100
AcDbVisualStyle
  2
Gouraud
 70
     2
 71
     2
 72
     2
 73
     1
 90
        2
 40
0.6
 41
30.0
 62
     5
 63
     7
421
 16777215
 74
     0
 91
        0
 64
     7
 65
   257
 75
     1
175
     1
 42
1.0
 92
        0
 66
     7
 43
1.0
 76
     1
 77
     6
 78
     2
 67
     7
 79
     5
170
     0
171
     0
290
     0
174
     0
 93
       13
 44
0.0
173
     0
291
     1
 45
0.0
  0
VISUALSTYLE
  5
2E
102
{ACAD_REACTORS
330
2A
102
}
102
{ACAD_XDICTIONARY
360
416
102
}
330
2A
100
AcDbVisualStyle
  2
GouraudWithEdges
 70
     3
 71
     2
 72
     2
 73
     1
 90
        2
 40
0.6
 41
30.0
 62
     5
 63
     7
421
 16777215
 74
     1
 91
        0
 64
     7
 65
   257
 75
     1
175
     1
 42
1.0
 92
        0
 66
   257
 43
1.0
 76
     1
 77
     6
 78
     2
 67
     7
 79
     5
170
     0
171
     0
290
     0
174
     0
 93
       13
 44
0.0
173
     0
291
     1
 45
0.0
  0
VISUALSTYLE
  5
31
102
{ACAD_REACTORS
330
2A
102
}
102
{ACAD_XDICTIONARY
360
41C
102
}
330
2A
100
AcDbVisualStyle
  2
Hidden
 70
     6
 71
     1
 72
     2
 73
     2
 90
        0
 40
0.6
 41
30.0
 62
     5
 63
     7
421
 16777215
 74
     2
 91
        2
 64
     7
 65
   257
 75
     2
175
     1
 42
40.0
 92
        0
 66
   257
 43
1.0
 76
     1
 77
     6
 78
     2
 67
     7
 79
     3
170
     0
171
     0
290
     0
174
     0
 93
        1
 44
0.0
173
     0
291
     0
 45
0.0
  0
VISUALSTYLE
  5
3B
102
{ACAD_REACTORS
330
2A
102
}
102
{ACAD_XDICTIONARY
360
430
102
}
330
2A
100
AcDbVisualStyle
  2
JitterOff
 70
    20
 71
     2
 72
     2
 73
     0
 90
        0
 40
0.6
 41
30.0
 62
     5
 63
     7
421
 16777215
 74
     1
 91
        4
 64
     7
 65
   257
 75
     1
175
     1
 42
1.0
 92
       10
 66
     7
 43
1.0
 76
     1
 77
     6
 78
     2
 67
     7
 79
     5
170
     0
171
     0
290
     0
174
     0
 93
        1
 44
0.0
173
     0
291
     1
 45
0.0
  0
VISUALSTYLE
  5
38
102
{ACAD_REACTORS
330
2A
102
}
102
{ACAD_XDICTIONARY
360
42A
102
}
330
2A
100
AcDbVisualStyle
  2
Linepattern
 70
    14
 71
     2
 72
     2
 73
     0
 90
        0
 40
0.6
 41
30.0
 62
     5
 63
     7
421
 16777215
 74
     1
 91
        4
 64
     7
 65
   257
 75
     7
175
     7
 42
1.0
 92
        8
 66
     7
 43
1.0
 76
     1
 77
     6
 78
     2
 67
     7
 79
     5
170
     0
171
     0
290
     0
174
     0
 93
        1
 44
0.0
173
     0
291
     1
 45
0.0
  0
VISUALSTYLE
  5
3C
102
{ACAD_REACTORS
330
2A
102
}
102
{ACAD_XDICTIONARY
360
432
102
}
330
2A
100
AcDbVisualStyle
  2
OverhangOff
 70
    21
 71
     2
 72
     2
 73
     0
 90
        0
 40
0.6
 41
30.0
 62
     5
 63
     7
421
 16777215
 74
     1
 91
        4
 64
     7
 65
   257
 75
     1
175
     1
 42
1.0
 92
        9
 66
     7
 43
1.0
 76
     1
 77
     6
 78
     2
 67
     7
 79
     5
170
     0
171
     0
290
     0
174
     0
 93
        1
 44
0.0
173
     0
291
     1
 45
0.0
  0
VISUALSTYLE
  5
33
102
{ACAD_REACTORS
330
2A
102
}
102
{ACAD_XDICTIONARY
360
420
102
}
330
2A
100
AcDbVisualStyle
  2
Realistic
 70
     8
 71
     2
 72
     3
 73
     0
 90
        2
 40
0.6
 41
30.0
 62
     5
 63
     7
421
 16777215
 74
     0
 91
        0
 64
     7
 65
   257
 75
     1
175
     1
 42
1.0
 92
        8
 66
   257
 43
1.0
 76
     1
 77
     6
 78
     2
 67
     7
 79
     3
170
     0
171
     0
290
     0
174
     0
 93
       13
 44
0.0
173
     0
291
     0
 45
0.0
  0
VISUALSTYLE
  5
42
102
{ACAD_REACTORS
330
2A
102
}
102
{ACAD_XDICTIONARY
360
43E
102
}
330
2A
100
AcDbVisualStyle
  2
Shaded
 70
    27
 71
     2
 72
     2
 73
     1
 90
        2
 40
0.6
 41
30.0
 62
     5
 63
     7
421
 16777215
 74
     0
 91
        4
 64
     7
 65
   257
 75
     1
175
     1
 42
1.0
 92
        8
 66
   257
 43
1.0
 76
     1
 77
     6
 78
     2
 67
     8
425
  7895160
 79
     3
170
     0
171
     0
290
     0
174
     0
 93
        5
 44
0.0
173
     0
291
     0
 45
0.0
  0
VISUALSTYLE
  5
41
102
{ACAD_REACTORS
330
2A
102
}
102
{ACAD_XDICTIONARY
360
43C
102
}
330
2A
100
AcDbVisualStyle
  2
Shaded with edges
 70
    26
 71
     2
 72
     2
 73
     1
 90
        2
 40
0.6
 41
30.0
 62
     5
 63
     7
421
 16777215
 74
     1
 91
       10
 64
     7
 65
   257
 75
     2
175
     1
 42
1.0
 92
        8
 66
   257
 43
1.0
 76
     1
 77
     6
 78
     2
 67
     7
 79
     3
170
     0
171
     0
290
     0
174
     0
 93
        5
 44
0.0
173
     0
291
     0
 45
0.0
  0
VISUALSTYLE
  5
3E
102
{ACAD_REACTORS
330
2A
102
}
102
{ACAD_XDICTIONARY
360
436
102
}
330
2A
100
AcDbVisualStyle
  2
Shades of Gray
 70
    23
 71
     2
 72
     2
 73
     3
 90
        0
 40
0.6
 41
30.0
 62
     5
 63
     7
421
 16777215
 74
     2
 91
        2
 64
     7
 65
     7
 75
     1
175
     1
 42
40.0
 92
        8
 66
     7
 43
1.0
 76
     1
 77
     6
 78
     2
 67
     7
 79
     3
170
     0
171
     0
290
     0
174
     0
 93
        1
 44
0.0
173
     0
291
     0
 45
0.0
  0
VISUALSTYLE
  5
3F
102
{ACAD_REACTORS
330
2A
102
}
102
{ACAD_XDICTIONARY
360
438
102
}
330
2A
100
AcDbVisualStyle
  2
Sketchy
 70
    24
 71
     1
 72
     2
 73
     2
 90
        0
 40
0.6
 41
30.0
 62
     5
 63
     7
421
 16777215
 74
     2
 91
        2
 64
     7
 65
     7
 75
     1
175
     1
 42
40.0
 92
       11
 66
     7
 43
1.0
 76
     1
 77
     6
 78
     2
 67
     7
 79
     6
170
     0
171
     0
290
     0
174
     0
 93
        1
 44
0.0
173
     0
291
     0
 45
0.0
  0
VISUALSTYLE
  5
37
102
{ACAD_REACTORS
330
2A
102
}
102
{ACAD_XDICTIONARY
360
428
102
}
330
2A
100
AcDbVisualStyle
  2
Thicken
 70
    13
 71
     2
 72
     2
 73
     0
 90
        0
 40
0.6
 41
30.0
 62
     5
 63
     7
421
 16777215
 74
     1
 91
        4
 64
     7
 65
   257
 75
     1
175
     1
 42
1.0
 92
       12
 66
     7
 43
1.0
 76
     1
 77
     6
 78
     2
 67
     7
 79
     5
170
     0
171
     0
290
     0
174
     0
 93
        1
 44
0.0
173
     0
291
     1
 45
0.0
  0
VISUALSTYLE
  5
30
102
{ACAD_REACTORS
330
2A
102
}
102
{ACAD_XDICTIONARY
360
41A
102
}
330
2A
100
AcDbVisualStyle
  2
Wireframe
 70
     5
 71
     0
 72
     2
 73
     0
 90
        0
 40
0.6
 41
30.0
 62
     5
 63
     7
421
 16777215
 74
     1
 91
        4
 64
     7
 65
   257
 75
     1
175
     1
 42
1.0
 92
        0
 66
   257
 43
1.0
 76
     1
 77
     6
 78
     2
 67
     7
 79
     3
170
     0
171
     0
290
     0
174
     0
 93
        1
 44
0.0
173
     0
291
     0
 45
0.0
  0
VISUALSTYLE
  5
40
102
{ACAD_REACTORS
330
2A
102
}
102
{ACAD_XDICTIONARY
360
43A
102
}
330
2A
100
AcDbVisualStyle
  2
X-Ray
 70
    25
 71
     2
 72
     2
 73
     1
 90
        1
 40
0.5
 41
30.0
 62
     5
 63
     7
421
 16777215
 74
     1
 91
        0
 64
     7
 65
   257
 75
     1
175
     1
 42
1.0
 92
        8
 66
     7
 43
1.0
 76
     1
 77
     6
 78
     2
 67
     7
 79
     3
170
     0
171
     0
290
     0
174
     0
 93
       13
 44
0.0
173
     0
291
     0
 45
0.0
  0
DICTIONARYVAR
  5
40E
102
{ACAD_REACTORS
330
40D
102
}
330
40D
100
DictionaryVariables
280
     0
  1
1:1
  0
DICTIONARYVAR
  5
44A
102
{ACAD_REACTORS
330
40D
102
}
330
40D
100
DictionaryVariables
280
     0
  1
3.500000
  0
DICTIONARYVAR
  5
44B
102
{ACAD_REACTORS
330
40D
102
}
330
40D
100
DictionaryVariables
280
     0
  1
acadiso.lin
  0
DICTIONARYVAR
  5
447
102
{ACAD_REACTORS
330
40D
102
}
330
40D
100
DictionaryVariables
280
     0
  1
Standard
  0
DICTIONARYVAR
  5
446
102
{ACAD_REACTORS
330
40D
102
}
330
40D
100
DictionaryVariables
280
     0
  1
Standard
  0
DICTIONARYVAR
  5
40F
102
{ACAD_REACTORS
330
40D
102
}
330
40D
100
DictionaryVariables
280
     0
  1
2
  0
DICTIONARY
  5
443
330
5C
100
AcDbDictionary
280
     1
281
     1
  3
ACAD_XREC_ROUNDTRIP
360
444
  0
DICTIONARY
  5
440
330
5A
100
AcDbDictionary
280
     1
281
     1
  3
ACAD_ROUNDTRIP_2008_TABLESTYLE_CELLSTYLEMAP
360
441
  0
DICTIONARY
  5
418
330
2F
100
AcDbDictionary
280
     1
281
     1
  3
ACAD_XREC_ROUNDTRIP
360
419
  0
DICTIONARY
  5
41E
330
32
100
AcDbDictionary
280
     1
281
     1
  3
ACAD_XREC_ROUNDTRIP
360
41F
  0
DICTIONARY
  5
426
330
36
100
AcDbDictionary
280
     1
281
     1
  3
ACAD_XREC_ROUNDTRIP
360
427
  0
DICTIONARY
  5
42E
330
3A
100
AcDbDictionary
280
     1
281
     1
  3
ACAD_XREC_ROUNDTRIP
360
42F
  0
DICTIONARY
  5
422
330
34
100
AcDbDictionary
280
     1
281
     1
  3
ACAD_XREC_ROUNDTRIP
360
423
  0
DICTIONARY
  5
424
330
35
100
AcDbDictionary
280
     1
281
     1
  3
ACAD_XREC_ROUNDTRIP
360
425
  0
DICTIONARY
  5
434
330
3D
100
AcDbDictionary
280
     1
281
     1
  3
ACAD_XREC_ROUNDTRIP
360
435
  0
DICTIONARY
  5
42C
330
39
100
AcDbDictionary
280
     1
281
     1
  3
ACAD_XREC_ROUNDTRIP
360
42D
  0
DICTIONARY
  5
410
330
2B
100
AcDbDictionary
280
     1
281
     1
  3
ACAD_XREC_ROUNDTRIP
360
411
  0
DICTIONARY
  5
412
330
2C
100
AcDbDictionary
280
     1
281
     1
  3
ACAD_XREC_ROUNDTRIP
360
413
  0
DICTIONARY
  5
414
330
2D
100
AcDbDictionary
280
     1
281
     1
  3
ACAD_XREC_ROUNDTRIP
360
415
  0
DICTIONARY
  5
416
330
2E
100
AcDbDictionary
280
     1
281
     1
  3
ACAD_XREC_ROUNDTRIP
360
417
  0
DICTIONARY
  5
41C
330
31
100
AcDbDictionary
280
     1
281
     1
  3
ACAD_XREC_ROUNDTRIP
360
41D
  0
DICTIONARY
  5
430
330
3B
100
AcDbDictionary
280
     1
281
     1
  3
ACAD_XREC_ROUNDTRIP
360
431
  0
DICTIONARY
  5
42A
330
38
100
AcDbDictionary
280
     1
281
     1
  3
ACAD_XREC_ROUNDTRIP
360
42B
  0
DICTIONARY
  5
432
330
3C
100
AcDbDictionary
280
     1
281
     1
  3
ACAD_XREC_ROUNDTRIP
360
433
  0
DICTIONARY
  5
420
330
33
100
AcDbDictionary
280
     1
281
     1
  3
ACAD_XREC_ROUNDTRIP
360
421
  0
DICTIONARY
  5
43E
330
42
100
AcDbDictionary
280
     1
281
     1
  3
ACAD_XREC_ROUNDTRIP
360
43F
  0
DICTIONARY
  5
43C
330
41
100
AcDbDictionary
280
     1
281
     1
  3
ACAD_XREC_ROUNDTRIP
360
43D
  0
DICTIONARY
  5
436
330
3E
100
AcDbDictionary
280
     1
281
     1
  3
ACAD_XREC_ROUNDTRIP
360
437
  0
DICTIONARY
  5
438
330
3F
100
AcDbDictionary
280
     1
281
     1
  3
ACAD_XREC_ROUNDTRIP
360
439
  0
DICTIONARY
  5
428
330
37
100
AcDbDictionary
280
     1
281
     1
  3
ACAD_XREC_ROUNDTRIP
360
429
  0
DICTIONARY
  5
41A
330
30
100
AcDbDictionary
280
     1
281
     1
  3
ACAD_XREC_ROUNDTRIP
360
41B
  0
DICTIONARY
  5
43A
330
40
100
AcDbDictionary
280
     1
281
     1
  3
ACAD_XREC_ROUNDTRIP
360
43B
  0
XRECORD
  5
444
102
{ACAD_REACTORS
330
443
102
}
330
443
100
AcDbXrecord
280
     1
102
ACAD_ROUNDTRIP_2010_MLEADER_STYLE
  0
CELLSTYLEMAP
  5
441
102
{ACAD_REACTORS
330
440
102
}
330
440
100
AcDbCellStyleMap
 90
        3
300
CELLSTYLE
  1
TABLEFORMAT_BEGIN
 90
        5
170
     1
 91
        0
 92
    32768
 62
   257
 93
        1
300
CONTENTFORMAT
  1
CONTENTFORMAT_BEGIN
 90
        0
 91
        0
 92
        4
 93
        0
300

 40
0.0
140
1.0
 94
        5
 62
     0
340
11
144
6.0
309
CONTENTFORMAT_END
171
     1
301
MARGIN
  1
CELLMARGIN_BEGIN
 40
1.5
 40
1.5
 40
1.5
 40
1.5
 40
1.5
 40
1.5
309
CELLMARGIN_END
 94
        6
 95
        1
302
GRIDFORMAT
  1
GRIDFORMAT_BEGIN
 90
        0
 91
        1
 62
     0
 92
       -2
340
14
 93
        0
 40
0.045
309
GRIDFORMAT_END
 95
        2
302
GRIDFORMAT
  1
GRIDFORMAT_BEGIN
 90
        0
 91
        1
 62
     0
 92
       -2
340
14
 93
        0
 40
0.045
309
GRIDFORMAT_END
 95
        4
302
GRIDFORMAT
  1
GRIDFORMAT_BEGIN
 90
        0
 91
        1
 62
     0
 92
       -2
340
14
 93
        0
 40
0.045
309
GRIDFORMAT_END
 95
        8
302
GRIDFORMAT
  1
GRIDFORMAT_BEGIN
 90
        0
 91
        1
 62
     0
 92
       -2
340
14
 93
        0
 40
0.045
309
GRIDFORMAT_END
 95
       16
302
GRIDFORMAT
  1
GRIDFORMAT_BEGIN
 90
        0
 91
        1
 62
     0
 92
       -2
340
14
 93
        0
 40
0.045
309
GRIDFORMAT_END
 95
       32
302
GRIDFORMAT
  1
GRIDFORMAT_BEGIN
 90
        0
 91
        1
 62
     0
 92
       -2
340
14
 93
        0
 40
0.045
309
GRIDFORMAT_END
309
TABLEFORMAT_END
  1
CELLSTYLE_BEGIN
 90
        1
 91
        1
300
_TITLE
309
CELLSTYLE_END
300
CELLSTYLE
  1
TABLEFORMAT_BEGIN
 90
        5
170
     1
 91
        0
 92
        0
 62
   257
 93
        1
300
CONTENTFORMAT
  1
CONTENTFORMAT_BEGIN
 90
        0
 91
        0
 92
        4
 93
        0
300

 40
0.0
140
1.0
 94
        5
 62
     0
340
11
144
4.5
309
CONTENTFORMAT_END
171
     1
301
MARGIN
  1
CELLMARGIN_BEGIN
 40
1.5
 40
1.5
 40
1.5
 40
1.5
 40
1.5
 40
1.5
309
CELLMARGIN_END
 94
        6
 95
        1
302
GRIDFORMAT
  1
GRIDFORMAT_BEGIN
 90
        0
 91
        1
 62
     0
 92
       -2
340
14
 93
        0
 40
0.045
309
GRIDFORMAT_END
 95
        2
302
GRIDFORMAT
  1
GRIDFORMAT_BEGIN
 90
        0
 91
        1
 62
     0
 92
       -2
340
14
 93
        0
 40
0.045
309
GRIDFORMAT_END
 95
        4
302
GRIDFORMAT
  1
GRIDFORMAT_BEGIN
 90
        0
 91
        1
 62
     0
 92
       -2
340
14
 93
        0
 40
0.045
309
GRIDFORMAT_END
 95
        8
302
GRIDFORMAT
  1
GRIDFORMAT_BEGIN
 90
        0
 91
        1
 62
     0
 92
       -2
340
14
 93
        0
 40
0.045
309
GRIDFORMAT_END
 95
       16
302
GRIDFORMAT
  1
GRIDFORMAT_BEGIN
 90
        0
 91
        1
 62
     0
 92
       -2
340
14
 93
        0
 40
0.045
309
GRIDFORMAT_END
 95
       32
302
GRIDFORMAT
  1
GRIDFORMAT_BEGIN
 90
        0
 91
        1
 62
     0
 92
       -2
340
14
 93
        0
 40
0.045
309
GRIDFORMAT_END
309
TABLEFORMAT_END
  1
CELLSTYLE_BEGIN
 90
        2
 91
        1
300
_HEADER
309
CELLSTYLE_END
300
CELLSTYLE
  1
TABLEFORMAT_BEGIN
 90
        5
170
     1
 91
        0
 92
        0
 62
   257
 93
        1
300
CONTENTFORMAT
  1
CONTENTFORMAT_BEGIN
 90
        0
 91
        0
 92
        4
 93
        0
300

 40
0.0
140
1.0
 94
        2
 62
     0
340
11
144
4.5
309
CONTENTFORMAT_END
171
     1
301
MARGIN
  1
CELLMARGIN_BEGIN
 40
1.5
 40
1.5
 40
1.5
 40
1.5
 40
1.5
 40
1.5
309
CELLMARGIN_END
 94
        6
 95
        1
302
GRIDFORMAT
  1
GRIDFORMAT_BEGIN
 90
        0
 91
        1
 62
     0
 92
       -2
340
14
 93
        0
 40
0.045
309
GRIDFORMAT_END
 95
        2
302
GRIDFORMAT
  1
GRIDFORMAT_BEGIN
 90
        0
 91
        1
 62
     0
 92
       -2
340
14
 93
        0
 40
0.045
309
GRIDFORMAT_END
 95
        4
302
GRIDFORMAT
  1
GRIDFORMAT_BEGIN
 90
        0
 91
        1
 62
     0
 92
       -2
340
14
 93
        0
 40
0.045
309
GRIDFORMAT_END
 95
        8
302
GRIDFORMAT
  1
GRIDFORMAT_BEGIN
 90
        0
 91
        1
 62
     0
 92
       -2
340
14
 93
        0
 40
0.045
309
GRIDFORMAT_END
 95
       16
302
GRIDFORMAT
  1
GRIDFORMAT_BEGIN
 90
        0
 91
        1
 62
     0
 92
       -2
340
14
 93
        0
 40
0.045
309
GRIDFORMAT_END
 95
       32
302
GRIDFORMAT
  1
GRIDFORMAT_BEGIN
 90
        0
 91
        1
 62
     0
 92
       -2
340
14
 93
        0
 40
0.045
309
GRIDFORMAT_END
309
TABLEFORMAT_END
  1
CELLSTYLE_BEGIN
 90
        3
 91
        2
300
_DATA
309
CELLSTYLE_END
  0
XRECORD
  5
419
102
{ACAD_REACTORS
330
418
102
}
330
418
100
AcDbXrecord
280
     1
102
RTVSPropertyOp0
 70
     1
102
RTVSPropertyOp1
 70
     1
102
RTVSPropertyOp2
 70
     1
102
RTVSPropertyOp3
 70
     1
102
RTVSPropertyOp4
 70
     1
102
RTVSPropertyOp5
 70
     1
102
RTVSPropertyOp6
 70
     1
102
RTVSPropertyOp7
 70
     1
102
RTVSPropertyOp8
 70
     1
102
RTVSPropertyOp9
 70
     1
102
RTVSPropertyOp10
 70
     1
102
RTVSPropertyOp11
 70
     1
102
RTVSPropertyOp12
 70
     1
102
RTVSPropertyOp13
 70
     1
102
RTVSPropertyOp14
 70
     1
102
RTVSPropertyOp15
 70
     1
102
RTVSPropertyOp16
 70
     1
102
RTVSPropertyOp17
 70
     1
102
RTVSPropertyOp18
 70
     1
102
RTVSPropertyOp19
 70
     1
102
RTVSPropertyOp20
 70
     1
102
RTVSPropertyOp21
 70
     1
102
RTVSPropertyOp22
 70
     1
102
RTVSPropertyOp23
 70
     1
102
RTVSPropertyOp24
 70
     1
102
RTVSPropertyOp25
 70
     1
102
RTVSPropertyOp26
 70
     1
102
RTVSPropertyOp27
 70
     1
102
RTVSPropertyOp28
 70
     1
102
RTVSPropertyOp29
 70
     1
102
RTVSPropertyOp30
 70
     1
102
RTVSPropertyOp31
 70
     1
102
RTVSPropertyOp32
 70
     1
102
RTVSPropertyOp33
 70
     1
102
RTVSPropertyOp34
 70
     1
102
RTVSPropertyOp35
 70
     1
102
RTVSPropertyOp36
 70
     1
102
RTVSPropertyOp37
 70
     1
102
RTVSPropertyOp38
 70
     1
102
RTVSPropertyOp39
 70
     1
102
RTVSPropertyOp40
 70
     1
102
RTVSPropertyOp41
 70
     1
102
RTVSPropertyOp42
 70
     1
102
RTVSPropertyOp43
 70
     1
102
RTVSPropertyOp44
 70
     1
102
RTVSPropertyOp45
 70
     1
102
RTVSPropertyOp46
 70
     1
102
RTVSPropertyOp47
 70
     1
102
RTVSPropertyOp48
 70
     1
102
RTVSPropertyOp49
 70
     1
102
RTVSPropertyOp50
 70
     1
102
RTVSPropertyOp51
 70
     0
102
RTVSPropertyOp52
 70
     0
102
RTVSPropertyOp53
 70
     1
102
RTVSPropertyOp54
 70
     1
102
RTVSPropertyOp55
 70
     1
102
RTVSPropertyOp56
 70
     1
102
RTVSPropertyOp57
 70
     1
102
RTVSPost2010Prop28
280
     1
102
RTVSPost2010PropOp28
 70
     1
102
RTVSPost2010Prop29
280
     1
102
RTVSPost2010PropOp29
 70
     1
102
RTVSPost2010Prop30
280
     0
102
RTVSPost2010PropOp30
 70
     1
102
RTVSPost2010Prop31
280
     0
102
RTVSPost2010PropOp31
 70
     1
102
RTVSPost2010Prop32
280
     0
102
RTVSPost2010PropOp32
 70
     1
102
RTVSPost2010Prop33
280
     0
102
RTVSPost2010PropOp33
 70
     1
102
RTVSPost2010Prop34
280
     0
102
RTVSPost2010PropOp34
 70
     1
102
RTVSPost2010Prop35
280
     0
102
RTVSPost2010PropOp35
 70
     1
102
RTVSPost2010Prop36
280
     0
102
RTVSPost2010PropOp36
 70
     1
102
RTVSPost2010Prop37
 90
       50
102
RTVSPost2010PropOp37
 70
     1
102
RTVSPost2010Prop38
140
0.0
102
RTVSPost2010PropOp38
 70
     1
102
RTVSPost2010Prop39
140
1.0
102
RTVSPost2010PropOp39
 70
     1
102
RTVSPost2010Prop40
 90
        0
102
RTVSPost2010PropOp40
 70
     1
102
RTVSPost2010Prop41ColorIndex
 90
       18
102
RTVSPost2010Prop41ColorRGB
 90
        0
102
RTVSPost2010PropOp41
 70
     1
102
RTVSPost2010Prop42
 90
       50
102
RTVSPost2010PropOp42
 70
     1
102
RTVSPost2010Prop43
 90
        3
102
RTVSPost2010PropOp43
 70
     1
102
RTVSPost2010Prop44ColorIndex
 90
        5
102
RTVSPost2010Prop44ColorRGB
 90
      255
102
RTVSPost2010PropOp44
 70
     1
102
RTVSPost2010Prop45
280
     0
102
RTVSPost2010PropOp45
 70
     1
102
RTVSPost2010Prop46
 90
       50
102
RTVSPost2010PropOp46
 70
     1
102
RTVSPost2010Prop47
 90
       50
102
RTVSPost2010PropOp47
 70
     1
102
RTVSPost2010Prop48
 90
       50
102
RTVSPost2010PropOp48
 70
     1
102
RTVSPost2010Prop49
280
     0
102
RTVSPost2010PropOp49
 70
     1
102
RTVSPost2010Prop50
 90
       50
102
RTVSPost2010PropOp50
 70
     1
102
RTVSPost2010Prop51ColorIndex
 90
      256
102
RTVSPost2010Prop51ColorRGB
 90
-16777216
102
RTVSPost2010PropOp51
 70
     0
102
RTVSPost2010Prop52
140
1.0
102
RTVSPost2010PropOp52
 70
     0
102
RTVSPost2010Prop53
 90
        2
102
RTVSPost2010PropOp53
 70
     1
102
RTVSPost2010Prop54
  1
strokes_ogs.tif
102
RTVSPost2010PropOp54
 70
     1
102
RTVSPost2010Prop55
280
     0
102
RTVSPost2010PropOp55
 70
     1
102
RTVSPost2010Prop56
140
1.0
102
RTVSPost2010PropOp56
 70
     1
102
RTVSPost2010Prop57
140
1.0
102
RTVSPost2010PropOp57
 70
     1
  0
XRECORD
  5
41F
102
{ACAD_REACTORS
330
41E
102
}
330
41E
100
AcDbXrecord
280
     1
102
RTVSPropertyOp0
 70
     1
102
RTVSPropertyOp1
 70
     1
102
RTVSPropertyOp2
 70
     1
102
RTVSPropertyOp3
 70
     1
102
RTVSPropertyOp4
 70
     1
102
RTVSPropertyOp5
 70
     1
102
RTVSPropertyOp6
 70
     1
102
RTVSPropertyOp7
 70
     1
102
RTVSPropertyOp8
 70
     1
102
RTVSPropertyOp9
 70
     1
102
RTVSPropertyOp10
 70
     1
102
RTVSPropertyOp11
 70
     1
102
RTVSPropertyOp12
 70
     1
102
RTVSPropertyOp13
 70
     1
102
RTVSPropertyOp14
 70
     1
102
RTVSPropertyOp15
 70
     1
102
RTVSPropertyOp16
 70
     1
102
RTVSPropertyOp17
 70
     1
102
RTVSPropertyOp18
 70
     1
102
RTVSPropertyOp19
 70
     1
102
RTVSPropertyOp20
 70
     1
102
RTVSPropertyOp21
 70
     1
102
RTVSPropertyOp22
 70
     1
102
RTVSPropertyOp23
 70
     1
102
RTVSPropertyOp24
 70
     1
102
RTVSPropertyOp25
 70
     1
102
RTVSPropertyOp26
 70
     1
102
RTVSPropertyOp27
 70
     1
102
RTVSPropertyOp28
 70
     1
102
RTVSPropertyOp29
 70
     1
102
RTVSPropertyOp30
 70
     1
102
RTVSPropertyOp31
 70
     1
102
RTVSPropertyOp32
 70
     1
102
RTVSPropertyOp33
 70
     1
102
RTVSPropertyOp34
 70
     1
102
RTVSPropertyOp35
 70
     1
102
RTVSPropertyOp36
 70
     1
102
RTVSPropertyOp37
 70
     1
102
RTVSPropertyOp38
 70
     1
102
RTVSPropertyOp39
 70
     1
102
RTVSPropertyOp40
 70
     1
102
RTVSPropertyOp41
 70
     1
102
RTVSPropertyOp42
 70
     1
102
RTVSPropertyOp43
 70
     1
102
RTVSPropertyOp44
 70
     1
102
RTVSPropertyOp45
 70
     1
102
RTVSPropertyOp46
 70
     1
102
RTVSPropertyOp47
 70
     1
102
RTVSPropertyOp48
 70
     1
102
RTVSPropertyOp49
 70
     1
102
RTVSPropertyOp50
 70
     1
102
RTVSPropertyOp51
 70
     0
102
RTVSPropertyOp52
 70
     0
102
RTVSPropertyOp53
 70
     1
102
RTVSPropertyOp54
 70
     1
102
RTVSPropertyOp55
 70
     1
102
RTVSPropertyOp56
 70
     1
102
RTVSPropertyOp57
 70
     1
102
RTVSPost2010Prop28
280
     0
102
RTVSPost2010PropOp28
 70
     1
102
RTVSPost2010Prop29
280
     1
102
RTVSPost2010PropOp29
 70
     1
102
RTVSPost2010Prop30
280
     1
102
RTVSPost2010PropOp30
 70
     1
102
RTVSPost2010Prop31
280
     0
102
RTVSPost2010PropOp31
 70
     1
102
RTVSPost2010Prop32
280
     0
102
RTVSPost2010PropOp32
 70
     1
102
RTVSPost2010Prop33
280
     0
102
RTVSPost2010PropOp33
 70
     1
102
RTVSPost2010Prop34
280
     0
102
RTVSPost2010PropOp34
 70
     1
102
RTVSPost2010Prop35
280
     0
102
RTVSPost2010PropOp35
 70
     1
102
RTVSPost2010Prop36
280
     0
102
RTVSPost2010PropOp36
 70
     1
102
RTVSPost2010Prop37
 90
       50
102
RTVSPost2010PropOp37
 70
     1
102
RTVSPost2010Prop38
140
0.0
102
RTVSPost2010PropOp38
 70
     1
102
RTVSPost2010Prop39
140
1.0
102
RTVSPost2010PropOp39
 70
     1
102
RTVSPost2010Prop40
 90
        0
102
RTVSPost2010PropOp40
 70
     1
102
RTVSPost2010Prop41ColorIndex
 90
       18
102
RTVSPost2010Prop41ColorRGB
 90
        0
102
RTVSPost2010PropOp41
 70
     1
102
RTVSPost2010Prop42
 90
       50
102
RTVSPost2010PropOp42
 70
     1
102
RTVSPost2010Prop43
 90
        3
102
RTVSPost2010PropOp43
 70
     1
102
RTVSPost2010Prop44ColorIndex
 90
        5
102
RTVSPost2010Prop44ColorRGB
 90
      255
102
RTVSPost2010PropOp44
 70
     1
102
RTVSPost2010Prop45
280
     0
102
RTVSPost2010PropOp45
 70
     1
102
RTVSPost2010Prop46
 90
       50
102
RTVSPost2010PropOp46
 70
     1
102
RTVSPost2010Prop47
 90
       50
102
RTVSPost2010PropOp47
 70
     1
102
RTVSPost2010Prop48
 90
       50
102
RTVSPost2010PropOp48
 70
     1
102
RTVSPost2010Prop49
280
     0
102
RTVSPost2010PropOp49
 70
     1
102
RTVSPost2010Prop50
 90
       50
102
RTVSPost2010PropOp50
 70
     1
102
RTVSPost2010Prop51ColorIndex
 90
      256
102
RTVSPost2010Prop51ColorRGB
 90
-16777216
102
RTVSPost2010PropOp51
 70
     0
102
RTVSPost2010Prop52
140
1.0
102
RTVSPost2010PropOp52
 70
     0
102
RTVSPost2010Prop53
 90
        2
102
RTVSPost2010PropOp53
 70
     1
102
RTVSPost2010Prop54
  1
strokes_ogs.tif
102
RTVSPost2010PropOp54
 70
     1
102
RTVSPost2010Prop55
280
     0
102
RTVSPost2010PropOp55
 70
     1
102
RTVSPost2010Prop56
140
1.0
102
RTVSPost2010PropOp56
 70
     1
102
RTVSPost2010Prop57
140
1.0
102
RTVSPost2010PropOp57
 70
     1
  0
XRECORD
  5
427
102
{ACAD_REACTORS
330
426
102
}
330
426
100
AcDbXrecord
280
     1
102
RTVSPropertyOp0
 70
     1
102
RTVSPropertyOp1
 70
     1
102
RTVSPropertyOp2
 70
     1
102
RTVSPropertyOp3
 70
     1
102
RTVSPropertyOp4
 70
     1
102
RTVSPropertyOp5
 70
     1
102
RTVSPropertyOp6
 70
     1
102
RTVSPropertyOp7
 70
     1
102
RTVSPropertyOp8
 70
     1
102
RTVSPropertyOp9
 70
     1
102
RTVSPropertyOp10
 70
     1
102
RTVSPropertyOp11
 70
     1
102
RTVSPropertyOp12
 70
     1
102
RTVSPropertyOp13
 70
     1
102
RTVSPropertyOp14
 70
     1
102
RTVSPropertyOp15
 70
     1
102
RTVSPropertyOp16
 70
     1
102
RTVSPropertyOp17
 70
     1
102
RTVSPropertyOp18
 70
     1
102
RTVSPropertyOp19
 70
     1
102
RTVSPropertyOp20
 70
     1
102
RTVSPropertyOp21
 70
     1
102
RTVSPropertyOp22
 70
     1
102
RTVSPropertyOp23
 70
     1
102
RTVSPropertyOp24
 70
     1
102
RTVSPropertyOp25
 70
     1
102
RTVSPropertyOp26
 70
     1
102
RTVSPropertyOp27
 70
     1
102
RTVSPropertyOp28
 70
     1
102
RTVSPropertyOp29
 70
     1
102
RTVSPropertyOp30
 70
     1
102
RTVSPropertyOp31
 70
     1
102
RTVSPropertyOp32
 70
     1
102
RTVSPropertyOp33
 70
     1
102
RTVSPropertyOp34
 70
     1
102
RTVSPropertyOp35
 70
     1
102
RTVSPropertyOp36
 70
     1
102
RTVSPropertyOp37
 70
     1
102
RTVSPropertyOp38
 70
     1
102
RTVSPropertyOp39
 70
     1
102
RTVSPropertyOp40
 70
     1
102
RTVSPropertyOp41
 70
     1
102
RTVSPropertyOp42
 70
     1
102
RTVSPropertyOp43
 70
     1
102
RTVSPropertyOp44
 70
     1
102
RTVSPropertyOp45
 70
     1
102
RTVSPropertyOp46
 70
     1
102
RTVSPropertyOp47
 70
     1
102
RTVSPropertyOp48
 70
     1
102
RTVSPropertyOp49
 70
     1
102
RTVSPropertyOp50
 70
     1
102
RTVSPropertyOp51
 70
     0
102
RTVSPropertyOp52
 70
     0
102
RTVSPropertyOp53
 70
     1
102
RTVSPropertyOp54
 70
     1
102
RTVSPropertyOp55
 70
     1
102
RTVSPropertyOp56
 70
     1
102
RTVSPropertyOp57
 70
     1
102
RTVSPost2010Prop28
280
     0
102
RTVSPost2010PropOp28
 70
     1
102
RTVSPost2010Prop29
280
     1
102
RTVSPost2010PropOp29
 70
     1
102
RTVSPost2010Prop30
280
     1
102
RTVSPost2010PropOp30
 70
     1
102
RTVSPost2010Prop31
280
     0
102
RTVSPost2010PropOp31
 70
     1
102
RTVSPost2010Prop32
280
     0
102
RTVSPost2010PropOp32
 70
     1
102
RTVSPost2010Prop33
280
     0
102
RTVSPost2010PropOp33
 70
     1
102
RTVSPost2010Prop34
280
     0
102
RTVSPost2010PropOp34
 70
     1
102
RTVSPost2010Prop35
280
     0
102
RTVSPost2010PropOp35
 70
     1
102
RTVSPost2010Prop36
280
     0
102
RTVSPost2010PropOp36
 70
     1
102
RTVSPost2010Prop37
 90
       50
102
RTVSPost2010PropOp37
 70
     1
102
RTVSPost2010Prop38
140
0.0
102
RTVSPost2010PropOp38
 70
     1
102
RTVSPost2010Prop39
140
1.0
102
RTVSPost2010PropOp39
 70
     1
102
RTVSPost2010Prop40
 90
        0
102
RTVSPost2010PropOp40
 70
     1
102
RTVSPost2010Prop41ColorIndex
 90
       18
102
RTVSPost2010Prop41ColorRGB
 90
        0
102
RTVSPost2010PropOp41
 70
     1
102
RTVSPost2010Prop42
 90
       50
102
RTVSPost2010PropOp42
 70
     1
102
RTVSPost2010Prop43
 90
        3
102
RTVSPost2010PropOp43
 70
     1
102
RTVSPost2010Prop44ColorIndex
 90
        5
102
RTVSPost2010Prop44ColorRGB
 90
      255
102
RTVSPost2010PropOp44
 70
     1
102
RTVSPost2010Prop45
280
     0
102
RTVSPost2010PropOp45
 70
     1
102
RTVSPost2010Prop46
 90
       50
102
RTVSPost2010PropOp46
 70
     1
102
RTVSPost2010Prop47
 90
       50
102
RTVSPost2010PropOp47
 70
     1
102
RTVSPost2010Prop48
 90
       50
102
RTVSPost2010PropOp48
 70
     1
102
RTVSPost2010Prop49
280
     0
102
RTVSPost2010PropOp49
 70
     1
102
RTVSPost2010Prop50
 90
       50
102
RTVSPost2010PropOp50
 70
     1
102
RTVSPost2010Prop51ColorIndex
 90
      256
102
RTVSPost2010Prop51ColorRGB
 90
-16777216
102
RTVSPost2010PropOp51
 70
     0
102
RTVSPost2010Prop52
140
1.0
102
RTVSPost2010PropOp52
 70
     0
102
RTVSPost2010Prop53
 90
        2
102
RTVSPost2010PropOp53
 70
     1
102
RTVSPost2010Prop54
  1
strokes_ogs.tif
102
RTVSPost2010PropOp54
 70
     1
102
RTVSPost2010Prop55
280
     0
102
RTVSPost2010PropOp55
 70
     1
102
RTVSPost2010Prop56
140
1.0
102
RTVSPost2010PropOp56
 70
     1
102
RTVSPost2010Prop57
140
1.0
102
RTVSPost2010PropOp57
 70
     1
  0
XRECORD
  5
42F
102
{ACAD_REACTORS
330
42E
102
}
330
42E
100
AcDbXrecord
280
     1
102
RTVSPropertyOp0
 70
     1
102
RTVSPropertyOp1
 70
     1
102
RTVSPropertyOp2
 70
     1
102
RTVSPropertyOp3
 70
     1
102
RTVSPropertyOp4
 70
     1
102
RTVSPropertyOp5
 70
     1
102
RTVSPropertyOp6
 70
     1
102
RTVSPropertyOp7
 70
     1
102
RTVSPropertyOp8
 70
     1
102
RTVSPropertyOp9
 70
     1
102
RTVSPropertyOp10
 70
     1
102
RTVSPropertyOp11
 70
     1
102
RTVSPropertyOp12
 70
     1
102
RTVSPropertyOp13
 70
     1
102
RTVSPropertyOp14
 70
     1
102
RTVSPropertyOp15
 70
     1
102
RTVSPropertyOp16
 70
     1
102
RTVSPropertyOp17
 70
     1
102
RTVSPropertyOp18
 70
     1
102
RTVSPropertyOp19
 70
     1
102
RTVSPropertyOp20
 70
     1
102
RTVSPropertyOp21
 70
     1
102
RTVSPropertyOp22
 70
     1
102
RTVSPropertyOp23
 70
     1
102
RTVSPropertyOp24
 70
     1
102
RTVSPropertyOp25
 70
     1
102
RTVSPropertyOp26
 70
     1
102
RTVSPropertyOp27
 70
     1
102
RTVSPropertyOp28
 70
     1
102
RTVSPropertyOp29
 70
     1
102
RTVSPropertyOp30
 70
     1
102
RTVSPropertyOp31
 70
     1
102
RTVSPropertyOp32
 70
     1
102
RTVSPropertyOp33
 70
     1
102
RTVSPropertyOp34
 70
     1
102
RTVSPropertyOp35
 70
     1
102
RTVSPropertyOp36
 70
     1
102
RTVSPropertyOp37
 70
     1
102
RTVSPropertyOp38
 70
     1
102
RTVSPropertyOp39
 70
     1
102
RTVSPropertyOp40
 70
     1
102
RTVSPropertyOp41
 70
     1
102
RTVSPropertyOp42
 70
     1
102
RTVSPropertyOp43
 70
     1
102
RTVSPropertyOp44
 70
     1
102
RTVSPropertyOp45
 70
     1
102
RTVSPropertyOp46
 70
     1
102
RTVSPropertyOp47
 70
     1
102
RTVSPropertyOp48
 70
     1
102
RTVSPropertyOp49
 70
     1
102
RTVSPropertyOp50
 70
     1
102
RTVSPropertyOp51
 70
     0
102
RTVSPropertyOp52
 70
     0
102
RTVSPropertyOp53
 70
     1
102
RTVSPropertyOp54
 70
     1
102
RTVSPropertyOp55
 70
     1
102
RTVSPropertyOp56
 70
     1
102
RTVSPropertyOp57
 70
     1
102
RTVSPost2010Prop28
280
     0
102
RTVSPost2010PropOp28
 70
     1
102
RTVSPost2010Prop29
280
     1
102
RTVSPost2010PropOp29
 70
     1
102
RTVSPost2010Prop30
280
     1
102
RTVSPost2010PropOp30
 70
     1
102
RTVSPost2010Prop31
280
     0
102
RTVSPost2010PropOp31
 70
     1
102
RTVSPost2010Prop32
280
     0
102
RTVSPost2010PropOp32
 70
     1
102
RTVSPost2010Prop33
280
     0
102
RTVSPost2010PropOp33
 70
     1
102
RTVSPost2010Prop34
280
     0
102
RTVSPost2010PropOp34
 70
     1
102
RTVSPost2010Prop35
280
     0
102
RTVSPost2010PropOp35
 70
     1
102
RTVSPost2010Prop36
280
     0
102
RTVSPost2010PropOp36
 70
     1
102
RTVSPost2010Prop37
 90
       50
102
RTVSPost2010PropOp37
 70
     1
102
RTVSPost2010Prop38
140
0.0
102
RTVSPost2010PropOp38
 70
     1
102
RTVSPost2010Prop39
140
1.0
102
RTVSPost2010PropOp39
 70
     1
102
RTVSPost2010Prop40
 90
        0
102
RTVSPost2010PropOp40
 70
     1
102
RTVSPost2010Prop41ColorIndex
 90
       18
102
RTVSPost2010Prop41ColorRGB
 90
        0
102
RTVSPost2010PropOp41
 70
     1
102
RTVSPost2010Prop42
 90
       50
102
RTVSPost2010PropOp42
 70
     1
102
RTVSPost2010Prop43
 90
        3
102
RTVSPost2010PropOp43
 70
     1
102
RTVSPost2010Prop44ColorIndex
 90
        5
102
RTVSPost2010Prop44ColorRGB
 90
      255
102
RTVSPost2010PropOp44
 70
     1
102
RTVSPost2010Prop45
280
     0
102
RTVSPost2010PropOp45
 70
     1
102
RTVSPost2010Prop46
 90
       50
102
RTVSPost2010PropOp46
 70
     1
102
RTVSPost2010Prop47
 90
       50
102
RTVSPost2010PropOp47
 70
     1
102
RTVSPost2010Prop48
 90
       50
102
RTVSPost2010PropOp48
 70
     1
102
RTVSPost2010Prop49
280
     0
102
RTVSPost2010PropOp49
 70
     1
102
RTVSPost2010Prop50
 90
       50
102
RTVSPost2010PropOp50
 70
     1
102
RTVSPost2010Prop51ColorIndex
 90
      256
102
RTVSPost2010Prop51ColorRGB
 90
-16777216
102
RTVSPost2010PropOp51
 70
     0
102
RTVSPost2010Prop52
140
1.0
102
RTVSPost2010PropOp52
 70
     0
102
RTVSPost2010Prop53
 90
        2
102
RTVSPost2010PropOp53
 70
     1
102
RTVSPost2010Prop54
  1
strokes_ogs.tif
102
RTVSPost2010PropOp54
 70
     1
102
RTVSPost2010Prop55
280
     0
102
RTVSPost2010PropOp55
 70
     1
102
RTVSPost2010Prop56
140
1.0
102
RTVSPost2010PropOp56
 70
     1
102
RTVSPost2010Prop57
140
1.0
102
RTVSPost2010PropOp57
 70
     1
  0
XRECORD
  5
423
102
{ACAD_REACTORS
330
422
102
}
330
422
100
AcDbXrecord
280
     1
102
RTVSPropertyOp0
 70
     1
102
RTVSPropertyOp1
 70
     1
102
RTVSPropertyOp2
 70
     1
102
RTVSPropertyOp3
 70
     1
102
RTVSPropertyOp4
 70
     1
102
RTVSPropertyOp5
 70
     1
102
RTVSPropertyOp6
 70
     1
102
RTVSPropertyOp7
 70
     1
102
RTVSPropertyOp8
 70
     1
102
RTVSPropertyOp9
 70
     1
102
RTVSPropertyOp10
 70
     1
102
RTVSPropertyOp11
 70
     1
102
RTVSPropertyOp12
 70
     1
102
RTVSPropertyOp13
 70
     1
102
RTVSPropertyOp14
 70
     1
102
RTVSPropertyOp15
 70
     1
102
RTVSPropertyOp16
 70
     1
102
RTVSPropertyOp17
 70
     1
102
RTVSPropertyOp18
 70
     1
102
RTVSPropertyOp19
 70
     1
102
RTVSPropertyOp20
 70
     1
102
RTVSPropertyOp21
 70
     1
102
RTVSPropertyOp22
 70
     1
102
RTVSPropertyOp23
 70
     1
102
RTVSPropertyOp24
 70
     1
102
RTVSPropertyOp25
 70
     1
102
RTVSPropertyOp26
 70
     1
102
RTVSPropertyOp27
 70
     1
102
RTVSPropertyOp28
 70
     1
102
RTVSPropertyOp29
 70
     1
102
RTVSPropertyOp30
 70
     1
102
RTVSPropertyOp31
 70
     1
102
RTVSPropertyOp32
 70
     1
102
RTVSPropertyOp33
 70
     1
102
RTVSPropertyOp34
 70
     1
102
RTVSPropertyOp35
 70
     1
102
RTVSPropertyOp36
 70
     1
102
RTVSPropertyOp37
 70
     1
102
RTVSPropertyOp38
 70
     1
102
RTVSPropertyOp39
 70
     1
102
RTVSPropertyOp40
 70
     1
102
RTVSPropertyOp41
 70
     1
102
RTVSPropertyOp42
 70
     1
102
RTVSPropertyOp43
 70
     1
102
RTVSPropertyOp44
 70
     1
102
RTVSPropertyOp45
 70
     1
102
RTVSPropertyOp46
 70
     1
102
RTVSPropertyOp47
 70
     1
102
RTVSPropertyOp48
 70
     1
102
RTVSPropertyOp49
 70
     1
102
RTVSPropertyOp50
 70
     1
102
RTVSPropertyOp51
 70
     0
102
RTVSPropertyOp52
 70
     0
102
RTVSPropertyOp53
 70
     1
102
RTVSPropertyOp54
 70
     1
102
RTVSPropertyOp55
 70
     1
102
RTVSPropertyOp56
 70
     1
102
RTVSPropertyOp57
 70
     1
102
RTVSPost2010Prop28
280
     0
102
RTVSPost2010PropOp28
 70
     1
102
RTVSPost2010Prop29
280
     1
102
RTVSPost2010PropOp29
 70
     1
102
RTVSPost2010Prop30
280
     1
102
RTVSPost2010PropOp30
 70
     1
102
RTVSPost2010Prop31
280
     0
102
RTVSPost2010PropOp31
 70
     1
102
RTVSPost2010Prop32
280
     0
102
RTVSPost2010PropOp32
 70
     1
102
RTVSPost2010Prop33
280
     0
102
RTVSPost2010PropOp33
 70
     1
102
RTVSPost2010Prop34
280
     0
102
RTVSPost2010PropOp34
 70
     1
102
RTVSPost2010Prop35
280
     0
102
RTVSPost2010PropOp35
 70
     1
102
RTVSPost2010Prop36
280
     0
102
RTVSPost2010PropOp36
 70
     1
102
RTVSPost2010Prop37
 90
       50
102
RTVSPost2010PropOp37
 70
     1
102
RTVSPost2010Prop38
140
0.0
102
RTVSPost2010PropOp38
 70
     1
102
RTVSPost2010Prop39
140
1.0
102
RTVSPost2010PropOp39
 70
     1
102
RTVSPost2010Prop40
 90
        0
102
RTVSPost2010PropOp40
 70
     1
102
RTVSPost2010Prop41ColorIndex
 90
       18
102
RTVSPost2010Prop41ColorRGB
 90
        0
102
RTVSPost2010PropOp41
 70
     1
102
RTVSPost2010Prop42
 90
       50
102
RTVSPost2010PropOp42
 70
     1
102
RTVSPost2010Prop43
 90
        3
102
RTVSPost2010PropOp43
 70
     1
102
RTVSPost2010Prop44ColorIndex
 90
        5
102
RTVSPost2010Prop44ColorRGB
 90
      255
102
RTVSPost2010PropOp44
 70
     1
102
RTVSPost2010Prop45
280
     0
102
RTVSPost2010PropOp45
 70
     1
102
RTVSPost2010Prop46
 90
       50
102
RTVSPost2010PropOp46
 70
     1
102
RTVSPost2010Prop47
 90
       50
102
RTVSPost2010PropOp47
 70
     1
102
RTVSPost2010Prop48
 90
       50
102
RTVSPost2010PropOp48
 70
     1
102
RTVSPost2010Prop49
280
     0
102
RTVSPost2010PropOp49
 70
     1
102
RTVSPost2010Prop50
 90
       50
102
RTVSPost2010PropOp50
 70
     1
102
RTVSPost2010Prop51ColorIndex
 90
      256
102
RTVSPost2010Prop51ColorRGB
 90
-16777216
102
RTVSPost2010PropOp51
 70
     0
102
RTVSPost2010Prop52
140
1.0
102
RTVSPost2010PropOp52
 70
     0
102
RTVSPost2010Prop53
 90
        2
102
RTVSPost2010PropOp53
 70
     1
102
RTVSPost2010Prop54
  1
strokes_ogs.tif
102
RTVSPost2010PropOp54
 70
     1
102
RTVSPost2010Prop55
280
     0
102
RTVSPost2010PropOp55
 70
     1
102
RTVSPost2010Prop56
140
1.0
102
RTVSPost2010PropOp56
 70
     1
102
RTVSPost2010Prop57
140
1.0
102
RTVSPost2010PropOp57
 70
     1
  0
XRECORD
  5
425
102
{ACAD_REACTORS
330
424
102
}
330
424
100
AcDbXrecord
280
     1
102
RTVSPropertyOp0
 70
     1
102
RTVSPropertyOp1
 70
     1
102
RTVSPropertyOp2
 70
     1
102
RTVSPropertyOp3
 70
     1
102
RTVSPropertyOp4
 70
     1
102
RTVSPropertyOp5
 70
     1
102
RTVSPropertyOp6
 70
     1
102
RTVSPropertyOp7
 70
     1
102
RTVSPropertyOp8
 70
     1
102
RTVSPropertyOp9
 70
     1
102
RTVSPropertyOp10
 70
     1
102
RTVSPropertyOp11
 70
     1
102
RTVSPropertyOp12
 70
     1
102
RTVSPropertyOp13
 70
     1
102
RTVSPropertyOp14
 70
     1
102
RTVSPropertyOp15
 70
     1
102
RTVSPropertyOp16
 70
     1
102
RTVSPropertyOp17
 70
     1
102
RTVSPropertyOp18
 70
     1
102
RTVSPropertyOp19
 70
     1
102
RTVSPropertyOp20
 70
     1
102
RTVSPropertyOp21
 70
     1
102
RTVSPropertyOp22
 70
     1
102
RTVSPropertyOp23
 70
     1
102
RTVSPropertyOp24
 70
     1
102
RTVSPropertyOp25
 70
     1
102
RTVSPropertyOp26
 70
     1
102
RTVSPropertyOp27
 70
     1
102
RTVSPropertyOp28
 70
     1
102
RTVSPropertyOp29
 70
     1
102
RTVSPropertyOp30
 70
     1
102
RTVSPropertyOp31
 70
     1
102
RTVSPropertyOp32
 70
     1
102
RTVSPropertyOp33
 70
     1
102
RTVSPropertyOp34
 70
     1
102
RTVSPropertyOp35
 70
     1
102
RTVSPropertyOp36
 70
     1
102
RTVSPropertyOp37
 70
     1
102
RTVSPropertyOp38
 70
     1
102
RTVSPropertyOp39
 70
     1
102
RTVSPropertyOp40
 70
     1
102
RTVSPropertyOp41
 70
     1
102
RTVSPropertyOp42
 70
     1
102
RTVSPropertyOp43
 70
     1
102
RTVSPropertyOp44
 70
     1
102
RTVSPropertyOp45
 70
     1
102
RTVSPropertyOp46
 70
     1
102
RTVSPropertyOp47
 70
     1
102
RTVSPropertyOp48
 70
     1
102
RTVSPropertyOp49
 70
     1
102
RTVSPropertyOp50
 70
     1
102
RTVSPropertyOp51
 70
     0
102
RTVSPropertyOp52
 70
     0
102
RTVSPropertyOp53
 70
     1
102
RTVSPropertyOp54
 70
     1
102
RTVSPropertyOp55
 70
     1
102
RTVSPropertyOp56
 70
     1
102
RTVSPropertyOp57
 70
     1
102
RTVSPost2010Prop28
280
     0
102
RTVSPost2010PropOp28
 70
     1
102
RTVSPost2010Prop29
280
     1
102
RTVSPost2010PropOp29
 70
     1
102
RTVSPost2010Prop30
280
     1
102
RTVSPost2010PropOp30
 70
     1
102
RTVSPost2010Prop31
280
     0
102
RTVSPost2010PropOp31
 70
     1
102
RTVSPost2010Prop32
280
     0
102
RTVSPost2010PropOp32
 70
     1
102
RTVSPost2010Prop33
280
     0
102
RTVSPost2010PropOp33
 70
     1
102
RTVSPost2010Prop34
280
     0
102
RTVSPost2010PropOp34
 70
     1
102
RTVSPost2010Prop35
280
     0
102
RTVSPost2010PropOp35
 70
     1
102
RTVSPost2010Prop36
280
     0
102
RTVSPost2010PropOp36
 70
     1
102
RTVSPost2010Prop37
 90
       50
102
RTVSPost2010PropOp37
 70
     1
102
RTVSPost2010Prop38
140
0.0
102
RTVSPost2010PropOp38
 70
     1
102
RTVSPost2010Prop39
140
1.0
102
RTVSPost2010PropOp39
 70
     1
102
RTVSPost2010Prop40
 90
        0
102
RTVSPost2010PropOp40
 70
     1
102
RTVSPost2010Prop41ColorIndex
 90
       18
102
RTVSPost2010Prop41ColorRGB
 90
        0
102
RTVSPost2010PropOp41
 70
     1
102
RTVSPost2010Prop42
 90
       50
102
RTVSPost2010PropOp42
 70
     1
102
RTVSPost2010Prop43
 90
        3
102
RTVSPost2010PropOp43
 70
     1
102
RTVSPost2010Prop44ColorIndex
 90
        5
102
RTVSPost2010Prop44ColorRGB
 90
      255
102
RTVSPost2010PropOp44
 70
     1
102
RTVSPost2010Prop45
280
     0
102
RTVSPost2010PropOp45
 70
     1
102
RTVSPost2010Prop46
 90
       50
102
RTVSPost2010PropOp46
 70
     1
102
RTVSPost2010Prop47
 90
       50
102
RTVSPost2010PropOp47
 70
     1
102
RTVSPost2010Prop48
 90
       50
102
RTVSPost2010PropOp48
 70
     1
102
RTVSPost2010Prop49
280
     0
102
RTVSPost2010PropOp49
 70
     1
102
RTVSPost2010Prop50
 90
       50
102
RTVSPost2010PropOp50
 70
     1
102
RTVSPost2010Prop51ColorIndex
 90
      256
102
RTVSPost2010Prop51ColorRGB
 90
-16777216
102
RTVSPost2010PropOp51
 70
     0
102
RTVSPost2010Prop52
140
1.0
102
RTVSPost2010PropOp52
 70
     0
102
RTVSPost2010Prop53
 90
        2
102
RTVSPost2010PropOp53
 70
     1
102
RTVSPost2010Prop54
  1
strokes_ogs.tif
102
RTVSPost2010PropOp54
 70
     1
102
RTVSPost2010Prop55
280
     0
102
RTVSPost2010PropOp55
 70
     1
102
RTVSPost2010Prop56
140
1.0
102
RTVSPost2010PropOp56
 70
     1
102
RTVSPost2010Prop57
140
1.0
102
RTVSPost2010PropOp57
 70
     1
  0
XRECORD
  5
435
102
{ACAD_REACTORS
330
434
102
}
330
434
100
AcDbXrecord
280
     1
102
RTVSPropertyOp0
 70
     0
102
RTVSPropertyOp1
 70
     0
102
RTVSPropertyOp2
 70
     0
102
RTVSPropertyOp3
 70
     0
102
RTVSPropertyOp4
 70
     0
102
RTVSPropertyOp5
 70
     0
102
RTVSPropertyOp6
 70
     0
102
RTVSPropertyOp7
 70
     0
102
RTVSPropertyOp8
 70
     0
102
RTVSPropertyOp9
 70
     0
102
RTVSPropertyOp10
 70
     0
102
RTVSPropertyOp11
 70
     0
102
RTVSPropertyOp12
 70
     0
102
RTVSPropertyOp13
 70
     0
102
RTVSPropertyOp14
 70
     2
102
RTVSPropertyOp15
 70
     0
102
RTVSPropertyOp16
 70
     0
102
RTVSPropertyOp17
 70
     0
102
RTVSPropertyOp18
 70
     0
102
RTVSPropertyOp19
 70
     0
102
RTVSPropertyOp20
 70
     0
102
RTVSPropertyOp21
 70
     0
102
RTVSPropertyOp22
 70
     0
102
RTVSPropertyOp23
 70
     0
102
RTVSPropertyOp24
 70
     0
102
RTVSPropertyOp25
 70
     0
102
RTVSPropertyOp26
 70
     0
102
RTVSPropertyOp27
 70
     0
102
RTVSPropertyOp28
 70
     0
102
RTVSPropertyOp29
 70
     0
102
RTVSPropertyOp30
 70
     0
102
RTVSPropertyOp31
 70
     0
102
RTVSPropertyOp32
 70
     0
102
RTVSPropertyOp33
 70
     0
102
RTVSPropertyOp34
 70
     0
102
RTVSPropertyOp35
 70
     0
102
RTVSPropertyOp36
 70
     0
102
RTVSPropertyOp37
 70
     0
102
RTVSPropertyOp38
 70
     0
102
RTVSPropertyOp39
 70
     0
102
RTVSPropertyOp40
 70
     0
102
RTVSPropertyOp41
 70
     0
102
RTVSPropertyOp42
 70
     0
102
RTVSPropertyOp43
 70
     0
102
RTVSPropertyOp44
 70
     0
102
RTVSPropertyOp45
 70
     0
102
RTVSPropertyOp46
 70
     0
102
RTVSPropertyOp47
 70
     0
102
RTVSPropertyOp48
 70
     0
102
RTVSPropertyOp49
 70
     0
102
RTVSPropertyOp50
 70
     0
102
RTVSPropertyOp51
 70
     0
102
RTVSPropertyOp52
 70
     0
102
RTVSPropertyOp53
 70
     0
102
RTVSPropertyOp54
 70
     0
102
RTVSPropertyOp55
 70
     0
102
RTVSPropertyOp56
 70
     0
102
RTVSPropertyOp57
 70
     0
102
RTVSPost2010Prop28
280
     0
102
RTVSPost2010PropOp28
 70
     0
102
RTVSPost2010Prop29
280
     1
102
RTVSPost2010PropOp29
 70
     0
102
RTVSPost2010Prop30
280
     1
102
RTVSPost2010PropOp30
 70
     0
102
RTVSPost2010Prop31
280
     0
102
RTVSPost2010PropOp31
 70
     0
102
RTVSPost2010Prop32
280
     0
102
RTVSPost2010PropOp32
 70
     0
102
RTVSPost2010Prop33
280
     0
102
RTVSPost2010PropOp33
 70
     0
102
RTVSPost2010Prop34
280
     0
102
RTVSPost2010PropOp34
 70
     0
102
RTVSPost2010Prop35
280
     0
102
RTVSPost2010PropOp35
 70
     0
102
RTVSPost2010Prop36
280
     0
102
RTVSPost2010PropOp36
 70
     0
102
RTVSPost2010Prop37
 90
       50
102
RTVSPost2010PropOp37
 70
     0
102
RTVSPost2010Prop38
140
0.0
102
RTVSPost2010PropOp38
 70
     0
102
RTVSPost2010Prop39
140
1.0
102
RTVSPost2010PropOp39
 70
     0
102
RTVSPost2010Prop40
 90
        0
102
RTVSPost2010PropOp40
 70
     0
102
RTVSPost2010Prop41ColorIndex
 90
       18
102
RTVSPost2010Prop41ColorRGB
 90
        0
102
RTVSPost2010PropOp41
 70
     0
102
RTVSPost2010Prop42
 90
       50
102
RTVSPost2010PropOp42
 70
     0
102
RTVSPost2010Prop43
 90
        3
102
RTVSPost2010PropOp43
 70
     0
102
RTVSPost2010Prop44ColorIndex
 90
        5
102
RTVSPost2010Prop44ColorRGB
 90
      255
102
RTVSPost2010PropOp44
 70
     0
102
RTVSPost2010Prop45
280
     0
102
RTVSPost2010PropOp45
 70
     0
102
RTVSPost2010Prop46
 90
       50
102
RTVSPost2010PropOp46
 70
     0
102
RTVSPost2010Prop47
 90
       50
102
RTVSPost2010PropOp47
 70
     0
102
RTVSPost2010Prop48
 90
       50
102
RTVSPost2010PropOp48
 70
     0
102
RTVSPost2010Prop49
280
     0
102
RTVSPost2010PropOp49
 70
     0
102
RTVSPost2010Prop50
 90
       50
102
RTVSPost2010PropOp50
 70
     0
102
RTVSPost2010Prop51ColorIndex
 90
      256
102
RTVSPost2010Prop51ColorRGB
 90
-16777216
102
RTVSPost2010PropOp51
 70
     0
102
RTVSPost2010Prop52
140
1.0
102
RTVSPost2010PropOp52
 70
     0
102
RTVSPost2010Prop53
 90
        2
102
RTVSPost2010PropOp53
 70
     0
102
RTVSPost2010Prop54
  1
strokes_ogs.tif
102
RTVSPost2010PropOp54
 70
     0
102
RTVSPost2010Prop55
280
     0
102
RTVSPost2010PropOp55
 70
     0
102
RTVSPost2010Prop56
140
1.0
102
RTVSPost2010PropOp56
 70
     0
102
RTVSPost2010Prop57
140
1.0
102
RTVSPost2010PropOp57
 70
     0
  0
XRECORD
  5
42D
102
{ACAD_REACTORS
330
42C
102
}
330
42C
100
AcDbXrecord
280
     1
102
RTVSPropertyOp0
 70
     1
102
RTVSPropertyOp1
 70
     1
102
RTVSPropertyOp2
 70
     1
102
RTVSPropertyOp3
 70
     1
102
RTVSPropertyOp4
 70
     1
102
RTVSPropertyOp5
 70
     1
102
RTVSPropertyOp6
 70
     1
102
RTVSPropertyOp7
 70
     1
102
RTVSPropertyOp8
 70
     1
102
RTVSPropertyOp9
 70
     1
102
RTVSPropertyOp10
 70
     1
102
RTVSPropertyOp11
 70
     1
102
RTVSPropertyOp12
 70
     1
102
RTVSPropertyOp13
 70
     1
102
RTVSPropertyOp14
 70
     1
102
RTVSPropertyOp15
 70
     1
102
RTVSPropertyOp16
 70
     1
102
RTVSPropertyOp17
 70
     1
102
RTVSPropertyOp18
 70
     1
102
RTVSPropertyOp19
 70
     1
102
RTVSPropertyOp20
 70
     1
102
RTVSPropertyOp21
 70
     1
102
RTVSPropertyOp22
 70
     1
102
RTVSPropertyOp23
 70
     1
102
RTVSPropertyOp24
 70
     1
102
RTVSPropertyOp25
 70
     1
102
RTVSPropertyOp26
 70
     1
102
RTVSPropertyOp27
 70
     1
102
RTVSPropertyOp28
 70
     1
102
RTVSPropertyOp29
 70
     1
102
RTVSPropertyOp30
 70
     1
102
RTVSPropertyOp31
 70
     1
102
RTVSPropertyOp32
 70
     1
102
RTVSPropertyOp33
 70
     1
102
RTVSPropertyOp34
 70
     1
102
RTVSPropertyOp35
 70
     1
102
RTVSPropertyOp36
 70
     1
102
RTVSPropertyOp37
 70
     1
102
RTVSPropertyOp38
 70
     1
102
RTVSPropertyOp39
 70
     1
102
RTVSPropertyOp40
 70
     1
102
RTVSPropertyOp41
 70
     1
102
RTVSPropertyOp42
 70
     1
102
RTVSPropertyOp43
 70
     1
102
RTVSPropertyOp44
 70
     1
102
RTVSPropertyOp45
 70
     1
102
RTVSPropertyOp46
 70
     1
102
RTVSPropertyOp47
 70
     1
102
RTVSPropertyOp48
 70
     1
102
RTVSPropertyOp49
 70
     1
102
RTVSPropertyOp50
 70
     1
102
RTVSPropertyOp51
 70
     0
102
RTVSPropertyOp52
 70
     0
102
RTVSPropertyOp53
 70
     1
102
RTVSPropertyOp54
 70
     1
102
RTVSPropertyOp55
 70
     1
102
RTVSPropertyOp56
 70
     1
102
RTVSPropertyOp57
 70
     1
102
RTVSPost2010Prop28
280
     0
102
RTVSPost2010PropOp28
 70
     1
102
RTVSPost2010Prop29
280
     1
102
RTVSPost2010PropOp29
 70
     1
102
RTVSPost2010Prop30
280
     1
102
RTVSPost2010PropOp30
 70
     1
102
RTVSPost2010Prop31
280
     0
102
RTVSPost2010PropOp31
 70
     1
102
RTVSPost2010Prop32
280
     0
102
RTVSPost2010PropOp32
 70
     1
102
RTVSPost2010Prop33
280
     0
102
RTVSPost2010PropOp33
 70
     1
102
RTVSPost2010Prop34
280
     0
102
RTVSPost2010PropOp34
 70
     1
102
RTVSPost2010Prop35
280
     0
102
RTVSPost2010PropOp35
 70
     1
102
RTVSPost2010Prop36
280
     0
102
RTVSPost2010PropOp36
 70
     1
102
RTVSPost2010Prop37
 90
       50
102
RTVSPost2010PropOp37
 70
     1
102
RTVSPost2010Prop38
140
0.0
102
RTVSPost2010PropOp38
 70
     1
102
RTVSPost2010Prop39
140
1.0
102
RTVSPost2010PropOp39
 70
     1
102
RTVSPost2010Prop40
 90
        0
102
RTVSPost2010PropOp40
 70
     1
102
RTVSPost2010Prop41ColorIndex
 90
       18
102
RTVSPost2010Prop41ColorRGB
 90
        0
102
RTVSPost2010PropOp41
 70
     1
102
RTVSPost2010Prop42
 90
       50
102
RTVSPost2010PropOp42
 70
     1
102
RTVSPost2010Prop43
 90
        3
102
RTVSPost2010PropOp43
 70
     1
102
RTVSPost2010Prop44ColorIndex
 90
        5
102
RTVSPost2010Prop44ColorRGB
 90
      255
102
RTVSPost2010PropOp44
 70
     1
102
RTVSPost2010Prop45
280
     0
102
RTVSPost2010PropOp45
 70
     1
102
RTVSPost2010Prop46
 90
       50
102
RTVSPost2010PropOp46
 70
     1
102
RTVSPost2010Prop47
 90
       50
102
RTVSPost2010PropOp47
 70
     1
102
RTVSPost2010Prop48
 90
       50
102
RTVSPost2010PropOp48
 70
     1
102
RTVSPost2010Prop49
280
     0
102
RTVSPost2010PropOp49
 70
     1
102
RTVSPost2010Prop50
 90
       50
102
RTVSPost2010PropOp50
 70
     1
102
RTVSPost2010Prop51ColorIndex
 90
      256
102
RTVSPost2010Prop51ColorRGB
 90
-16777216
102
RTVSPost2010PropOp51
 70
     0
102
RTVSPost2010Prop52
140
1.0
102
RTVSPost2010PropOp52
 70
     0
102
RTVSPost2010Prop53
 90
        2
102
RTVSPost2010PropOp53
 70
     1
102
RTVSPost2010Prop54
  1
strokes_ogs.tif
102
RTVSPost2010PropOp54
 70
     1
102
RTVSPost2010Prop55
280
     0
102
RTVSPost2010PropOp55
 70
     1
102
RTVSPost2010Prop56
140
1.0
102
RTVSPost2010PropOp56
 70
     1
102
RTVSPost2010Prop57
140
1.0
102
RTVSPost2010PropOp57
 70
     1
  0
XRECORD
  5
411
102
{ACAD_REACTORS
330
410
102
}
330
410
100
AcDbXrecord
280
     1
102
RTVSPropertyOp0
 70
     1
102
RTVSPropertyOp1
 70
     1
102
RTVSPropertyOp2
 70
     1
102
RTVSPropertyOp3
 70
     1
102
RTVSPropertyOp4
 70
     1
102
RTVSPropertyOp5
 70
     1
102
RTVSPropertyOp6
 70
     1
102
RTVSPropertyOp7
 70
     1
102
RTVSPropertyOp8
 70
     1
102
RTVSPropertyOp9
 70
     1
102
RTVSPropertyOp10
 70
     1
102
RTVSPropertyOp11
 70
     1
102
RTVSPropertyOp12
 70
     1
102
RTVSPropertyOp13
 70
     1
102
RTVSPropertyOp14
 70
     1
102
RTVSPropertyOp15
 70
     1
102
RTVSPropertyOp16
 70
     1
102
RTVSPropertyOp17
 70
     1
102
RTVSPropertyOp18
 70
     1
102
RTVSPropertyOp19
 70
     1
102
RTVSPropertyOp20
 70
     1
102
RTVSPropertyOp21
 70
     1
102
RTVSPropertyOp22
 70
     1
102
RTVSPropertyOp23
 70
     1
102
RTVSPropertyOp24
 70
     1
102
RTVSPropertyOp25
 70
     1
102
RTVSPropertyOp26
 70
     1
102
RTVSPropertyOp27
 70
     1
102
RTVSPropertyOp28
 70
     1
102
RTVSPropertyOp29
 70
     1
102
RTVSPropertyOp30
 70
     1
102
RTVSPropertyOp31
 70
     1
102
RTVSPropertyOp32
 70
     1
102
RTVSPropertyOp33
 70
     1
102
RTVSPropertyOp34
 70
     1
102
RTVSPropertyOp35
 70
     1
102
RTVSPropertyOp36
 70
     1
102
RTVSPropertyOp37
 70
     1
102
RTVSPropertyOp38
 70
     1
102
RTVSPropertyOp39
 70
     1
102
RTVSPropertyOp40
 70
     1
102
RTVSPropertyOp41
 70
     1
102
RTVSPropertyOp42
 70
     1
102
RTVSPropertyOp43
 70
     1
102
RTVSPropertyOp44
 70
     1
102
RTVSPropertyOp45
 70
     1
102
RTVSPropertyOp46
 70
     1
102
RTVSPropertyOp47
 70
     1
102
RTVSPropertyOp48
 70
     1
102
RTVSPropertyOp49
 70
     1
102
RTVSPropertyOp50
 70
     1
102
RTVSPropertyOp51
 70
     0
102
RTVSPropertyOp52
 70
     0
102
RTVSPropertyOp53
 70
     1
102
RTVSPropertyOp54
 70
     1
102
RTVSPropertyOp55
 70
     1
102
RTVSPropertyOp56
 70
     1
102
RTVSPropertyOp57
 70
     1
102
RTVSPost2010Prop28
280
     0
102
RTVSPost2010PropOp28
 70
     1
102
RTVSPost2010Prop29
280
     1
102
RTVSPost2010PropOp29
 70
     1
102
RTVSPost2010Prop30
280
     1
102
RTVSPost2010PropOp30
 70
     1
102
RTVSPost2010Prop31
280
     0
102
RTVSPost2010PropOp31
 70
     1
102
RTVSPost2010Prop32
280
     0
102
RTVSPost2010PropOp32
 70
     1
102
RTVSPost2010Prop33
280
     0
102
RTVSPost2010PropOp33
 70
     1
102
RTVSPost2010Prop34
280
     0
102
RTVSPost2010PropOp34
 70
     1
102
RTVSPost2010Prop35
280
     0
102
RTVSPost2010PropOp35
 70
     1
102
RTVSPost2010Prop36
280
     0
102
RTVSPost2010PropOp36
 70
     1
102
RTVSPost2010Prop37
 90
       50
102
RTVSPost2010PropOp37
 70
     1
102
RTVSPost2010Prop38
140
0.0
102
RTVSPost2010PropOp38
 70
     1
102
RTVSPost2010Prop39
140
1.0
102
RTVSPost2010PropOp39
 70
     1
102
RTVSPost2010Prop40
 90
        0
102
RTVSPost2010PropOp40
 70
     1
102
RTVSPost2010Prop41ColorIndex
 90
       18
102
RTVSPost2010Prop41ColorRGB
 90
        0
102
RTVSPost2010PropOp41
 70
     1
102
RTVSPost2010Prop42
 90
       50
102
RTVSPost2010PropOp42
 70
     1
102
RTVSPost2010Prop43
 90
        3
102
RTVSPost2010PropOp43
 70
     1
102
RTVSPost2010Prop44ColorIndex
 90
        5
102
RTVSPost2010Prop44ColorRGB
 90
      255
102
RTVSPost2010PropOp44
 70
     1
102
RTVSPost2010Prop45
280
     0
102
RTVSPost2010PropOp45
 70
     1
102
RTVSPost2010Prop46
 90
       50
102
RTVSPost2010PropOp46
 70
     1
102
RTVSPost2010Prop47
 90
       50
102
RTVSPost2010PropOp47
 70
     1
102
RTVSPost2010Prop48
 90
       50
102
RTVSPost2010PropOp48
 70
     1
102
RTVSPost2010Prop49
280
     0
102
RTVSPost2010PropOp49
 70
     1
102
RTVSPost2010Prop50
 90
       50
102
RTVSPost2010PropOp50
 70
     1
102
RTVSPost2010Prop51ColorIndex
 90
      256
102
RTVSPost2010Prop51ColorRGB
 90
-16777216
102
RTVSPost2010PropOp51
 70
     0
102
RTVSPost2010Prop52
140
1.0
102
RTVSPost2010PropOp52
 70
     0
102
RTVSPost2010Prop53
 90
        2
102
RTVSPost2010PropOp53
 70
     1
102
RTVSPost2010Prop54
  1
strokes_ogs.tif
102
RTVSPost2010PropOp54
 70
     1
102
RTVSPost2010Prop55
280
     0
102
RTVSPost2010PropOp55
 70
     1
102
RTVSPost2010Prop56
140
1.0
102
RTVSPost2010PropOp56
 70
     1
102
RTVSPost2010Prop57
140
1.0
102
RTVSPost2010PropOp57
 70
     1
  0
XRECORD
  5
413
102
{ACAD_REACTORS
330
412
102
}
330
412
100
AcDbXrecord
280
     1
102
RTVSPropertyOp0
 70
     1
102
RTVSPropertyOp1
 70
     1
102
RTVSPropertyOp2
 70
     1
102
RTVSPropertyOp3
 70
     1
102
RTVSPropertyOp4
 70
     1
102
RTVSPropertyOp5
 70
     1
102
RTVSPropertyOp6
 70
     1
102
RTVSPropertyOp7
 70
     1
102
RTVSPropertyOp8
 70
     1
102
RTVSPropertyOp9
 70
     1
102
RTVSPropertyOp10
 70
     1
102
RTVSPropertyOp11
 70
     1
102
RTVSPropertyOp12
 70
     1
102
RTVSPropertyOp13
 70
     1
102
RTVSPropertyOp14
 70
     1
102
RTVSPropertyOp15
 70
     1
102
RTVSPropertyOp16
 70
     1
102
RTVSPropertyOp17
 70
     1
102
RTVSPropertyOp18
 70
     1
102
RTVSPropertyOp19
 70
     1
102
RTVSPropertyOp20
 70
     1
102
RTVSPropertyOp21
 70
     1
102
RTVSPropertyOp22
 70
     1
102
RTVSPropertyOp23
 70
     1
102
RTVSPropertyOp24
 70
     1
102
RTVSPropertyOp25
 70
     1
102
RTVSPropertyOp26
 70
     1
102
RTVSPropertyOp27
 70
     1
102
RTVSPropertyOp28
 70
     1
102
RTVSPropertyOp29
 70
     1
102
RTVSPropertyOp30
 70
     1
102
RTVSPropertyOp31
 70
     1
102
RTVSPropertyOp32
 70
     1
102
RTVSPropertyOp33
 70
     1
102
RTVSPropertyOp34
 70
     1
102
RTVSPropertyOp35
 70
     1
102
RTVSPropertyOp36
 70
     1
102
RTVSPropertyOp37
 70
     1
102
RTVSPropertyOp38
 70
     1
102
RTVSPropertyOp39
 70
     1
102
RTVSPropertyOp40
 70
     1
102
RTVSPropertyOp41
 70
     1
102
RTVSPropertyOp42
 70
     1
102
RTVSPropertyOp43
 70
     1
102
RTVSPropertyOp44
 70
     1
102
RTVSPropertyOp45
 70
     1
102
RTVSPropertyOp46
 70
     1
102
RTVSPropertyOp47
 70
     1
102
RTVSPropertyOp48
 70
     1
102
RTVSPropertyOp49
 70
     1
102
RTVSPropertyOp50
 70
     1
102
RTVSPropertyOp51
 70
     0
102
RTVSPropertyOp52
 70
     0
102
RTVSPropertyOp53
 70
     1
102
RTVSPropertyOp54
 70
     1
102
RTVSPropertyOp55
 70
     1
102
RTVSPropertyOp56
 70
     1
102
RTVSPropertyOp57
 70
     1
102
RTVSPost2010Prop28
280
     0
102
RTVSPost2010PropOp28
 70
     1
102
RTVSPost2010Prop29
280
     1
102
RTVSPost2010PropOp29
 70
     1
102
RTVSPost2010Prop30
280
     1
102
RTVSPost2010PropOp30
 70
     1
102
RTVSPost2010Prop31
280
     0
102
RTVSPost2010PropOp31
 70
     1
102
RTVSPost2010Prop32
280
     0
102
RTVSPost2010PropOp32
 70
     1
102
RTVSPost2010Prop33
280
     0
102
RTVSPost2010PropOp33
 70
     1
102
RTVSPost2010Prop34
280
     0
102
RTVSPost2010PropOp34
 70
     1
102
RTVSPost2010Prop35
280
     0
102
RTVSPost2010PropOp35
 70
     1
102
RTVSPost2010Prop36
280
     0
102
RTVSPost2010PropOp36
 70
     1
102
RTVSPost2010Prop37
 90
       50
102
RTVSPost2010PropOp37
 70
     1
102
RTVSPost2010Prop38
140
0.0
102
RTVSPost2010PropOp38
 70
     1
102
RTVSPost2010Prop39
140
1.0
102
RTVSPost2010PropOp39
 70
     1
102
RTVSPost2010Prop40
 90
        0
102
RTVSPost2010PropOp40
 70
     1
102
RTVSPost2010Prop41ColorIndex
 90
       18
102
RTVSPost2010Prop41ColorRGB
 90
        0
102
RTVSPost2010PropOp41
 70
     1
102
RTVSPost2010Prop42
 90
       50
102
RTVSPost2010PropOp42
 70
     1
102
RTVSPost2010Prop43
 90
        3
102
RTVSPost2010PropOp43
 70
     1
102
RTVSPost2010Prop44ColorIndex
 90
        5
102
RTVSPost2010Prop44ColorRGB
 90
      255
102
RTVSPost2010PropOp44
 70
     1
102
RTVSPost2010Prop45
280
     0
102
RTVSPost2010PropOp45
 70
     1
102
RTVSPost2010Prop46
 90
       50
102
RTVSPost2010PropOp46
 70
     1
102
RTVSPost2010Prop47
 90
       50
102
RTVSPost2010PropOp47
 70
     1
102
RTVSPost2010Prop48
 90
       50
102
RTVSPost2010PropOp48
 70
     1
102
RTVSPost2010Prop49
280
     0
102
RTVSPost2010PropOp49
 70
     1
102
RTVSPost2010Prop50
 90
       50
102
RTVSPost2010PropOp50
 70
     1
102
RTVSPost2010Prop51ColorIndex
 90
      256
102
RTVSPost2010Prop51ColorRGB
 90
-16777216
102
RTVSPost2010PropOp51
 70
     0
102
RTVSPost2010Prop52
140
1.0
102
RTVSPost2010PropOp52
 70
     0
102
RTVSPost2010Prop53
 90
        2
102
RTVSPost2010PropOp53
 70
     1
102
RTVSPost2010Prop54
  1
strokes_ogs.tif
102
RTVSPost2010PropOp54
 70
     1
102
RTVSPost2010Prop55
280
     0
102
RTVSPost2010PropOp55
 70
     1
102
RTVSPost2010Prop56
140
1.0
102
RTVSPost2010PropOp56
 70
     1
102
RTVSPost2010Prop57
140
1.0
102
RTVSPost2010PropOp57
 70
     1
  0
XRECORD
  5
415
102
{ACAD_REACTORS
330
414
102
}
330
414
100
AcDbXrecord
280
     1
102
RTVSPropertyOp0
 70
     1
102
RTVSPropertyOp1
 70
     1
102
RTVSPropertyOp2
 70
     1
102
RTVSPropertyOp3
 70
     1
102
RTVSPropertyOp4
 70
     1
102
RTVSPropertyOp5
 70
     1
102
RTVSPropertyOp6
 70
     1
102
RTVSPropertyOp7
 70
     1
102
RTVSPropertyOp8
 70
     1
102
RTVSPropertyOp9
 70
     1
102
RTVSPropertyOp10
 70
     1
102
RTVSPropertyOp11
 70
     1
102
RTVSPropertyOp12
 70
     1
102
RTVSPropertyOp13
 70
     1
102
RTVSPropertyOp14
 70
     1
102
RTVSPropertyOp15
 70
     1
102
RTVSPropertyOp16
 70
     1
102
RTVSPropertyOp17
 70
     1
102
RTVSPropertyOp18
 70
     1
102
RTVSPropertyOp19
 70
     1
102
RTVSPropertyOp20
 70
     1
102
RTVSPropertyOp21
 70
     1
102
RTVSPropertyOp22
 70
     1
102
RTVSPropertyOp23
 70
     1
102
RTVSPropertyOp24
 70
     1
102
RTVSPropertyOp25
 70
     1
102
RTVSPropertyOp26
 70
     1
102
RTVSPropertyOp27
 70
     1
102
RTVSPropertyOp28
 70
     1
102
RTVSPropertyOp29
 70
     1
102
RTVSPropertyOp30
 70
     1
102
RTVSPropertyOp31
 70
     1
102
RTVSPropertyOp32
 70
     1
102
RTVSPropertyOp33
 70
     1
102
RTVSPropertyOp34
 70
     1
102
RTVSPropertyOp35
 70
     1
102
RTVSPropertyOp36
 70
     1
102
RTVSPropertyOp37
 70
     1
102
RTVSPropertyOp38
 70
     1
102
RTVSPropertyOp39
 70
     1
102
RTVSPropertyOp40
 70
     1
102
RTVSPropertyOp41
 70
     1
102
RTVSPropertyOp42
 70
     1
102
RTVSPropertyOp43
 70
     1
102
RTVSPropertyOp44
 70
     1
102
RTVSPropertyOp45
 70
     1
102
RTVSPropertyOp46
 70
     1
102
RTVSPropertyOp47
 70
     1
102
RTVSPropertyOp48
 70
     1
102
RTVSPropertyOp49
 70
     1
102
RTVSPropertyOp50
 70
     1
102
RTVSPropertyOp51
 70
     0
102
RTVSPropertyOp52
 70
     0
102
RTVSPropertyOp53
 70
     1
102
RTVSPropertyOp54
 70
     1
102
RTVSPropertyOp55
 70
     1
102
RTVSPropertyOp56
 70
     1
102
RTVSPropertyOp57
 70
     1
102
RTVSPost2010Prop28
280
     0
102
RTVSPost2010PropOp28
 70
     1
102
RTVSPost2010Prop29
280
     1
102
RTVSPost2010PropOp29
 70
     1
102
RTVSPost2010Prop30
280
     1
102
RTVSPost2010PropOp30
 70
     1
102
RTVSPost2010Prop31
280
     0
102
RTVSPost2010PropOp31
 70
     1
102
RTVSPost2010Prop32
280
     0
102
RTVSPost2010PropOp32
 70
     1
102
RTVSPost2010Prop33
280
     0
102
RTVSPost2010PropOp33
 70
     1
102
RTVSPost2010Prop34
280
     0
102
RTVSPost2010PropOp34
 70
     1
102
RTVSPost2010Prop35
280
     0
102
RTVSPost2010PropOp35
 70
     1
102
RTVSPost2010Prop36
280
     0
102
RTVSPost2010PropOp36
 70
     1
102
RTVSPost2010Prop37
 90
       50
102
RTVSPost2010PropOp37
 70
     1
102
RTVSPost2010Prop38
140
0.0
102
RTVSPost2010PropOp38
 70
     1
102
RTVSPost2010Prop39
140
1.0
102
RTVSPost2010PropOp39
 70
     1
102
RTVSPost2010Prop40
 90
        0
102
RTVSPost2010PropOp40
 70
     1
102
RTVSPost2010Prop41ColorIndex
 90
       18
102
RTVSPost2010Prop41ColorRGB
 90
        0
102
RTVSPost2010PropOp41
 70
     1
102
RTVSPost2010Prop42
 90
       50
102
RTVSPost2010PropOp42
 70
     1
102
RTVSPost2010Prop43
 90
        3
102
RTVSPost2010PropOp43
 70
     1
102
RTVSPost2010Prop44ColorIndex
 90
        5
102
RTVSPost2010Prop44ColorRGB
 90
      255
102
RTVSPost2010PropOp44
 70
     1
102
RTVSPost2010Prop45
280
     0
102
RTVSPost2010PropOp45
 70
     1
102
RTVSPost2010Prop46
 90
       50
102
RTVSPost2010PropOp46
 70
     1
102
RTVSPost2010Prop47
 90
       50
102
RTVSPost2010PropOp47
 70
     1
102
RTVSPost2010Prop48
 90
       50
102
RTVSPost2010PropOp48
 70
     1
102
RTVSPost2010Prop49
280
     0
102
RTVSPost2010PropOp49
 70
     1
102
RTVSPost2010Prop50
 90
       50
102
RTVSPost2010PropOp50
 70
     1
102
RTVSPost2010Prop51ColorIndex
 90
      256
102
RTVSPost2010Prop51ColorRGB
 90
-16777216
102
RTVSPost2010PropOp51
 70
     0
102
RTVSPost2010Prop52
140
1.0
102
RTVSPost2010PropOp52
 70
     0
102
RTVSPost2010Prop53
 90
        2
102
RTVSPost2010PropOp53
 70
     1
102
RTVSPost2010Prop54
  1
strokes_ogs.tif
102
RTVSPost2010PropOp54
 70
     1
102
RTVSPost2010Prop55
280
     0
102
RTVSPost2010PropOp55
 70
     1
102
RTVSPost2010Prop56
140
1.0
102
RTVSPost2010PropOp56
 70
     1
102
RTVSPost2010Prop57
140
1.0
102
RTVSPost2010PropOp57
 70
     1
  0
XRECORD
  5
417
102
{ACAD_REACTORS
330
416
102
}
330
416
100
AcDbXrecord
280
     1
102
RTVSPropertyOp0
 70
     1
102
RTVSPropertyOp1
 70
     1
102
RTVSPropertyOp2
 70
     1
102
RTVSPropertyOp3
 70
     1
102
RTVSPropertyOp4
 70
     1
102
RTVSPropertyOp5
 70
     1
102
RTVSPropertyOp6
 70
     1
102
RTVSPropertyOp7
 70
     1
102
RTVSPropertyOp8
 70
     1
102
RTVSPropertyOp9
 70
     1
102
RTVSPropertyOp10
 70
     1
102
RTVSPropertyOp11
 70
     1
102
RTVSPropertyOp12
 70
     1
102
RTVSPropertyOp13
 70
     1
102
RTVSPropertyOp14
 70
     1
102
RTVSPropertyOp15
 70
     1
102
RTVSPropertyOp16
 70
     1
102
RTVSPropertyOp17
 70
     1
102
RTVSPropertyOp18
 70
     1
102
RTVSPropertyOp19
 70
     1
102
RTVSPropertyOp20
 70
     1
102
RTVSPropertyOp21
 70
     1
102
RTVSPropertyOp22
 70
     1
102
RTVSPropertyOp23
 70
     1
102
RTVSPropertyOp24
 70
     1
102
RTVSPropertyOp25
 70
     1
102
RTVSPropertyOp26
 70
     1
102
RTVSPropertyOp27
 70
     1
102
RTVSPropertyOp28
 70
     1
102
RTVSPropertyOp29
 70
     1
102
RTVSPropertyOp30
 70
     1
102
RTVSPropertyOp31
 70
     1
102
RTVSPropertyOp32
 70
     1
102
RTVSPropertyOp33
 70
     1
102
RTVSPropertyOp34
 70
     1
102
RTVSPropertyOp35
 70
     1
102
RTVSPropertyOp36
 70
     1
102
RTVSPropertyOp37
 70
     1
102
RTVSPropertyOp38
 70
     1
102
RTVSPropertyOp39
 70
     1
102
RTVSPropertyOp40
 70
     1
102
RTVSPropertyOp41
 70
     1
102
RTVSPropertyOp42
 70
     1
102
RTVSPropertyOp43
 70
     1
102
RTVSPropertyOp44
 70
     1
102
RTVSPropertyOp45
 70
     1
102
RTVSPropertyOp46
 70
     1
102
RTVSPropertyOp47
 70
     1
102
RTVSPropertyOp48
 70
     1
102
RTVSPropertyOp49
 70
     1
102
RTVSPropertyOp50
 70
     1
102
RTVSPropertyOp51
 70
     0
102
RTVSPropertyOp52
 70
     0
102
RTVSPropertyOp53
 70
     1
102
RTVSPropertyOp54
 70
     1
102
RTVSPropertyOp55
 70
     1
102
RTVSPropertyOp56
 70
     1
102
RTVSPropertyOp57
 70
     1
102
RTVSPost2010Prop28
280
     0
102
RTVSPost2010PropOp28
 70
     1
102
RTVSPost2010Prop29
280
     1
102
RTVSPost2010PropOp29
 70
     1
102
RTVSPost2010Prop30
280
     1
102
RTVSPost2010PropOp30
 70
     1
102
RTVSPost2010Prop31
280
     0
102
RTVSPost2010PropOp31
 70
     1
102
RTVSPost2010Prop32
280
     0
102
RTVSPost2010PropOp32
 70
     1
102
RTVSPost2010Prop33
280
     0
102
RTVSPost2010PropOp33
 70
     1
102
RTVSPost2010Prop34
280
     0
102
RTVSPost2010PropOp34
 70
     1
102
RTVSPost2010Prop35
280
     0
102
RTVSPost2010PropOp35
 70
     1
102
RTVSPost2010Prop36
280
     0
102
RTVSPost2010PropOp36
 70
     1
102
RTVSPost2010Prop37
 90
       50
102
RTVSPost2010PropOp37
 70
     1
102
RTVSPost2010Prop38
140
0.0
102
RTVSPost2010PropOp38
 70
     1
102
RTVSPost2010Prop39
140
1.0
102
RTVSPost2010PropOp39
 70
     1
102
RTVSPost2010Prop40
 90
        0
102
RTVSPost2010PropOp40
 70
     1
102
RTVSPost2010Prop41ColorIndex
 90
       18
102
RTVSPost2010Prop41ColorRGB
 90
        0
102
RTVSPost2010PropOp41
 70
     1
102
RTVSPost2010Prop42
 90
       50
102
RTVSPost2010PropOp42
 70
     1
102
RTVSPost2010Prop43
 90
        3
102
RTVSPost2010PropOp43
 70
     1
102
RTVSPost2010Prop44ColorIndex
 90
        5
102
RTVSPost2010Prop44ColorRGB
 90
      255
102
RTVSPost2010PropOp44
 70
     1
102
RTVSPost2010Prop45
280
     0
102
RTVSPost2010PropOp45
 70
     1
102
RTVSPost2010Prop46
 90
       50
102
RTVSPost2010PropOp46
 70
     1
102
RTVSPost2010Prop47
 90
       50
102
RTVSPost2010PropOp47
 70
     1
102
RTVSPost2010Prop48
 90
       50
102
RTVSPost2010PropOp48
 70
     1
102
RTVSPost2010Prop49
280
     0
102
RTVSPost2010PropOp49
 70
     1
102
RTVSPost2010Prop50
 90
       50
102
RTVSPost2010PropOp50
 70
     1
102
RTVSPost2010Prop51ColorIndex
 90
      256
102
RTVSPost2010Prop51ColorRGB
 90
-16777216
102
RTVSPost2010PropOp51
 70
     0
102
RTVSPost2010Prop52
140
1.0
102
RTVSPost2010PropOp52
 70
     0
102
RTVSPost2010Prop53
 90
        2
102
RTVSPost2010PropOp53
 70
     1
102
RTVSPost2010Prop54
  1
strokes_ogs.tif
102
RTVSPost2010PropOp54
 70
     1
102
RTVSPost2010Prop55
280
     0
102
RTVSPost2010PropOp55
 70
     1
102
RTVSPost2010Prop56
140
1.0
102
RTVSPost2010PropOp56
 70
     1
102
RTVSPost2010Prop57
140
1.0
102
RTVSPost2010PropOp57
 70
     1
  0
XRECORD
  5
41D
102
{ACAD_REACTORS
330
41C
102
}
330
41C
100
AcDbXrecord
280
     1
102
RTVSPropertyOp0
 70
     1
102
RTVSPropertyOp1
 70
     1
102
RTVSPropertyOp2
 70
     1
102
RTVSPropertyOp3
 70
     1
102
RTVSPropertyOp4
 70
     1
102
RTVSPropertyOp5
 70
     1
102
RTVSPropertyOp6
 70
     1
102
RTVSPropertyOp7
 70
     1
102
RTVSPropertyOp8
 70
     1
102
RTVSPropertyOp9
 70
     1
102
RTVSPropertyOp10
 70
     1
102
RTVSPropertyOp11
 70
     1
102
RTVSPropertyOp12
 70
     1
102
RTVSPropertyOp13
 70
     1
102
RTVSPropertyOp14
 70
     1
102
RTVSPropertyOp15
 70
     1
102
RTVSPropertyOp16
 70
     1
102
RTVSPropertyOp17
 70
     1
102
RTVSPropertyOp18
 70
     1
102
RTVSPropertyOp19
 70
     1
102
RTVSPropertyOp20
 70
     1
102
RTVSPropertyOp21
 70
     1
102
RTVSPropertyOp22
 70
     1
102
RTVSPropertyOp23
 70
     1
102
RTVSPropertyOp24
 70
     1
102
RTVSPropertyOp25
 70
     1
102
RTVSPropertyOp26
 70
     1
102
RTVSPropertyOp27
 70
     1
102
RTVSPropertyOp28
 70
     1
102
RTVSPropertyOp29
 70
     1
102
RTVSPropertyOp30
 70
     1
102
RTVSPropertyOp31
 70
     1
102
RTVSPropertyOp32
 70
     1
102
RTVSPropertyOp33
 70
     1
102
RTVSPropertyOp34
 70
     1
102
RTVSPropertyOp35
 70
     1
102
RTVSPropertyOp36
 70
     1
102
RTVSPropertyOp37
 70
     1
102
RTVSPropertyOp38
 70
     1
102
RTVSPropertyOp39
 70
     1
102
RTVSPropertyOp40
 70
     1
102
RTVSPropertyOp41
 70
     1
102
RTVSPropertyOp42
 70
     1
102
RTVSPropertyOp43
 70
     1
102
RTVSPropertyOp44
 70
     1
102
RTVSPropertyOp45
 70
     1
102
RTVSPropertyOp46
 70
     1
102
RTVSPropertyOp47
 70
     1
102
RTVSPropertyOp48
 70
     1
102
RTVSPropertyOp49
 70
     1
102
RTVSPropertyOp50
 70
     1
102
RTVSPropertyOp51
 70
     0
102
RTVSPropertyOp52
 70
     0
102
RTVSPropertyOp53
 70
     1
102
RTVSPropertyOp54
 70
     1
102
RTVSPropertyOp55
 70
     1
102
RTVSPropertyOp56
 70
     1
102
RTVSPropertyOp57
 70
     1
102
RTVSPost2010Prop28
280
     0
102
RTVSPost2010PropOp28
 70
     1
102
RTVSPost2010Prop29
280
     1
102
RTVSPost2010PropOp29
 70
     1
102
RTVSPost2010Prop30
280
     1
102
RTVSPost2010PropOp30
 70
     1
102
RTVSPost2010Prop31
280
     0
102
RTVSPost2010PropOp31
 70
     1
102
RTVSPost2010Prop32
280
     0
102
RTVSPost2010PropOp32
 70
     1
102
RTVSPost2010Prop33
280
     0
102
RTVSPost2010PropOp33
 70
     1
102
RTVSPost2010Prop34
280
     0
102
RTVSPost2010PropOp34
 70
     1
102
RTVSPost2010Prop35
280
     0
102
RTVSPost2010PropOp35
 70
     1
102
RTVSPost2010Prop36
280
     0
102
RTVSPost2010PropOp36
 70
     1
102
RTVSPost2010Prop37
 90
       50
102
RTVSPost2010PropOp37
 70
     1
102
RTVSPost2010Prop38
140
0.0
102
RTVSPost2010PropOp38
 70
     1
102
RTVSPost2010Prop39
140
1.0
102
RTVSPost2010PropOp39
 70
     1
102
RTVSPost2010Prop40
 90
        0
102
RTVSPost2010PropOp40
 70
     1
102
RTVSPost2010Prop41ColorIndex
 90
       18
102
RTVSPost2010Prop41ColorRGB
 90
        0
102
RTVSPost2010PropOp41
 70
     1
102
RTVSPost2010Prop42
 90
       50
102
RTVSPost2010PropOp42
 70
     1
102
RTVSPost2010Prop43
 90
        3
102
RTVSPost2010PropOp43
 70
     1
102
RTVSPost2010Prop44ColorIndex
 90
        5
102
RTVSPost2010Prop44ColorRGB
 90
      255
102
RTVSPost2010PropOp44
 70
     1
102
RTVSPost2010Prop45
280
     0
102
RTVSPost2010PropOp45
 70
     1
102
RTVSPost2010Prop46
 90
       50
102
RTVSPost2010PropOp46
 70
     1
102
RTVSPost2010Prop47
 90
       50
102
RTVSPost2010PropOp47
 70
     1
102
RTVSPost2010Prop48
 90
       50
102
RTVSPost2010PropOp48
 70
     1
102
RTVSPost2010Prop49
280
     0
102
RTVSPost2010PropOp49
 70
     1
102
RTVSPost2010Prop50
 90
       50
102
RTVSPost2010PropOp50
 70
     1
102
RTVSPost2010Prop51ColorIndex
 90
      256
102
RTVSPost2010Prop51ColorRGB
 90
-16777216
102
RTVSPost2010PropOp51
 70
     0
102
RTVSPost2010Prop52
140
1.0
102
RTVSPost2010PropOp52
 70
     0
102
RTVSPost2010Prop53
 90
        2
102
RTVSPost2010PropOp53
 70
     1
102
RTVSPost2010Prop54
  1
strokes_ogs.tif
102
RTVSPost2010PropOp54
 70
     1
102
RTVSPost2010Prop55
280
     0
102
RTVSPost2010PropOp55
 70
     1
102
RTVSPost2010Prop56
140
1.0
102
RTVSPost2010PropOp56
 70
     1
102
RTVSPost2010Prop57
140
1.0
102
RTVSPost2010PropOp57
 70
     1
  0
XRECORD
  5
431
102
{ACAD_REACTORS
330
430
102
}
330
430
100
AcDbXrecord
280
     1
102
RTVSPropertyOp0
 70
     0
102
RTVSPropertyOp1
 70
     0
102
RTVSPropertyOp2
 70
     0
102
RTVSPropertyOp3
 70
     0
102
RTVSPropertyOp4
 70
     0
102
RTVSPropertyOp5
 70
     0
102
RTVSPropertyOp6
 70
     0
102
RTVSPropertyOp7
 70
     0
102
RTVSPropertyOp8
 70
     0
102
RTVSPropertyOp9
 70
     0
102
RTVSPropertyOp10
 70
     0
102
RTVSPropertyOp11
 70
     0
102
RTVSPropertyOp12
 70
     0
102
RTVSPropertyOp13
 70
     0
102
RTVSPropertyOp14
 70
     2
102
RTVSPropertyOp15
 70
     0
102
RTVSPropertyOp16
 70
     0
102
RTVSPropertyOp17
 70
     0
102
RTVSPropertyOp18
 70
     0
102
RTVSPropertyOp19
 70
     0
102
RTVSPropertyOp20
 70
     0
102
RTVSPropertyOp21
 70
     0
102
RTVSPropertyOp22
 70
     0
102
RTVSPropertyOp23
 70
     0
102
RTVSPropertyOp24
 70
     0
102
RTVSPropertyOp25
 70
     0
102
RTVSPropertyOp26
 70
     0
102
RTVSPropertyOp27
 70
     0
102
RTVSPropertyOp28
 70
     0
102
RTVSPropertyOp29
 70
     0
102
RTVSPropertyOp30
 70
     0
102
RTVSPropertyOp31
 70
     0
102
RTVSPropertyOp32
 70
     0
102
RTVSPropertyOp33
 70
     0
102
RTVSPropertyOp34
 70
     0
102
RTVSPropertyOp35
 70
     0
102
RTVSPropertyOp36
 70
     0
102
RTVSPropertyOp37
 70
     0
102
RTVSPropertyOp38
 70
     0
102
RTVSPropertyOp39
 70
     0
102
RTVSPropertyOp40
 70
     0
102
RTVSPropertyOp41
 70
     0
102
RTVSPropertyOp42
 70
     0
102
RTVSPropertyOp43
 70
     0
102
RTVSPropertyOp44
 70
     0
102
RTVSPropertyOp45
 70
     0
102
RTVSPropertyOp46
 70
     0
102
RTVSPropertyOp47
 70
     0
102
RTVSPropertyOp48
 70
     0
102
RTVSPropertyOp49
 70
     0
102
RTVSPropertyOp50
 70
     0
102
RTVSPropertyOp51
 70
     0
102
RTVSPropertyOp52
 70
     0
102
RTVSPropertyOp53
 70
     0
102
RTVSPropertyOp54
 70
     0
102
RTVSPropertyOp55
 70
     0
102
RTVSPropertyOp56
 70
     0
102
RTVSPropertyOp57
 70
     0
102
RTVSPost2010Prop28
280
     0
102
RTVSPost2010PropOp28
 70
     0
102
RTVSPost2010Prop29
280
     1
102
RTVSPost2010PropOp29
 70
     0
102
RTVSPost2010Prop30
280
     1
102
RTVSPost2010PropOp30
 70
     0
102
RTVSPost2010Prop31
280
     0
102
RTVSPost2010PropOp31
 70
     0
102
RTVSPost2010Prop32
280
     0
102
RTVSPost2010PropOp32
 70
     0
102
RTVSPost2010Prop33
280
     0
102
RTVSPost2010PropOp33
 70
     0
102
RTVSPost2010Prop34
280
     0
102
RTVSPost2010PropOp34
 70
     0
102
RTVSPost2010Prop35
280
     0
102
RTVSPost2010PropOp35
 70
     0
102
RTVSPost2010Prop36
280
     0
102
RTVSPost2010PropOp36
 70
     0
102
RTVSPost2010Prop37
 90
       50
102
RTVSPost2010PropOp37
 70
     0
102
RTVSPost2010Prop38
140
0.0
102
RTVSPost2010PropOp38
 70
     0
102
RTVSPost2010Prop39
140
1.0
102
RTVSPost2010PropOp39
 70
     0
102
RTVSPost2010Prop40
 90
        0
102
RTVSPost2010PropOp40
 70
     0
102
RTVSPost2010Prop41ColorIndex
 90
       18
102
RTVSPost2010Prop41ColorRGB
 90
        0
102
RTVSPost2010PropOp41
 70
     0
102
RTVSPost2010Prop42
 90
       50
102
RTVSPost2010PropOp42
 70
     0
102
RTVSPost2010Prop43
 90
        3
102
RTVSPost2010PropOp43
 70
     0
102
RTVSPost2010Prop44ColorIndex
 90
        5
102
RTVSPost2010Prop44ColorRGB
 90
      255
102
RTVSPost2010PropOp44
 70
     0
102
RTVSPost2010Prop45
280
     0
102
RTVSPost2010PropOp45
 70
     0
102
RTVSPost2010Prop46
 90
       50
102
RTVSPost2010PropOp46
 70
     0
102
RTVSPost2010Prop47
 90
       50
102
RTVSPost2010PropOp47
 70
     0
102
RTVSPost2010Prop48
 90
       50
102
RTVSPost2010PropOp48
 70
     0
102
RTVSPost2010Prop49
280
     0
102
RTVSPost2010PropOp49
 70
     0
102
RTVSPost2010Prop50
 90
       50
102
RTVSPost2010PropOp50
 70
     0
102
RTVSPost2010Prop51ColorIndex
 90
      256
102
RTVSPost2010Prop51ColorRGB
 90
-16777216
102
RTVSPost2010PropOp51
 70
     0
102
RTVSPost2010Prop52
140
1.0
102
RTVSPost2010PropOp52
 70
     0
102
RTVSPost2010Prop53
 90
        2
102
RTVSPost2010PropOp53
 70
     0
102
RTVSPost2010Prop54
  1
strokes_ogs.tif
102
RTVSPost2010PropOp54
 70
     0
102
RTVSPost2010Prop55
280
     0
102
RTVSPost2010PropOp55
 70
     0
102
RTVSPost2010Prop56
140
1.0
102
RTVSPost2010PropOp56
 70
     0
102
RTVSPost2010Prop57
140
1.0
102
RTVSPost2010PropOp57
 70
     0
  0
XRECORD
  5
42B
102
{ACAD_REACTORS
330
42A
102
}
330
42A
100
AcDbXrecord
280
     1
102
RTVSPropertyOp0
 70
     1
102
RTVSPropertyOp1
 70
     1
102
RTVSPropertyOp2
 70
     1
102
RTVSPropertyOp3
 70
     1
102
RTVSPropertyOp4
 70
     1
102
RTVSPropertyOp5
 70
     1
102
RTVSPropertyOp6
 70
     1
102
RTVSPropertyOp7
 70
     1
102
RTVSPropertyOp8
 70
     1
102
RTVSPropertyOp9
 70
     1
102
RTVSPropertyOp10
 70
     1
102
RTVSPropertyOp11
 70
     1
102
RTVSPropertyOp12
 70
     1
102
RTVSPropertyOp13
 70
     1
102
RTVSPropertyOp14
 70
     1
102
RTVSPropertyOp15
 70
     1
102
RTVSPropertyOp16
 70
     1
102
RTVSPropertyOp17
 70
     1
102
RTVSPropertyOp18
 70
     1
102
RTVSPropertyOp19
 70
     1
102
RTVSPropertyOp20
 70
     1
102
RTVSPropertyOp21
 70
     1
102
RTVSPropertyOp22
 70
     1
102
RTVSPropertyOp23
 70
     1
102
RTVSPropertyOp24
 70
     1
102
RTVSPropertyOp25
 70
     1
102
RTVSPropertyOp26
 70
     1
102
RTVSPropertyOp27
 70
     1
102
RTVSPropertyOp28
 70
     1
102
RTVSPropertyOp29
 70
     1
102
RTVSPropertyOp30
 70
     1
102
RTVSPropertyOp31
 70
     1
102
RTVSPropertyOp32
 70
     1
102
RTVSPropertyOp33
 70
     1
102
RTVSPropertyOp34
 70
     1
102
RTVSPropertyOp35
 70
     1
102
RTVSPropertyOp36
 70
     1
102
RTVSPropertyOp37
 70
     1
102
RTVSPropertyOp38
 70
     1
102
RTVSPropertyOp39
 70
     1
102
RTVSPropertyOp40
 70
     1
102
RTVSPropertyOp41
 70
     1
102
RTVSPropertyOp42
 70
     1
102
RTVSPropertyOp43
 70
     1
102
RTVSPropertyOp44
 70
     1
102
RTVSPropertyOp45
 70
     1
102
RTVSPropertyOp46
 70
     1
102
RTVSPropertyOp47
 70
     1
102
RTVSPropertyOp48
 70
     1
102
RTVSPropertyOp49
 70
     1
102
RTVSPropertyOp50
 70
     1
102
RTVSPropertyOp51
 70
     0
102
RTVSPropertyOp52
 70
     0
102
RTVSPropertyOp53
 70
     1
102
RTVSPropertyOp54
 70
     1
102
RTVSPropertyOp55
 70
     1
102
RTVSPropertyOp56
 70
     1
102
RTVSPropertyOp57
 70
     1
102
RTVSPost2010Prop28
280
     0
102
RTVSPost2010PropOp28
 70
     1
102
RTVSPost2010Prop29
280
     1
102
RTVSPost2010PropOp29
 70
     1
102
RTVSPost2010Prop30
280
     1
102
RTVSPost2010PropOp30
 70
     1
102
RTVSPost2010Prop31
280
     0
102
RTVSPost2010PropOp31
 70
     1
102
RTVSPost2010Prop32
280
     0
102
RTVSPost2010PropOp32
 70
     1
102
RTVSPost2010Prop33
280
     0
102
RTVSPost2010PropOp33
 70
     1
102
RTVSPost2010Prop34
280
     0
102
RTVSPost2010PropOp34
 70
     1
102
RTVSPost2010Prop35
280
     0
102
RTVSPost2010PropOp35
 70
     1
102
RTVSPost2010Prop36
280
     0
102
RTVSPost2010PropOp36
 70
     1
102
RTVSPost2010Prop37
 90
       50
102
RTVSPost2010PropOp37
 70
     1
102
RTVSPost2010Prop38
140
0.0
102
RTVSPost2010PropOp38
 70
     1
102
RTVSPost2010Prop39
140
1.0
102
RTVSPost2010PropOp39
 70
     1
102
RTVSPost2010Prop40
 90
        0
102
RTVSPost2010PropOp40
 70
     1
102
RTVSPost2010Prop41ColorIndex
 90
       18
102
RTVSPost2010Prop41ColorRGB
 90
        0
102
RTVSPost2010PropOp41
 70
     1
102
RTVSPost2010Prop42
 90
       50
102
RTVSPost2010PropOp42
 70
     1
102
RTVSPost2010Prop43
 90
        3
102
RTVSPost2010PropOp43
 70
     1
102
RTVSPost2010Prop44ColorIndex
 90
        5
102
RTVSPost2010Prop44ColorRGB
 90
      255
102
RTVSPost2010PropOp44
 70
     1
102
RTVSPost2010Prop45
280
     0
102
RTVSPost2010PropOp45
 70
     1
102
RTVSPost2010Prop46
 90
       50
102
RTVSPost2010PropOp46
 70
     1
102
RTVSPost2010Prop47
 90
       50
102
RTVSPost2010PropOp47
 70
     1
102
RTVSPost2010Prop48
 90
       50
102
RTVSPost2010PropOp48
 70
     1
102
RTVSPost2010Prop49
280
     0
102
RTVSPost2010PropOp49
 70
     1
102
RTVSPost2010Prop50
 90
       50
102
RTVSPost2010PropOp50
 70
     1
102
RTVSPost2010Prop51ColorIndex
 90
      256
102
RTVSPost2010Prop51ColorRGB
 90
-16777216
102
RTVSPost2010PropOp51
 70
     0
102
RTVSPost2010Prop52
140
1.0
102
RTVSPost2010PropOp52
 70
     0
102
RTVSPost2010Prop53
 90
        2
102
RTVSPost2010PropOp53
 70
     1
102
RTVSPost2010Prop54
  1
strokes_ogs.tif
102
RTVSPost2010PropOp54
 70
     1
102
RTVSPost2010Prop55
280
     0
102
RTVSPost2010PropOp55
 70
     1
102
RTVSPost2010Prop56
140
1.0
102
RTVSPost2010PropOp56
 70
     1
102
RTVSPost2010Prop57
140
1.0
102
RTVSPost2010PropOp57
 70
     1
  0
XRECORD
  5
433
102
{ACAD_REACTORS
330
432
102
}
330
432
100
AcDbXrecord
280
     1
102
RTVSPropertyOp0
 70
     0
102
RTVSPropertyOp1
 70
     0
102
RTVSPropertyOp2
 70
     0
102
RTVSPropertyOp3
 70
     0
102
RTVSPropertyOp4
 70
     0
102
RTVSPropertyOp5
 70
     0
102
RTVSPropertyOp6
 70
     0
102
RTVSPropertyOp7
 70
     0
102
RTVSPropertyOp8
 70
     0
102
RTVSPropertyOp9
 70
     0
102
RTVSPropertyOp10
 70
     0
102
RTVSPropertyOp11
 70
     0
102
RTVSPropertyOp12
 70
     0
102
RTVSPropertyOp13
 70
     0
102
RTVSPropertyOp14
 70
     2
102
RTVSPropertyOp15
 70
     0
102
RTVSPropertyOp16
 70
     0
102
RTVSPropertyOp17
 70
     0
102
RTVSPropertyOp18
 70
     0
102
RTVSPropertyOp19
 70
     0
102
RTVSPropertyOp20
 70
     0
102
RTVSPropertyOp21
 70
     0
102
RTVSPropertyOp22
 70
     0
102
RTVSPropertyOp23
 70
     0
102
RTVSPropertyOp24
 70
     0
102
RTVSPropertyOp25
 70
     0
102
RTVSPropertyOp26
 70
     0
102
RTVSPropertyOp27
 70
     0
102
RTVSPropertyOp28
 70
     0
102
RTVSPropertyOp29
 70
     0
102
RTVSPropertyOp30
 70
     0
102
RTVSPropertyOp31
 70
     0
102
RTVSPropertyOp32
 70
     0
102
RTVSPropertyOp33
 70
     0
102
RTVSPropertyOp34
 70
     0
102
RTVSPropertyOp35
 70
     0
102
RTVSPropertyOp36
 70
     0
102
RTVSPropertyOp37
 70
     0
102
RTVSPropertyOp38
 70
     0
102
RTVSPropertyOp39
 70
     0
102
RTVSPropertyOp40
 70
     0
102
RTVSPropertyOp41
 70
     0
102
RTVSPropertyOp42
 70
     0
102
RTVSPropertyOp43
 70
     0
102
RTVSPropertyOp44
 70
     0
102
RTVSPropertyOp45
 70
     0
102
RTVSPropertyOp46
 70
     0
102
RTVSPropertyOp47
 70
     0
102
RTVSPropertyOp48
 70
     0
102
RTVSPropertyOp49
 70
     0
102
RTVSPropertyOp50
 70
     0
102
RTVSPropertyOp51
 70
     0
102
RTVSPropertyOp52
 70
     0
102
RTVSPropertyOp53
 70
     0
102
RTVSPropertyOp54
 70
     0
102
RTVSPropertyOp55
 70
     0
102
RTVSPropertyOp56
 70
     0
102
RTVSPropertyOp57
 70
     0
102
RTVSPost2010Prop28
280
     0
102
RTVSPost2010PropOp28
 70
     0
102
RTVSPost2010Prop29
280
     1
102
RTVSPost2010PropOp29
 70
     0
102
RTVSPost2010Prop30
280
     1
102
RTVSPost2010PropOp30
 70
     0
102
RTVSPost2010Prop31
280
     0
102
RTVSPost2010PropOp31
 70
     0
102
RTVSPost2010Prop32
280
     0
102
RTVSPost2010PropOp32
 70
     0
102
RTVSPost2010Prop33
280
     0
102
RTVSPost2010PropOp33
 70
     0
102
RTVSPost2010Prop34
280
     0
102
RTVSPost2010PropOp34
 70
     0
102
RTVSPost2010Prop35
280
     0
102
RTVSPost2010PropOp35
 70
     0
102
RTVSPost2010Prop36
280
     0
102
RTVSPost2010PropOp36
 70
     0
102
RTVSPost2010Prop37
 90
       50
102
RTVSPost2010PropOp37
 70
     0
102
RTVSPost2010Prop38
140
0.0
102
RTVSPost2010PropOp38
 70
     0
102
RTVSPost2010Prop39
140
1.0
102
RTVSPost2010PropOp39
 70
     0
102
RTVSPost2010Prop40
 90
        0
102
RTVSPost2010PropOp40
 70
     0
102
RTVSPost2010Prop41ColorIndex
 90
       18
102
RTVSPost2010Prop41ColorRGB
 90
        0
102
RTVSPost2010PropOp41
 70
     0
102
RTVSPost2010Prop42
 90
       50
102
RTVSPost2010PropOp42
 70
     0
102
RTVSPost2010Prop43
 90
        3
102
RTVSPost2010PropOp43
 70
     0
102
RTVSPost2010Prop44ColorIndex
 90
        5
102
RTVSPost2010Prop44ColorRGB
 90
      255
102
RTVSPost2010PropOp44
 70
     0
102
RTVSPost2010Prop45
280
     0
102
RTVSPost2010PropOp45
 70
     0
102
RTVSPost2010Prop46
 90
       50
102
RTVSPost2010PropOp46
 70
     0
102
RTVSPost2010Prop47
 90
       50
102
RTVSPost2010PropOp47
 70
     0
102
RTVSPost2010Prop48
 90
       50
102
RTVSPost2010PropOp48
 70
     0
102
RTVSPost2010Prop49
280
     0
102
RTVSPost2010PropOp49
 70
     0
102
RTVSPost2010Prop50
 90
       50
102
RTVSPost2010PropOp50
 70
     0
102
RTVSPost2010Prop51ColorIndex
 90
      256
102
RTVSPost2010Prop51ColorRGB
 90
-16777216
102
RTVSPost2010PropOp51
 70
     0
102
RTVSPost2010Prop52
140
1.0
102
RTVSPost2010PropOp52
 70
     0
102
RTVSPost2010Prop53
 90
        2
102
RTVSPost2010PropOp53
 70
     0
102
RTVSPost2010Prop54
  1
strokes_ogs.tif
102
RTVSPost2010PropOp54
 70
     0
102
RTVSPost2010Prop55
280
     0
102
RTVSPost2010PropOp55
 70
     0
102
RTVSPost2010Prop56
140
1.0
102
RTVSPost2010PropOp56
 70
     0
102
RTVSPost2010Prop57
140
1.0
102
RTVSPost2010PropOp57
 70
     0
  0
XRECORD
  5
421
102
{ACAD_REACTORS
330
420
102
}
330
420
100
AcDbXrecord
280
     1
102
RTVSPropertyOp0
 70
     1
102
RTVSPropertyOp1
 70
     1
102
RTVSPropertyOp2
 70
     1
102
RTVSPropertyOp3
 70
     1
102
RTVSPropertyOp4
 70
     1
102
RTVSPropertyOp5
 70
     1
102
RTVSPropertyOp6
 70
     1
102
RTVSPropertyOp7
 70
     1
102
RTVSPropertyOp8
 70
     1
102
RTVSPropertyOp9
 70
     1
102
RTVSPropertyOp10
 70
     1
102
RTVSPropertyOp11
 70
     1
102
RTVSPropertyOp12
 70
     1
102
RTVSPropertyOp13
 70
     1
102
RTVSPropertyOp14
 70
     1
102
RTVSPropertyOp15
 70
     1
102
RTVSPropertyOp16
 70
     1
102
RTVSPropertyOp17
 70
     1
102
RTVSPropertyOp18
 70
     1
102
RTVSPropertyOp19
 70
     1
102
RTVSPropertyOp20
 70
     1
102
RTVSPropertyOp21
 70
     1
102
RTVSPropertyOp22
 70
     1
102
RTVSPropertyOp23
 70
     1
102
RTVSPropertyOp24
 70
     1
102
RTVSPropertyOp25
 70
     1
102
RTVSPropertyOp26
 70
     1
102
RTVSPropertyOp27
 70
     1
102
RTVSPropertyOp28
 70
     1
102
RTVSPropertyOp29
 70
     1
102
RTVSPropertyOp30
 70
     1
102
RTVSPropertyOp31
 70
     1
102
RTVSPropertyOp32
 70
     1
102
RTVSPropertyOp33
 70
     1
102
RTVSPropertyOp34
 70
     1
102
RTVSPropertyOp35
 70
     1
102
RTVSPropertyOp36
 70
     1
102
RTVSPropertyOp37
 70
     1
102
RTVSPropertyOp38
 70
     1
102
RTVSPropertyOp39
 70
     1
102
RTVSPropertyOp40
 70
     1
102
RTVSPropertyOp41
 70
     1
102
RTVSPropertyOp42
 70
     1
102
RTVSPropertyOp43
 70
     1
102
RTVSPropertyOp44
 70
     1
102
RTVSPropertyOp45
 70
     1
102
RTVSPropertyOp46
 70
     1
102
RTVSPropertyOp47
 70
     1
102
RTVSPropertyOp48
 70
     1
102
RTVSPropertyOp49
 70
     1
102
RTVSPropertyOp50
 70
     1
102
RTVSPropertyOp51
 70
     0
102
RTVSPropertyOp52
 70
     0
102
RTVSPropertyOp53
 70
     1
102
RTVSPropertyOp54
 70
     1
102
RTVSPropertyOp55
 70
     1
102
RTVSPropertyOp56
 70
     1
102
RTVSPropertyOp57
 70
     1
102
RTVSPost2010Prop28
280
     0
102
RTVSPost2010PropOp28
 70
     1
102
RTVSPost2010Prop29
280
     1
102
RTVSPost2010PropOp29
 70
     1
102
RTVSPost2010Prop30
280
     1
102
RTVSPost2010PropOp30
 70
     1
102
RTVSPost2010Prop31
280
     0
102
RTVSPost2010PropOp31
 70
     1
102
RTVSPost2010Prop32
280
     0
102
RTVSPost2010PropOp32
 70
     1
102
RTVSPost2010Prop33
280
     0
102
RTVSPost2010PropOp33
 70
     1
102
RTVSPost2010Prop34
280
     0
102
RTVSPost2010PropOp34
 70
     1
102
RTVSPost2010Prop35
280
     0
102
RTVSPost2010PropOp35
 70
     1
102
RTVSPost2010Prop36
280
     0
102
RTVSPost2010PropOp36
 70
     1
102
RTVSPost2010Prop37
 90
       50
102
RTVSPost2010PropOp37
 70
     1
102
RTVSPost2010Prop38
140
0.0
102
RTVSPost2010PropOp38
 70
     1
102
RTVSPost2010Prop39
140
1.0
102
RTVSPost2010PropOp39
 70
     1
102
RTVSPost2010Prop40
 90
        0
102
RTVSPost2010PropOp40
 70
     1
102
RTVSPost2010Prop41ColorIndex
 90
       18
102
RTVSPost2010Prop41ColorRGB
 90
        0
102
RTVSPost2010PropOp41
 70
     1
102
RTVSPost2010Prop42
 90
       50
102
RTVSPost2010PropOp42
 70
     1
102
RTVSPost2010Prop43
 90
        3
102
RTVSPost2010PropOp43
 70
     1
102
RTVSPost2010Prop44ColorIndex
 90
        5
102
RTVSPost2010Prop44ColorRGB
 90
      255
102
RTVSPost2010PropOp44
 70
     1
102
RTVSPost2010Prop45
280
     0
102
RTVSPost2010PropOp45
 70
     1
102
RTVSPost2010Prop46
 90
       50
102
RTVSPost2010PropOp46
 70
     1
102
RTVSPost2010Prop47
 90
       50
102
RTVSPost2010PropOp47
 70
     1
102
RTVSPost2010Prop48
 90
       50
102
RTVSPost2010PropOp48
 70
     1
102
RTVSPost2010Prop49
280
     0
102
RTVSPost2010PropOp49
 70
     1
102
RTVSPost2010Prop50
 90
       50
102
RTVSPost2010PropOp50
 70
     1
102
RTVSPost2010Prop51ColorIndex
 90
      256
102
RTVSPost2010Prop51ColorRGB
 90
-16777216
102
RTVSPost2010PropOp51
 70
     0
102
RTVSPost2010Prop52
140
1.0
102
RTVSPost2010PropOp52
 70
     0
102
RTVSPost2010Prop53
 90
        2
102
RTVSPost2010PropOp53
 70
     1
102
RTVSPost2010Prop54
  1
strokes_ogs.tif
102
RTVSPost2010PropOp54
 70
     1
102
RTVSPost2010Prop55
280
     0
102
RTVSPost2010PropOp55
 70
     1
102
RTVSPost2010Prop56
140
1.0
102
RTVSPost2010PropOp56
 70
     1
102
RTVSPost2010Prop57
140
1.0
102
RTVSPost2010PropOp57
 70
     1
  0
XRECORD
  5
43F
102
{ACAD_REACTORS
330
43E
102
}
330
43E
100
AcDbXrecord
280
     1
102
RTVSPropertyOp0
 70
     1
102
RTVSPropertyOp1
 70
     1
102
RTVSPropertyOp2
 70
     1
102
RTVSPropertyOp3
 70
     1
102
RTVSPropertyOp4
 70
     1
102
RTVSPropertyOp5
 70
     1
102
RTVSPropertyOp6
 70
     1
102
RTVSPropertyOp7
 70
     1
102
RTVSPropertyOp8
 70
     1
102
RTVSPropertyOp9
 70
     1
102
RTVSPropertyOp10
 70
     1
102
RTVSPropertyOp11
 70
     1
102
RTVSPropertyOp12
 70
     1
102
RTVSPropertyOp13
 70
     1
102
RTVSPropertyOp14
 70
     1
102
RTVSPropertyOp15
 70
     1
102
RTVSPropertyOp16
 70
     1
102
RTVSPropertyOp17
 70
     1
102
RTVSPropertyOp18
 70
     1
102
RTVSPropertyOp19
 70
     1
102
RTVSPropertyOp20
 70
     1
102
RTVSPropertyOp21
 70
     1
102
RTVSPropertyOp22
 70
     1
102
RTVSPropertyOp23
 70
     1
102
RTVSPropertyOp24
 70
     1
102
RTVSPropertyOp25
 70
     1
102
RTVSPropertyOp26
 70
     1
102
RTVSPropertyOp27
 70
     1
102
RTVSPropertyOp28
 70
     1
102
RTVSPropertyOp29
 70
     1
102
RTVSPropertyOp30
 70
     1
102
RTVSPropertyOp31
 70
     1
102
RTVSPropertyOp32
 70
     1
102
RTVSPropertyOp33
 70
     1
102
RTVSPropertyOp34
 70
     1
102
RTVSPropertyOp35
 70
     1
102
RTVSPropertyOp36
 70
     1
102
RTVSPropertyOp37
 70
     1
102
RTVSPropertyOp38
 70
     1
102
RTVSPropertyOp39
 70
     1
102
RTVSPropertyOp40
 70
     1
102
RTVSPropertyOp41
 70
     1
102
RTVSPropertyOp42
 70
     1
102
RTVSPropertyOp43
 70
     1
102
RTVSPropertyOp44
 70
     1
102
RTVSPropertyOp45
 70
     1
102
RTVSPropertyOp46
 70
     1
102
RTVSPropertyOp47
 70
     1
102
RTVSPropertyOp48
 70
     1
102
RTVSPropertyOp49
 70
     1
102
RTVSPropertyOp50
 70
     1
102
RTVSPropertyOp51
 70
     0
102
RTVSPropertyOp52
 70
     0
102
RTVSPropertyOp53
 70
     1
102
RTVSPropertyOp54
 70
     1
102
RTVSPropertyOp55
 70
     1
102
RTVSPropertyOp56
 70
     1
102
RTVSPropertyOp57
 70
     1
102
RTVSPost2010Prop28
280
     0
102
RTVSPost2010PropOp28
 70
     1
102
RTVSPost2010Prop29
280
     1
102
RTVSPost2010PropOp29
 70
     1
102
RTVSPost2010Prop30
280
     1
102
RTVSPost2010PropOp30
 70
     1
102
RTVSPost2010Prop31
280
     0
102
RTVSPost2010PropOp31
 70
     1
102
RTVSPost2010Prop32
280
     0
102
RTVSPost2010PropOp32
 70
     1
102
RTVSPost2010Prop33
280
     0
102
RTVSPost2010PropOp33
 70
     1
102
RTVSPost2010Prop34
280
     0
102
RTVSPost2010PropOp34
 70
     1
102
RTVSPost2010Prop35
280
     0
102
RTVSPost2010PropOp35
 70
     1
102
RTVSPost2010Prop36
280
     0
102
RTVSPost2010PropOp36
 70
     1
102
RTVSPost2010Prop37
 90
       50
102
RTVSPost2010PropOp37
 70
     1
102
RTVSPost2010Prop38
140
0.0
102
RTVSPost2010PropOp38
 70
     1
102
RTVSPost2010Prop39
140
1.0
102
RTVSPost2010PropOp39
 70
     1
102
RTVSPost2010Prop40
 90
        0
102
RTVSPost2010PropOp40
 70
     1
102
RTVSPost2010Prop41ColorIndex
 90
       18
102
RTVSPost2010Prop41ColorRGB
 90
        0
102
RTVSPost2010PropOp41
 70
     1
102
RTVSPost2010Prop42
 90
       50
102
RTVSPost2010PropOp42
 70
     1
102
RTVSPost2010Prop43
 90
        3
102
RTVSPost2010PropOp43
 70
     1
102
RTVSPost2010Prop44ColorIndex
 90
        5
102
RTVSPost2010Prop44ColorRGB
 90
      255
102
RTVSPost2010PropOp44
 70
     1
102
RTVSPost2010Prop45
280
     0
102
RTVSPost2010PropOp45
 70
     1
102
RTVSPost2010Prop46
 90
       50
102
RTVSPost2010PropOp46
 70
     1
102
RTVSPost2010Prop47
 90
       50
102
RTVSPost2010PropOp47
 70
     1
102
RTVSPost2010Prop48
 90
       50
102
RTVSPost2010PropOp48
 70
     1
102
RTVSPost2010Prop49
280
     0
102
RTVSPost2010PropOp49
 70
     1
102
RTVSPost2010Prop50
 90
       50
102
RTVSPost2010PropOp50
 70
     1
102
RTVSPost2010Prop51ColorIndex
 90
      256
102
RTVSPost2010Prop51ColorRGB
 90
-16777216
102
RTVSPost2010PropOp51
 70
     0
102
RTVSPost2010Prop52
140
1.0
102
RTVSPost2010PropOp52
 70
     0
102
RTVSPost2010Prop53
 90
        2
102
RTVSPost2010PropOp53
 70
     1
102
RTVSPost2010Prop54
  1
strokes_ogs.tif
102
RTVSPost2010PropOp54
 70
     1
102
RTVSPost2010Prop55
280
     0
102
RTVSPost2010PropOp55
 70
     1
102
RTVSPost2010Prop56
140
1.0
102
RTVSPost2010PropOp56
 70
     1
102
RTVSPost2010Prop57
140
1.0
102
RTVSPost2010PropOp57
 70
     1
  0
XRECORD
  5
43D
102
{ACAD_REACTORS
330
43C
102
}
330
43C
100
AcDbXrecord
280
     1
102
RTVSPropertyOp0
 70
     1
102
RTVSPropertyOp1
 70
     1
102
RTVSPropertyOp2
 70
     1
102
RTVSPropertyOp3
 70
     1
102
RTVSPropertyOp4
 70
     1
102
RTVSPropertyOp5
 70
     1
102
RTVSPropertyOp6
 70
     1
102
RTVSPropertyOp7
 70
     1
102
RTVSPropertyOp8
 70
     1
102
RTVSPropertyOp9
 70
     1
102
RTVSPropertyOp10
 70
     1
102
RTVSPropertyOp11
 70
     1
102
RTVSPropertyOp12
 70
     1
102
RTVSPropertyOp13
 70
     1
102
RTVSPropertyOp14
 70
     1
102
RTVSPropertyOp15
 70
     1
102
RTVSPropertyOp16
 70
     1
102
RTVSPropertyOp17
 70
     1
102
RTVSPropertyOp18
 70
     1
102
RTVSPropertyOp19
 70
     1
102
RTVSPropertyOp20
 70
     1
102
RTVSPropertyOp21
 70
     1
102
RTVSPropertyOp22
 70
     1
102
RTVSPropertyOp23
 70
     1
102
RTVSPropertyOp24
 70
     1
102
RTVSPropertyOp25
 70
     1
102
RTVSPropertyOp26
 70
     1
102
RTVSPropertyOp27
 70
     1
102
RTVSPropertyOp28
 70
     1
102
RTVSPropertyOp29
 70
     1
102
RTVSPropertyOp30
 70
     1
102
RTVSPropertyOp31
 70
     1
102
RTVSPropertyOp32
 70
     1
102
RTVSPropertyOp33
 70
     1
102
RTVSPropertyOp34
 70
     1
102
RTVSPropertyOp35
 70
     1
102
RTVSPropertyOp36
 70
     1
102
RTVSPropertyOp37
 70
     1
102
RTVSPropertyOp38
 70
     1
102
RTVSPropertyOp39
 70
     1
102
RTVSPropertyOp40
 70
     1
102
RTVSPropertyOp41
 70
     1
102
RTVSPropertyOp42
 70
     1
102
RTVSPropertyOp43
 70
     1
102
RTVSPropertyOp44
 70
     1
102
RTVSPropertyOp45
 70
     1
102
RTVSPropertyOp46
 70
     1
102
RTVSPropertyOp47
 70
     1
102
RTVSPropertyOp48
 70
     1
102
RTVSPropertyOp49
 70
     1
102
RTVSPropertyOp50
 70
     1
102
RTVSPropertyOp51
 70
     0
102
RTVSPropertyOp52
 70
     0
102
RTVSPropertyOp53
 70
     1
102
RTVSPropertyOp54
 70
     1
102
RTVSPropertyOp55
 70
     1
102
RTVSPropertyOp56
 70
     1
102
RTVSPropertyOp57
 70
     1
102
RTVSPost2010Prop28
280
     0
102
RTVSPost2010PropOp28
 70
     1
102
RTVSPost2010Prop29
280
     1
102
RTVSPost2010PropOp29
 70
     1
102
RTVSPost2010Prop30
280
     1
102
RTVSPost2010PropOp30
 70
     1
102
RTVSPost2010Prop31
280
     0
102
RTVSPost2010PropOp31
 70
     1
102
RTVSPost2010Prop32
280
     0
102
RTVSPost2010PropOp32
 70
     1
102
RTVSPost2010Prop33
280
     0
102
RTVSPost2010PropOp33
 70
     1
102
RTVSPost2010Prop34
280
     0
102
RTVSPost2010PropOp34
 70
     1
102
RTVSPost2010Prop35
280
     0
102
RTVSPost2010PropOp35
 70
     1
102
RTVSPost2010Prop36
280
     0
102
RTVSPost2010PropOp36
 70
     1
102
RTVSPost2010Prop37
 90
       50
102
RTVSPost2010PropOp37
 70
     1
102
RTVSPost2010Prop38
140
0.0
102
RTVSPost2010PropOp38
 70
     1
102
RTVSPost2010Prop39
140
1.0
102
RTVSPost2010PropOp39
 70
     1
102
RTVSPost2010Prop40
 90
        0
102
RTVSPost2010PropOp40
 70
     1
102
RTVSPost2010Prop41ColorIndex
 90
       18
102
RTVSPost2010Prop41ColorRGB
 90
        0
102
RTVSPost2010PropOp41
 70
     1
102
RTVSPost2010Prop42
 90
       50
102
RTVSPost2010PropOp42
 70
     1
102
RTVSPost2010Prop43
 90
        3
102
RTVSPost2010PropOp43
 70
     1
102
RTVSPost2010Prop44ColorIndex
 90
        5
102
RTVSPost2010Prop44ColorRGB
 90
      255
102
RTVSPost2010PropOp44
 70
     1
102
RTVSPost2010Prop45
280
     0
102
RTVSPost2010PropOp45
 70
     1
102
RTVSPost2010Prop46
 90
       50
102
RTVSPost2010PropOp46
 70
     1
102
RTVSPost2010Prop47
 90
       50
102
RTVSPost2010PropOp47
 70
     1
102
RTVSPost2010Prop48
 90
       50
102
RTVSPost2010PropOp48
 70
     1
102
RTVSPost2010Prop49
280
     0
102
RTVSPost2010PropOp49
 70
     1
102
RTVSPost2010Prop50
 90
       50
102
RTVSPost2010PropOp50
 70
     1
102
RTVSPost2010Prop51ColorIndex
 90
      256
102
RTVSPost2010Prop51ColorRGB
 90
-16777216
102
RTVSPost2010PropOp51
 70
     0
102
RTVSPost2010Prop52
140
1.0
102
RTVSPost2010PropOp52
 70
     0
102
RTVSPost2010Prop53
 90
        2
102
RTVSPost2010PropOp53
 70
     1
102
RTVSPost2010Prop54
  1
strokes_ogs.tif
102
RTVSPost2010PropOp54
 70
     1
102
RTVSPost2010Prop55
280
     0
102
RTVSPost2010PropOp55
 70
     1
102
RTVSPost2010Prop56
140
1.0
102
RTVSPost2010PropOp56
 70
     1
102
RTVSPost2010Prop57
140
1.0
102
RTVSPost2010PropOp57
 70
     1
  0
XRECORD
  5
437
102
{ACAD_REACTORS
330
436
102
}
330
436
100
AcDbXrecord
280
     1
102
RTVSPropertyOp0
 70
     1
102
RTVSPropertyOp1
 70
     1
102
RTVSPropertyOp2
 70
     1
102
RTVSPropertyOp3
 70
     1
102
RTVSPropertyOp4
 70
     1
102
RTVSPropertyOp5
 70
     1
102
RTVSPropertyOp6
 70
     1
102
RTVSPropertyOp7
 70
     1
102
RTVSPropertyOp8
 70
     1
102
RTVSPropertyOp9
 70
     1
102
RTVSPropertyOp10
 70
     1
102
RTVSPropertyOp11
 70
     1
102
RTVSPropertyOp12
 70
     1
102
RTVSPropertyOp13
 70
     1
102
RTVSPropertyOp14
 70
     1
102
RTVSPropertyOp15
 70
     1
102
RTVSPropertyOp16
 70
     1
102
RTVSPropertyOp17
 70
     1
102
RTVSPropertyOp18
 70
     1
102
RTVSPropertyOp19
 70
     1
102
RTVSPropertyOp20
 70
     1
102
RTVSPropertyOp21
 70
     1
102
RTVSPropertyOp22
 70
     1
102
RTVSPropertyOp23
 70
     1
102
RTVSPropertyOp24
 70
     1
102
RTVSPropertyOp25
 70
     1
102
RTVSPropertyOp26
 70
     1
102
RTVSPropertyOp27
 70
     1
102
RTVSPropertyOp28
 70
     1
102
RTVSPropertyOp29
 70
     1
102
RTVSPropertyOp30
 70
     1
102
RTVSPropertyOp31
 70
     1
102
RTVSPropertyOp32
 70
     1
102
RTVSPropertyOp33
 70
     1
102
RTVSPropertyOp34
 70
     1
102
RTVSPropertyOp35
 70
     1
102
RTVSPropertyOp36
 70
     1
102
RTVSPropertyOp37
 70
     1
102
RTVSPropertyOp38
 70
     1
102
RTVSPropertyOp39
 70
     1
102
RTVSPropertyOp40
 70
     1
102
RTVSPropertyOp41
 70
     1
102
RTVSPropertyOp42
 70
     1
102
RTVSPropertyOp43
 70
     1
102
RTVSPropertyOp44
 70
     1
102
RTVSPropertyOp45
 70
     1
102
RTVSPropertyOp46
 70
     1
102
RTVSPropertyOp47
 70
     1
102
RTVSPropertyOp48
 70
     1
102
RTVSPropertyOp49
 70
     1
102
RTVSPropertyOp50
 70
     1
102
RTVSPropertyOp51
 70
     0
102
RTVSPropertyOp52
 70
     0
102
RTVSPropertyOp53
 70
     1
102
RTVSPropertyOp54
 70
     1
102
RTVSPropertyOp55
 70
     1
102
RTVSPropertyOp56
 70
     1
102
RTVSPropertyOp57
 70
     1
102
RTVSPost2010Prop28
280
     0
102
RTVSPost2010PropOp28
 70
     1
102
RTVSPost2010Prop29
280
     1
102
RTVSPost2010PropOp29
 70
     1
102
RTVSPost2010Prop30
280
     1
102
RTVSPost2010PropOp30
 70
     1
102
RTVSPost2010Prop31
280
     0
102
RTVSPost2010PropOp31
 70
     1
102
RTVSPost2010Prop32
280
     0
102
RTVSPost2010PropOp32
 70
     1
102
RTVSPost2010Prop33
280
     0
102
RTVSPost2010PropOp33
 70
     1
102
RTVSPost2010Prop34
280
     0
102
RTVSPost2010PropOp34
 70
     1
102
RTVSPost2010Prop35
280
     0
102
RTVSPost2010PropOp35
 70
     1
102
RTVSPost2010Prop36
280
     0
102
RTVSPost2010PropOp36
 70
     1
102
RTVSPost2010Prop37
 90
       50
102
RTVSPost2010PropOp37
 70
     1
102
RTVSPost2010Prop38
140
0.0
102
RTVSPost2010PropOp38
 70
     1
102
RTVSPost2010Prop39
140
1.0
102
RTVSPost2010PropOp39
 70
     1
102
RTVSPost2010Prop40
 90
        0
102
RTVSPost2010PropOp40
 70
     1
102
RTVSPost2010Prop41ColorIndex
 90
       18
102
RTVSPost2010Prop41ColorRGB
 90
        0
102
RTVSPost2010PropOp41
 70
     1
102
RTVSPost2010Prop42
 90
       50
102
RTVSPost2010PropOp42
 70
     1
102
RTVSPost2010Prop43
 90
        3
102
RTVSPost2010PropOp43
 70
     1
102
RTVSPost2010Prop44ColorIndex
 90
        5
102
RTVSPost2010Prop44ColorRGB
 90
      255
102
RTVSPost2010PropOp44
 70
     1
102
RTVSPost2010Prop45
280
     0
102
RTVSPost2010PropOp45
 70
     1
102
RTVSPost2010Prop46
 90
       50
102
RTVSPost2010PropOp46
 70
     1
102
RTVSPost2010Prop47
 90
       50
102
RTVSPost2010PropOp47
 70
     1
102
RTVSPost2010Prop48
 90
       50
102
RTVSPost2010PropOp48
 70
     1
102
RTVSPost2010Prop49
280
     0
102
RTVSPost2010PropOp49
 70
     1
102
RTVSPost2010Prop50
 90
       50
102
RTVSPost2010PropOp50
 70
     1
102
RTVSPost2010Prop51ColorIndex
 90
      256
102
RTVSPost2010Prop51ColorRGB
 90
-16777216
102
RTVSPost2010PropOp51
 70
     0
102
RTVSPost2010Prop52
140
1.0
102
RTVSPost2010PropOp52
 70
     0
102
RTVSPost2010Prop53
 90
        2
102
RTVSPost2010PropOp53
 70
     1
102
RTVSPost2010Prop54
  1
strokes_ogs.tif
102
RTVSPost2010PropOp54
 70
     1
102
RTVSPost2010Prop55
280
     0
102
RTVSPost2010PropOp55
 70
     1
102
RTVSPost2010Prop56
140
1.0
102
RTVSPost2010PropOp56
 70
     1
102
RTVSPost2010Prop57
140
1.0
102
RTVSPost2010PropOp57
 70
     1
  0
XRECORD
  5
439
102
{ACAD_REACTORS
330
438
102
}
330
438
100
AcDbXrecord
280
     1
102
RTVSPropertyOp0
 70
     1
102
RTVSPropertyOp1
 70
     1
102
RTVSPropertyOp2
 70
     1
102
RTVSPropertyOp3
 70
     1
102
RTVSPropertyOp4
 70
     1
102
RTVSPropertyOp5
 70
     1
102
RTVSPropertyOp6
 70
     1
102
RTVSPropertyOp7
 70
     1
102
RTVSPropertyOp8
 70
     1
102
RTVSPropertyOp9
 70
     1
102
RTVSPropertyOp10
 70
     1
102
RTVSPropertyOp11
 70
     1
102
RTVSPropertyOp12
 70
     1
102
RTVSPropertyOp13
 70
     1
102
RTVSPropertyOp14
 70
     1
102
RTVSPropertyOp15
 70
     1
102
RTVSPropertyOp16
 70
     1
102
RTVSPropertyOp17
 70
     1
102
RTVSPropertyOp18
 70
     1
102
RTVSPropertyOp19
 70
     1
102
RTVSPropertyOp20
 70
     1
102
RTVSPropertyOp21
 70
     1
102
RTVSPropertyOp22
 70
     1
102
RTVSPropertyOp23
 70
     1
102
RTVSPropertyOp24
 70
     1
102
RTVSPropertyOp25
 70
     1
102
RTVSPropertyOp26
 70
     1
102
RTVSPropertyOp27
 70
     1
102
RTVSPropertyOp28
 70
     1
102
RTVSPropertyOp29
 70
     1
102
RTVSPropertyOp30
 70
     1
102
RTVSPropertyOp31
 70
     1
102
RTVSPropertyOp32
 70
     1
102
RTVSPropertyOp33
 70
     1
102
RTVSPropertyOp34
 70
     1
102
RTVSPropertyOp35
 70
     1
102
RTVSPropertyOp36
 70
     1
102
RTVSPropertyOp37
 70
     1
102
RTVSPropertyOp38
 70
     1
102
RTVSPropertyOp39
 70
     1
102
RTVSPropertyOp40
 70
     1
102
RTVSPropertyOp41
 70
     1
102
RTVSPropertyOp42
 70
     1
102
RTVSPropertyOp43
 70
     1
102
RTVSPropertyOp44
 70
     1
102
RTVSPropertyOp45
 70
     1
102
RTVSPropertyOp46
 70
     1
102
RTVSPropertyOp47
 70
     1
102
RTVSPropertyOp48
 70
     1
102
RTVSPropertyOp49
 70
     1
102
RTVSPropertyOp50
 70
     1
102
RTVSPropertyOp51
 70
     0
102
RTVSPropertyOp52
 70
     0
102
RTVSPropertyOp53
 70
     1
102
RTVSPropertyOp54
 70
     1
102
RTVSPropertyOp55
 70
     1
102
RTVSPropertyOp56
 70
     1
102
RTVSPropertyOp57
 70
     1
102
RTVSPost2010Prop28
280
     0
102
RTVSPost2010PropOp28
 70
     1
102
RTVSPost2010Prop29
280
     1
102
RTVSPost2010PropOp29
 70
     1
102
RTVSPost2010Prop30
280
     1
102
RTVSPost2010PropOp30
 70
     1
102
RTVSPost2010Prop31
280
     0
102
RTVSPost2010PropOp31
 70
     1
102
RTVSPost2010Prop32
280
     0
102
RTVSPost2010PropOp32
 70
     1
102
RTVSPost2010Prop33
280
     0
102
RTVSPost2010PropOp33
 70
     1
102
RTVSPost2010Prop34
280
     0
102
RTVSPost2010PropOp34
 70
     1
102
RTVSPost2010Prop35
280
     0
102
RTVSPost2010PropOp35
 70
     1
102
RTVSPost2010Prop36
280
     0
102
RTVSPost2010PropOp36
 70
     1
102
RTVSPost2010Prop37
 90
       50
102
RTVSPost2010PropOp37
 70
     1
102
RTVSPost2010Prop38
140
0.0
102
RTVSPost2010PropOp38
 70
     1
102
RTVSPost2010Prop39
140
1.0
102
RTVSPost2010PropOp39
 70
     1
102
RTVSPost2010Prop40
 90
        0
102
RTVSPost2010PropOp40
 70
     1
102
RTVSPost2010Prop41ColorIndex
 90
       18
102
RTVSPost2010Prop41ColorRGB
 90
        0
102
RTVSPost2010PropOp41
 70
     1
102
RTVSPost2010Prop42
 90
       50
102
RTVSPost2010PropOp42
 70
     1
102
RTVSPost2010Prop43
 90
        3
102
RTVSPost2010PropOp43
 70
     1
102
RTVSPost2010Prop44ColorIndex
 90
        5
102
RTVSPost2010Prop44ColorRGB
 90
      255
102
RTVSPost2010PropOp44
 70
     1
102
RTVSPost2010Prop45
280
     0
102
RTVSPost2010PropOp45
 70
     1
102
RTVSPost2010Prop46
 90
       50
102
RTVSPost2010PropOp46
 70
     1
102
RTVSPost2010Prop47
 90
       50
102
RTVSPost2010PropOp47
 70
     1
102
RTVSPost2010Prop48
 90
       50
102
RTVSPost2010PropOp48
 70
     1
102
RTVSPost2010Prop49
280
     0
102
RTVSPost2010PropOp49
 70
     1
102
RTVSPost2010Prop50
 90
       50
102
RTVSPost2010PropOp50
 70
     1
102
RTVSPost2010Prop51ColorIndex
 90
      256
102
RTVSPost2010Prop51ColorRGB
 90
-16777216
102
RTVSPost2010PropOp51
 70
     0
102
RTVSPost2010Prop52
140
1.0
102
RTVSPost2010PropOp52
 70
     0
102
RTVSPost2010Prop53
 90
        2
102
RTVSPost2010PropOp53
 70
     1
102
RTVSPost2010Prop54
  1
strokes_ogs.tif
102
RTVSPost2010PropOp54
 70
     1
102
RTVSPost2010Prop55
280
     0
102
RTVSPost2010PropOp55
 70
     1
102
RTVSPost2010Prop56
140
1.0
102
RTVSPost2010PropOp56
 70
     1
102
RTVSPost2010Prop57
140
1.0
102
RTVSPost2010PropOp57
 70
     1
  0
XRECORD
  5
429
102
{ACAD_REACTORS
330
428
102
}
330
428
100
AcDbXrecord
280
     1
102
RTVSPropertyOp0
 70
     1
102
RTVSPropertyOp1
 70
     1
102
RTVSPropertyOp2
 70
     1
102
RTVSPropertyOp3
 70
     1
102
RTVSPropertyOp4
 70
     1
102
RTVSPropertyOp5
 70
     1
102
RTVSPropertyOp6
 70
     1
102
RTVSPropertyOp7
 70
     1
102
RTVSPropertyOp8
 70
     1
102
RTVSPropertyOp9
 70
     1
102
RTVSPropertyOp10
 70
     1
102
RTVSPropertyOp11
 70
     1
102
RTVSPropertyOp12
 70
     1
102
RTVSPropertyOp13
 70
     1
102
RTVSPropertyOp14
 70
     1
102
RTVSPropertyOp15
 70
     1
102
RTVSPropertyOp16
 70
     1
102
RTVSPropertyOp17
 70
     1
102
RTVSPropertyOp18
 70
     1
102
RTVSPropertyOp19
 70
     1
102
RTVSPropertyOp20
 70
     1
102
RTVSPropertyOp21
 70
     1
102
RTVSPropertyOp22
 70
     1
102
RTVSPropertyOp23
 70
     1
102
RTVSPropertyOp24
 70
     1
102
RTVSPropertyOp25
 70
     1
102
RTVSPropertyOp26
 70
     1
102
RTVSPropertyOp27
 70
     1
102
RTVSPropertyOp28
 70
     1
102
RTVSPropertyOp29
 70
     1
102
RTVSPropertyOp30
 70
     1
102
RTVSPropertyOp31
 70
     1
102
RTVSPropertyOp32
 70
     1
102
RTVSPropertyOp33
 70
     1
102
RTVSPropertyOp34
 70
     1
102
RTVSPropertyOp35
 70
     1
102
RTVSPropertyOp36
 70
     1
102
RTVSPropertyOp37
 70
     1
102
RTVSPropertyOp38
 70
     1
102
RTVSPropertyOp39
 70
     1
102
RTVSPropertyOp40
 70
     1
102
RTVSPropertyOp41
 70
     1
102
RTVSPropertyOp42
 70
     1
102
RTVSPropertyOp43
 70
     1
102
RTVSPropertyOp44
 70
     1
102
RTVSPropertyOp45
 70
     1
102
RTVSPropertyOp46
 70
     1
102
RTVSPropertyOp47
 70
     1
102
RTVSPropertyOp48
 70
     1
102
RTVSPropertyOp49
 70
     1
102
RTVSPropertyOp50
 70
     1
102
RTVSPropertyOp51
 70
     0
102
RTVSPropertyOp52
 70
     0
102
RTVSPropertyOp53
 70
     1
102
RTVSPropertyOp54
 70
     1
102
RTVSPropertyOp55
 70
     1
102
RTVSPropertyOp56
 70
     1
102
RTVSPropertyOp57
 70
     1
102
RTVSPost2010Prop28
280
     0
102
RTVSPost2010PropOp28
 70
     1
102
RTVSPost2010Prop29
280
     1
102
RTVSPost2010PropOp29
 70
     1
102
RTVSPost2010Prop30
280
     1
102
RTVSPost2010PropOp30
 70
     1
102
RTVSPost2010Prop31
280
     0
102
RTVSPost2010PropOp31
 70
     1
102
RTVSPost2010Prop32
280
     0
102
RTVSPost2010PropOp32
 70
     1
102
RTVSPost2010Prop33
280
     0
102
RTVSPost2010PropOp33
 70
     1
102
RTVSPost2010Prop34
280
     0
102
RTVSPost2010PropOp34
 70
     1
102
RTVSPost2010Prop35
280
     0
102
RTVSPost2010PropOp35
 70
     1
102
RTVSPost2010Prop36
280
     0
102
RTVSPost2010PropOp36
 70
     1
102
RTVSPost2010Prop37
 90
       50
102
RTVSPost2010PropOp37
 70
     1
102
RTVSPost2010Prop38
140
0.0
102
RTVSPost2010PropOp38
 70
     1
102
RTVSPost2010Prop39
140
1.0
102
RTVSPost2010PropOp39
 70
     1
102
RTVSPost2010Prop40
 90
        0
102
RTVSPost2010PropOp40
 70
     1
102
RTVSPost2010Prop41ColorIndex
 90
       18
102
RTVSPost2010Prop41ColorRGB
 90
        0
102
RTVSPost2010PropOp41
 70
     1
102
RTVSPost2010Prop42
 90
       50
102
RTVSPost2010PropOp42
 70
     1
102
RTVSPost2010Prop43
 90
        3
102
RTVSPost2010PropOp43
 70
     1
102
RTVSPost2010Prop44ColorIndex
 90
        5
102
RTVSPost2010Prop44ColorRGB
 90
      255
102
RTVSPost2010PropOp44
 70
     1
102
RTVSPost2010Prop45
280
     0
102
RTVSPost2010PropOp45
 70
     1
102
RTVSPost2010Prop46
 90
       50
102
RTVSPost2010PropOp46
 70
     1
102
RTVSPost2010Prop47
 90
       50
102
RTVSPost2010PropOp47
 70
     1
102
RTVSPost2010Prop48
 90
       50
102
RTVSPost2010PropOp48
 70
     1
102
RTVSPost2010Prop49
280
     0
102
RTVSPost2010PropOp49
 70
     1
102
RTVSPost2010Prop50
 90
       50
102
RTVSPost2010PropOp50
 70
     1
102
RTVSPost2010Prop51ColorIndex
 90
      256
102
RTVSPost2010Prop51ColorRGB
 90
-16777216
102
RTVSPost2010PropOp51
 70
     0
102
RTVSPost2010Prop52
140
1.0
102
RTVSPost2010PropOp52
 70
     0
102
RTVSPost2010Prop53
 90
        2
102
RTVSPost2010PropOp53
 70
     1
102
RTVSPost2010Prop54
  1
strokes_ogs.tif
102
RTVSPost2010PropOp54
 70
     1
102
RTVSPost2010Prop55
280
     0
102
RTVSPost2010PropOp55
 70
     1
102
RTVSPost2010Prop56
140
1.0
102
RTVSPost2010PropOp56
 70
     1
102
RTVSPost2010Prop57
140
1.0
102
RTVSPost2010PropOp57
 70
     1
  0
XRECORD
  5
41B
102
{ACAD_REACTORS
330
41A
102
}
330
41A
100
AcDbXrecord
280
     1
102
RTVSPropertyOp0
 70
     1
102
RTVSPropertyOp1
 70
     1
102
RTVSPropertyOp2
 70
     1
102
RTVSPropertyOp3
 70
     1
102
RTVSPropertyOp4
 70
     1
102
RTVSPropertyOp5
 70
     1
102
RTVSPropertyOp6
 70
     1
102
RTVSPropertyOp7
 70
     1
102
RTVSPropertyOp8
 70
     1
102
RTVSPropertyOp9
 70
     1
102
RTVSPropertyOp10
 70
     1
102
RTVSPropertyOp11
 70
     1
102
RTVSPropertyOp12
 70
     1
102
RTVSPropertyOp13
 70
     1
102
RTVSPropertyOp14
 70
     1
102
RTVSPropertyOp15
 70
     1
102
RTVSPropertyOp16
 70
     1
102
RTVSPropertyOp17
 70
     1
102
RTVSPropertyOp18
 70
     1
102
RTVSPropertyOp19
 70
     1
102
RTVSPropertyOp20
 70
     1
102
RTVSPropertyOp21
 70
     1
102
RTVSPropertyOp22
 70
     1
102
RTVSPropertyOp23
 70
     1
102
RTVSPropertyOp24
 70
     1
102
RTVSPropertyOp25
 70
     1
102
RTVSPropertyOp26
 70
     1
102
RTVSPropertyOp27
 70
     1
102
RTVSPropertyOp28
 70
     1
102
RTVSPropertyOp29
 70
     1
102
RTVSPropertyOp30
 70
     1
102
RTVSPropertyOp31
 70
     1
102
RTVSPropertyOp32
 70
     1
102
RTVSPropertyOp33
 70
     1
102
RTVSPropertyOp34
 70
     1
102
RTVSPropertyOp35
 70
     1
102
RTVSPropertyOp36
 70
     1
102
RTVSPropertyOp37
 70
     1
102
RTVSPropertyOp38
 70
     1
102
RTVSPropertyOp39
 70
     1
102
RTVSPropertyOp40
 70
     1
102
RTVSPropertyOp41
 70
     1
102
RTVSPropertyOp42
 70
     1
102
RTVSPropertyOp43
 70
     1
102
RTVSPropertyOp44
 70
     1
102
RTVSPropertyOp45
 70
     1
102
RTVSPropertyOp46
 70
     1
102
RTVSPropertyOp47
 70
     1
102
RTVSPropertyOp48
 70
     1
102
RTVSPropertyOp49
 70
     1
102
RTVSPropertyOp50
 70
     1
102
RTVSPropertyOp51
 70
     0
102
RTVSPropertyOp52
 70
     0
102
RTVSPropertyOp53
 70
     1
102
RTVSPropertyOp54
 70
     1
102
RTVSPropertyOp55
 70
     1
102
RTVSPropertyOp56
 70
     1
102
RTVSPropertyOp57
 70
     1
102
RTVSPost2010Prop28
280
     0
102
RTVSPost2010PropOp28
 70
     1
102
RTVSPost2010Prop29
280
     1
102
RTVSPost2010PropOp29
 70
     1
102
RTVSPost2010Prop30
280
     1
102
RTVSPost2010PropOp30
 70
     1
102
RTVSPost2010Prop31
280
     0
102
RTVSPost2010PropOp31
 70
     1
102
RTVSPost2010Prop32
280
     0
102
RTVSPost2010PropOp32
 70
     1
102
RTVSPost2010Prop33
280
     0
102
RTVSPost2010PropOp33
 70
     1
102
RTVSPost2010Prop34
280
     0
102
RTVSPost2010PropOp34
 70
     1
102
RTVSPost2010Prop35
280
     0
102
RTVSPost2010PropOp35
 70
     1
102
RTVSPost2010Prop36
280
     0
102
RTVSPost2010PropOp36
 70
     1
102
RTVSPost2010Prop37
 90
       50
102
RTVSPost2010PropOp37
 70
     1
102
RTVSPost2010Prop38
140
0.0
102
RTVSPost2010PropOp38
 70
     1
102
RTVSPost2010Prop39
140
1.0
102
RTVSPost2010PropOp39
 70
     1
102
RTVSPost2010Prop40
 90
        0
102
RTVSPost2010PropOp40
 70
     1
102
RTVSPost2010Prop41ColorIndex
 90
       18
102
RTVSPost2010Prop41ColorRGB
 90
        0
102
RTVSPost2010PropOp41
 70
     1
102
RTVSPost2010Prop42
 90
       50
102
RTVSPost2010PropOp42
 70
     1
102
RTVSPost2010Prop43
 90
        3
102
RTVSPost2010PropOp43
 70
     1
102
RTVSPost2010Prop44ColorIndex
 90
        5
102
RTVSPost2010Prop44ColorRGB
 90
      255
102
RTVSPost2010PropOp44
 70
     1
102
RTVSPost2010Prop45
280
     0
102
RTVSPost2010PropOp45
 70
     1
102
RTVSPost2010Prop46
 90
       50
102
RTVSPost2010PropOp46
 70
     1
102
RTVSPost2010Prop47
 90
       50
102
RTVSPost2010PropOp47
 70
     1
102
RTVSPost2010Prop48
 90
       50
102
RTVSPost2010PropOp48
 70
     1
102
RTVSPost2010Prop49
280
     0
102
RTVSPost2010PropOp49
 70
     1
102
RTVSPost2010Prop50
 90
       50
102
RTVSPost2010PropOp50
 70
     1
102
RTVSPost2010Prop51ColorIndex
 90
      256
102
RTVSPost2010Prop51ColorRGB
 90
-16777216
102
RTVSPost2010PropOp51
 70
     0
102
RTVSPost2010Prop52
140
1.0
102
RTVSPost2010PropOp52
 70
     0
102
RTVSPost2010Prop53
 90
        2
102
RTVSPost2010PropOp53
 70
     1
102
RTVSPost2010Prop54
  1
strokes_ogs.tif
102
RTVSPost2010PropOp54
 70
     1
102
RTVSPost2010Prop55
280
     0
102
RTVSPost2010PropOp55
 70
     1
102
RTVSPost2010Prop56
140
1.0
102
RTVSPost2010PropOp56
 70
     1
102
RTVSPost2010Prop57
140
1.0
102
RTVSPost2010PropOp57
 70
     1
  0
XRECORD
  5
43B
102
{ACAD_REACTORS
330
43A
102
}
330
43A
100
AcDbXrecord
280
     1
102
RTVSPropertyOp0
 70
     1
102
RTVSPropertyOp1
 70
     1
102
RTVSPropertyOp2
 70
     1
102
RTVSPropertyOp3
 70
     1
102
RTVSPropertyOp4
 70
     1
102
RTVSPropertyOp5
 70
     1
102
RTVSPropertyOp6
 70
     1
102
RTVSPropertyOp7
 70
     1
102
RTVSPropertyOp8
 70
     1
102
RTVSPropertyOp9
 70
     1
102
RTVSPropertyOp10
 70
     1
102
RTVSPropertyOp11
 70
     1
102
RTVSPropertyOp12
 70
     1
102
RTVSPropertyOp13
 70
     1
102
RTVSPropertyOp14
 70
     1
102
RTVSPropertyOp15
 70
     1
102
RTVSPropertyOp16
 70
     1
102
RTVSPropertyOp17
 70
     1
102
RTVSPropertyOp18
 70
     1
102
RTVSPropertyOp19
 70
     1
102
RTVSPropertyOp20
 70
     1
102
RTVSPropertyOp21
 70
     1
102
RTVSPropertyOp22
 70
     1
102
RTVSPropertyOp23
 70
     1
102
RTVSPropertyOp24
 70
     1
102
RTVSPropertyOp25
 70
     1
102
RTVSPropertyOp26
 70
     1
102
RTVSPropertyOp27
 70
     1
102
RTVSPropertyOp28
 70
     1
102
RTVSPropertyOp29
 70
     1
102
RTVSPropertyOp30
 70
     1
102
RTVSPropertyOp31
 70
     1
102
RTVSPropertyOp32
 70
     1
102
RTVSPropertyOp33
 70
     1
102
RTVSPropertyOp34
 70
     1
102
RTVSPropertyOp35
 70
     1
102
RTVSPropertyOp36
 70
     1
102
RTVSPropertyOp37
 70
     1
102
RTVSPropertyOp38
 70
     1
102
RTVSPropertyOp39
 70
     1
102
RTVSPropertyOp40
 70
     1
102
RTVSPropertyOp41
 70
     1
102
RTVSPropertyOp42
 70
     1
102
RTVSPropertyOp43
 70
     1
102
RTVSPropertyOp44
 70
     1
102
RTVSPropertyOp45
 70
     1
102
RTVSPropertyOp46
 70
     1
102
RTVSPropertyOp47
 70
     1
102
RTVSPropertyOp48
 70
     1
102
RTVSPropertyOp49
 70
     1
102
RTVSPropertyOp50
 70
     1
102
RTVSPropertyOp51
 70
     0
102
RTVSPropertyOp52
 70
     0
102
RTVSPropertyOp53
 70
     1
102
RTVSPropertyOp54
 70
     1
102
RTVSPropertyOp55
 70
     1
102
RTVSPropertyOp56
 70
     1
102
RTVSPropertyOp57
 70
     1
102
RTVSPost2010Prop28
280
     0
102
RTVSPost2010PropOp28
 70
     1
102
RTVSPost2010Prop29
280
     1
102
RTVSPost2010PropOp29
 70
     1
102
RTVSPost2010Prop30
280
     1
102
RTVSPost2010PropOp30
 70
     1
102
RTVSPost2010Prop31
280
     0
102
RTVSPost2010PropOp31
 70
     1
102
RTVSPost2010Prop32
280
     0
102
RTVSPost2010PropOp32
 70
     1
102
RTVSPost2010Prop33
280
     0
102
RTVSPost2010PropOp33
 70
     1
102
RTVSPost2010Prop34
280
     0
102
RTVSPost2010PropOp34
 70
     1
102
RTVSPost2010Prop35
280
     0
102
RTVSPost2010PropOp35
 70
     1
102
RTVSPost2010Prop36
280
     0
102
RTVSPost2010PropOp36
 70
     1
102
RTVSPost2010Prop37
 90
       50
102
RTVSPost2010PropOp37
 70
     1
102
RTVSPost2010Prop38
140
0.0
102
RTVSPost2010PropOp38
 70
     1
102
RTVSPost2010Prop39
140
1.0
102
RTVSPost2010PropOp39
 70
     1
102
RTVSPost2010Prop40
 90
        0
102
RTVSPost2010PropOp40
 70
     1
102
RTVSPost2010Prop41ColorIndex
 90
       18
102
RTVSPost2010Prop41ColorRGB
 90
        0
102
RTVSPost2010PropOp41
 70
     1
102
RTVSPost2010Prop42
 90
       50
102
RTVSPost2010PropOp42
 70
     1
102
RTVSPost2010Prop43
 90
        3
102
RTVSPost2010PropOp43
 70
     1
102
RTVSPost2010Prop44ColorIndex
 90
        5
102
RTVSPost2010Prop44ColorRGB
 90
      255
102
RTVSPost2010PropOp44
 70
     1
102
RTVSPost2010Prop45
280
     0
102
RTVSPost2010PropOp45
 70
     1
102
RTVSPost2010Prop46
 90
       50
102
RTVSPost2010PropOp46
 70
     1
102
RTVSPost2010Prop47
 90
       50
102
RTVSPost2010PropOp47
 70
     1
102
RTVSPost2010Prop48
 90
       50
102
RTVSPost2010PropOp48
 70
     1
102
RTVSPost2010Prop49
280
     0
102
RTVSPost2010PropOp49
 70
     1
102
RTVSPost2010Prop50
 90
       50
102
RTVSPost2010PropOp50
 70
     1
102
RTVSPost2010Prop51ColorIndex
 90
      256
102
RTVSPost2010Prop51ColorRGB
 90
-16777216
102
RTVSPost2010PropOp51
 70
     0
102
RTVSPost2010Prop52
140
1.0
102
RTVSPost2010PropOp52
 70
     0
102
RTVSPost2010Prop53
 90
        2
102
RTVSPost2010PropOp53
 70
     1
102
RTVSPost2010Prop54
  1
strokes_ogs.tif
102
RTVSPost2010PropOp54
 70
     1
102
RTVSPost2010Prop55
280
     0
102
RTVSPost2010PropOp55
 70
     1
102
RTVSPost2010Prop56
140
1.0
102
RTVSPost2010PropOp56
 70
     1
102
RTVSPost2010Prop57
140
1.0
102
RTVSPost2010PropOp57
 70
     1
  0
ENDSEC
  0
EOF
